-- phpMyAdmin SQL Dump
-- version 4.8.3
-- https://www.phpmyadmin.net/
--
-- Host: 127.0.0.1
-- Waktu pembuatan: 22 Nov 2020 pada 23.31
-- Versi server: 10.1.35-MariaDB
-- Versi PHP: 7.2.9

SET SQL_MODE = "NO_AUTO_VALUE_ON_ZERO";
SET AUTOCOMMIT = 0;
START TRANSACTION;
SET time_zone = "+00:00";


/*!40101 SET @OLD_CHARACTER_SET_CLIENT=@@CHARACTER_SET_CLIENT */;
/*!40101 SET @OLD_CHARACTER_SET_RESULTS=@@CHARACTER_SET_RESULTS */;
/*!40101 SET @OLD_COLLATION_CONNECTION=@@COLLATION_CONNECTION */;
/*!40101 SET NAMES utf8mb4 */;

--
-- Database: `e-commerce_produk_desa`
--

-- --------------------------------------------------------

--
-- Struktur dari tabel `tb_admin`
--

CREATE TABLE `tb_admin` (
  `id` int(11) NOT NULL,
  `nama` text NOT NULL,
  `level` int(11) NOT NULL DEFAULT '1' COMMENT '1=editor,2=admin',
  `username` varchar(100) NOT NULL,
  `password` text NOT NULL
) ENGINE=InnoDB DEFAULT CHARSET=latin1;

--
-- Dumping data untuk tabel `tb_admin`
--

INSERT INTO `tb_admin` (`id`, `nama`, `level`, `username`, `password`) VALUES
(1, 'Demo', 1, 'demotes', '8ea9867eb20d9f62abf20dff2846f6b84c04e60b22eb737d1b811e6d1535032bd8ee4a395ca0fe743b3249391837814c93abb9c6eaaf1049ffcf3825e820d2a2Ljtu8dMrNc6E2bGUnliDLyiO3KlF3D+Skr2+PN9JVqc='),
(2, 'Admin', 2, 'admin', '8283a8720444f03470a5d2dc1e0d57a1ae08f3c06b634be085128be50ba69799eaea7109952b192148402556255be5acdc8e7a2ca5bb46cd8e678a60ee7d7323ibvUZv/l5T/XdAFFNTaCSpRel6OFUw8swUiRrhXo7qQ=');

-- --------------------------------------------------------

--
-- Struktur dari tabel `tb_alamat`
--

CREATE TABLE `tb_alamat` (
  `idalamat` int(11) NOT NULL,
  `usrid` int(11) NOT NULL,
  `status` int(11) NOT NULL COMMENT '1=utama,0=lainnya',
  `idkec` int(11) NOT NULL,
  `judul` text NOT NULL,
  `alamat` text NOT NULL,
  `kodepos` varchar(10) NOT NULL,
  `nama` varchar(100) NOT NULL,
  `nohp` varchar(100) NOT NULL
) ENGINE=InnoDB DEFAULT CHARSET=latin1;

-- --------------------------------------------------------

--
-- Struktur dari tabel `tb_gudang`
--

CREATE TABLE `tb_gudang` (
  `idgudang` int(11) NOT NULL,
  `tgl` datetime NOT NULL,
  `nama` text NOT NULL,
  `idkab` int(11) NOT NULL,
  `keterangan` text NOT NULL,
  `kontak` text NOT NULL,
  `kontak_nohp` varchar(100) NOT NULL
) ENGINE=InnoDB DEFAULT CHARSET=latin1;

-- --------------------------------------------------------

--
-- Struktur dari tabel `tb_historyongkir`
--

CREATE TABLE `tb_historyongkir` (
  `idhistoryongkir` int(11) NOT NULL,
  `dari` int(11) NOT NULL,
  `tujuan` int(11) NOT NULL,
  `service` varchar(100) NOT NULL,
  `harga` int(11) NOT NULL,
  `etd` varchar(20) NOT NULL,
  `kurir` varchar(20) NOT NULL,
  `update` datetime NOT NULL,
  `usrid` int(11) NOT NULL
) ENGINE=InnoDB DEFAULT CHARSET=latin1;

-- --------------------------------------------------------

--
-- Struktur dari tabel `tb_historystok`
--

CREATE TABLE `tb_historystok` (
  `idhistorystok` int(11) NOT NULL,
  `idtransaksi` int(11) NOT NULL,
  `variasi` int(11) NOT NULL,
  `stokawal` int(11) NOT NULL,
  `stokakhir` int(11) NOT NULL,
  `jumlah` int(11) NOT NULL,
  `tgl` datetime NOT NULL,
  `usrid` int(11) NOT NULL
) ENGINE=MyISAM DEFAULT CHARSET=latin1;

-- --------------------------------------------------------

--
-- Struktur dari tabel `tb_historyviews`
--

CREATE TABLE `tb_historyviews` (
  `idhistoryviews` int(11) NOT NULL,
  `tgl` datetime NOT NULL,
  `usrid` int(11) NOT NULL,
  `idproduk` int(11) NOT NULL,
  `idtoko` int(11) NOT NULL
) ENGINE=InnoDB DEFAULT CHARSET=latin1;

-- --------------------------------------------------------

--
-- Struktur dari tabel `tb_kab`
--

CREATE TABLE `tb_kab` (
  `idkab` int(11) NOT NULL,
  `idprov` int(11) NOT NULL,
  `tipe` varchar(300) CHARACTER SET utf8 NOT NULL,
  `nama` text COLLATE utf8_bin NOT NULL,
  `rajaongkir` int(11) NOT NULL,
  `kodepos` int(11) NOT NULL
) ENGINE=InnoDB DEFAULT CHARSET=utf8 COLLATE=utf8_bin;

--
-- Dumping data untuk tabel `tb_kab`
--

INSERT INTO `tb_kab` (`idkab`, `idprov`, `tipe`, `nama`, `rajaongkir`, `kodepos`) VALUES
(1, 1, 'Kabupaten', 'Badung', 17, 80351),
(2, 1, 'Kabupaten', 'Bangli', 32, 80619),
(3, 1, 'Kabupaten', 'Buleleng', 94, 81111),
(4, 1, 'Kota', 'Denpasar', 114, 80227),
(5, 1, 'Kabupaten', 'Gianyar', 128, 80519),
(6, 1, 'Kabupaten', 'Jembrana', 161, 82251),
(7, 1, 'Kabupaten', 'Karangasem', 170, 80819),
(8, 1, 'Kabupaten', 'Klungkung', 197, 80719),
(9, 1, 'Kabupaten', 'Tabanan', 447, 82119),
(10, 2, 'Kabupaten', 'Bangka', 27, 33212),
(11, 2, 'Kabupaten', 'Bangka Barat', 28, 33315),
(12, 2, 'Kabupaten', 'Bangka Selatan', 29, 33719),
(13, 2, 'Kabupaten', 'Bangka Tengah', 30, 33613),
(14, 2, 'Kabupaten', 'Belitung', 56, 33419),
(15, 2, 'Kabupaten', 'Belitung Timur', 57, 33519),
(16, 2, 'Kota', 'Pangkal Pinang', 334, 33115),
(17, 3, 'Kota', 'Cilegon', 106, 42417),
(18, 3, 'Kabupaten', 'Lebak', 232, 42319),
(19, 3, 'Kabupaten', 'Pandeglang', 331, 42212),
(20, 3, 'Kabupaten', 'Serang', 402, 42182),
(21, 3, 'Kota', 'Serang', 403, 42111),
(22, 3, 'Kabupaten', 'Tangerang', 455, 15914),
(23, 3, 'Kota', 'Tangerang', 456, 15111),
(24, 3, 'Kota', 'Tangerang Selatan', 457, 15332),
(25, 4, 'Kota', 'Bengkulu', 62, 38229),
(26, 4, 'Kabupaten', 'Bengkulu Selatan', 63, 38519),
(27, 4, 'Kabupaten', 'Bengkulu Tengah', 64, 38319),
(28, 4, 'Kabupaten', 'Bengkulu Utara', 65, 38619),
(29, 4, 'Kabupaten', 'Kaur', 175, 38911),
(30, 4, 'Kabupaten', 'Kepahiang', 183, 39319),
(31, 4, 'Kabupaten', 'Lebong', 233, 39264),
(32, 4, 'Kabupaten', 'Muko Muko', 294, 38715),
(33, 4, 'Kabupaten', 'Rejang Lebong', 379, 39112),
(34, 4, 'Kabupaten', 'Seluma', 397, 38811),
(35, 5, 'Kabupaten', 'Bantul', 39, 55715),
(36, 5, 'Kabupaten', 'Gunung Kidul', 135, 55812),
(37, 5, 'Kabupaten', 'Kulon Progo', 210, 55611),
(38, 5, 'Kabupaten', 'Sleman', 419, 55513),
(39, 5, 'Kota', 'Yogyakarta', 501, 55111),
(40, 6, 'Kota', 'Jakarta Barat', 151, 11220),
(41, 6, 'Kota', 'Jakarta Pusat', 152, 10540),
(42, 6, 'Kota', 'Jakarta Selatan', 153, 12230),
(43, 6, 'Kota', 'Jakarta Timur', 154, 13330),
(44, 6, 'Kota', 'Jakarta Utara', 155, 14140),
(45, 6, 'Kabupaten', 'Kepulauan Seribu', 189, 14550),
(46, 7, 'Kabupaten', 'Boalemo', 77, 96319),
(47, 7, 'Kabupaten', 'Bone Bolango', 88, 96511),
(48, 7, 'Kabupaten', 'Gorontalo', 129, 96218),
(49, 7, 'Kota', 'Gorontalo', 130, 96115),
(50, 7, 'Kabupaten', 'Gorontalo Utara', 131, 96611),
(51, 7, 'Kabupaten', 'Pohuwato', 361, 96419),
(52, 8, 'Kabupaten', 'Batang Hari', 50, 36613),
(53, 8, 'Kabupaten', 'Bungo', 97, 37216),
(54, 8, 'Kota', 'Jambi', 156, 36111),
(55, 8, 'Kabupaten', 'Kerinci', 194, 37167),
(56, 8, 'Kabupaten', 'Merangin', 280, 37319),
(57, 8, 'Kabupaten', 'Muaro Jambi', 293, 36311),
(58, 8, 'Kabupaten', 'Sarolangun', 393, 37419),
(59, 8, 'Kota', 'Sungaipenuh', 442, 37113),
(60, 8, 'Kabupaten', 'Tanjung Jabung Barat', 460, 36513),
(61, 8, 'Kabupaten', 'Tanjung Jabung Timur', 461, 36719),
(62, 8, 'Kabupaten', 'Tebo', 471, 37519),
(63, 9, 'Kabupaten', 'Bandung', 22, 40311),
(64, 9, 'Kota', 'Bandung', 23, 40111),
(65, 9, 'Kabupaten', 'Bandung Barat', 24, 40721),
(66, 9, 'Kota', 'Banjar', 34, 46311),
(67, 9, 'Kabupaten', 'Bekasi', 54, 17837),
(68, 9, 'Kota', 'Bekasi', 55, 17121),
(69, 9, 'Kabupaten', 'Bogor', 78, 16911),
(70, 9, 'Kota', 'Bogor', 79, 16119),
(71, 9, 'Kabupaten', 'Ciamis', 103, 46211),
(72, 9, 'Kabupaten', 'Cianjur', 104, 43217),
(73, 9, 'Kota', 'Cimahi', 107, 40512),
(74, 9, 'Kabupaten', 'Cirebon', 108, 45611),
(75, 9, 'Kota', 'Cirebon', 109, 45116),
(76, 9, 'Kota', 'Depok', 115, 16416),
(77, 9, 'Kabupaten', 'Garut', 126, 44126),
(78, 9, 'Kabupaten', 'Indramayu', 149, 45214),
(79, 9, 'Kabupaten', 'Karawang', 171, 41311),
(80, 9, 'Kabupaten', 'Kuningan', 211, 45511),
(81, 9, 'Kabupaten', 'Majalengka', 252, 45412),
(82, 9, 'Kabupaten', 'Pangandaran', 332, 46511),
(83, 9, 'Kabupaten', 'Purwakarta', 376, 41119),
(84, 9, 'Kabupaten', 'Subang', 428, 41215),
(85, 9, 'Kabupaten', 'Sukabumi', 430, 43311),
(86, 9, 'Kota', 'Sukabumi', 431, 43114),
(87, 9, 'Kabupaten', 'Sumedang', 440, 45326),
(88, 9, 'Kabupaten', 'Tasikmalaya', 468, 46411),
(89, 9, 'Kota', 'Tasikmalaya', 469, 46116),
(90, 10, 'Kabupaten', 'Banjarnegara', 37, 53419),
(91, 10, 'Kabupaten', 'Banyumas', 41, 53114),
(92, 10, 'Kabupaten', 'Batang', 49, 51211),
(93, 10, 'Kabupaten', 'Blora', 76, 58219),
(94, 10, 'Kabupaten', 'Boyolali', 91, 57312),
(95, 10, 'Kabupaten', 'Brebes', 92, 52212),
(96, 10, 'Kabupaten', 'Cilacap', 105, 53211),
(97, 10, 'Kabupaten', 'Demak', 113, 59519),
(98, 10, 'Kabupaten', 'Grobogan', 134, 58111),
(99, 10, 'Kabupaten', 'Jepara', 163, 59419),
(100, 10, 'Kabupaten', 'Karanganyar', 169, 57718),
(101, 10, 'Kabupaten', 'Kebumen', 177, 54319),
(102, 10, 'Kabupaten', 'Kendal', 181, 51314),
(103, 10, 'Kabupaten', 'Klaten', 196, 57411),
(104, 10, 'Kabupaten', 'Kudus', 209, 59311),
(105, 10, 'Kabupaten', 'Magelang', 249, 56519),
(106, 10, 'Kota', 'Magelang', 250, 56133),
(107, 10, 'Kabupaten', 'Pati', 344, 59114),
(108, 10, 'Kabupaten', 'Pekalongan', 348, 51161),
(109, 10, 'Kota', 'Pekalongan', 349, 51122),
(110, 10, 'Kabupaten', 'Pemalang', 352, 52319),
(111, 10, 'Kabupaten', 'Purbalingga', 375, 53312),
(112, 10, 'Kabupaten', 'Purworejo', 377, 54111),
(113, 10, 'Kabupaten', 'Rembang', 380, 59219),
(114, 10, 'Kota', 'Salatiga', 386, 50711),
(115, 10, 'Kabupaten', 'Semarang', 398, 50511),
(116, 10, 'Kota', 'Semarang', 399, 50135),
(117, 10, 'Kabupaten', 'Sragen', 427, 57211),
(118, 10, 'Kabupaten', 'Sukoharjo', 433, 57514),
(119, 10, 'Kota', 'Surakarta (Solo)', 445, 57113),
(120, 10, 'Kabupaten', 'Tegal', 472, 52419),
(121, 10, 'Kota', 'Tegal', 473, 52114),
(122, 10, 'Kabupaten', 'Temanggung', 476, 56212),
(123, 10, 'Kabupaten', 'Wonogiri', 497, 57619),
(124, 10, 'Kabupaten', 'Wonosobo', 498, 56311),
(125, 11, 'Kabupaten', 'Bangkalan', 31, 69118),
(126, 11, 'Kabupaten', 'Banyuwangi', 42, 68416),
(127, 11, 'Kota', 'Batu', 51, 65311),
(128, 11, 'Kabupaten', 'Blitar', 74, 66171),
(129, 11, 'Kota', 'Blitar', 75, 66124),
(130, 11, 'Kabupaten', 'Bojonegoro', 80, 62119),
(131, 11, 'Kabupaten', 'Bondowoso', 86, 68219),
(132, 11, 'Kabupaten', 'Gresik', 133, 61115),
(133, 11, 'Kabupaten', 'Jember', 160, 68113),
(134, 11, 'Kabupaten', 'Jombang', 164, 61415),
(135, 11, 'Kabupaten', 'Kediri', 178, 64184),
(136, 11, 'Kota', 'Kediri', 179, 64125),
(137, 11, 'Kabupaten', 'Lamongan', 222, 64125),
(138, 11, 'Kabupaten', 'Lumajang', 243, 67319),
(139, 11, 'Kabupaten', 'Madiun', 247, 63153),
(140, 11, 'Kota', 'Madiun', 248, 63122),
(141, 11, 'Kabupaten', 'Magetan', 251, 63314),
(142, 11, 'Kota', 'Malang', 256, 65112),
(143, 11, 'Kabupaten', 'Malang', 255, 65163),
(144, 11, 'Kabupaten', 'Mojokerto', 289, 61382),
(145, 11, 'Kota', 'Mojokerto', 290, 61316),
(146, 11, 'Kabupaten', 'Nganjuk', 305, 64414),
(147, 11, 'Kabupaten', 'Ngawi', 306, 63219),
(148, 11, 'Kabupaten', 'Pacitan', 317, 63512),
(149, 11, 'Kabupaten', 'Pamekasan', 330, 69319),
(150, 11, 'Kabupaten', 'Pasuruan', 342, 67153),
(151, 11, 'Kota', 'Pasuruan', 343, 67118),
(152, 11, 'Kabupaten', 'Ponorogo', 363, 63411),
(153, 11, 'Kabupaten', 'Probolinggo', 369, 67282),
(154, 11, 'Kota', 'Probolinggo', 370, 67215),
(155, 11, 'Kabupaten', 'Sampang', 390, 69219),
(156, 11, 'Kabupaten', 'Sidoarjo', 409, 61219),
(157, 11, 'Kabupaten', 'Situbondo', 418, 68316),
(158, 11, 'Kabupaten', 'Sumenep', 441, 69413),
(159, 11, 'Kota', 'Surabaya', 444, 60119),
(160, 11, 'Kabupaten', 'Trenggalek', 487, 66312),
(161, 11, 'Kabupaten', 'Tuban', 489, 62319),
(162, 11, 'Kabupaten', 'Tulungagung', 492, 66212),
(163, 12, 'Kabupaten', 'Bengkayang', 61, 79213),
(164, 12, 'Kabupaten', 'Kapuas Hulu', 168, 78719),
(165, 12, 'Kabupaten', 'Kayong Utara', 176, 78852),
(166, 12, 'Kabupaten', 'Ketapang', 195, 78874),
(167, 12, 'Kabupaten', 'Kubu Raya', 208, 78311),
(168, 12, 'Kabupaten', 'Landak', 228, 78319),
(169, 12, 'Kabupaten', 'Melawi', 279, 78619),
(170, 12, 'Kabupaten', 'Pontianak', 364, 78971),
(171, 12, 'Kota', 'Pontianak', 365, 78112),
(172, 12, 'Kabupaten', 'Sambas', 388, 79453),
(173, 12, 'Kabupaten', 'Sanggau', 391, 78557),
(174, 12, 'Kabupaten', 'Sekadau', 395, 79583),
(175, 12, 'Kota', 'Singkawang', 415, 79117),
(176, 12, 'Kabupaten', 'Sintang', 417, 78619),
(177, 13, 'Kabupaten', 'Balangan', 18, 71611),
(178, 13, 'Kabupaten', 'Banjar', 33, 70619),
(179, 13, 'Kota', 'Banjarbaru', 35, 70712),
(180, 13, 'Kota', 'Banjarmasin', 36, 70117),
(181, 13, 'Kabupaten', 'Barito Kuala', 43, 70511),
(182, 13, 'Kabupaten', 'Hulu Sungai Selatan', 143, 71212),
(183, 13, 'Kabupaten', 'Hulu Sungai Tengah', 144, 71313),
(184, 13, 'Kabupaten', 'Hulu Sungai Utara', 145, 71419),
(185, 13, 'Kabupaten', 'Kotabaru', 203, 72119),
(186, 13, 'Kabupaten', 'Tabalong', 446, 71513),
(187, 13, 'Kabupaten', 'Tanah Bumbu', 452, 72211),
(188, 13, 'Kabupaten', 'Tanah Laut', 454, 70811),
(189, 13, 'Kabupaten', 'Tapin', 466, 71119),
(190, 14, 'Kabupaten', 'Barito Selatan', 44, 73711),
(191, 14, 'Kabupaten', 'Barito Timur', 45, 73671),
(192, 14, 'Kabupaten', 'Barito Utara', 46, 73881),
(193, 14, 'Kabupaten', 'Gunung Mas', 136, 74511),
(194, 14, 'Kabupaten', 'Kapuas', 167, 73583),
(195, 14, 'Kabupaten', 'Katingan', 174, 74411),
(196, 14, 'Kabupaten', 'Kotawaringin Barat', 205, 74119),
(197, 14, 'Kabupaten', 'Kotawaringin Timur', 206, 74364),
(198, 14, 'Kabupaten', 'Lamandau', 221, 74611),
(199, 14, 'Kabupaten', 'Murung Raya', 296, 73911),
(200, 14, 'Kota', 'Palangka Raya', 326, 73112),
(201, 14, 'Kabupaten', 'Pulang Pisau', 371, 74811),
(202, 14, 'Kabupaten', 'Seruyan', 405, 74211),
(203, 14, 'Kabupaten', 'Sukamara', 432, 74712),
(204, 15, 'Kota', 'Balikpapan', 19, 76111),
(205, 15, 'Kabupaten', 'Berau', 66, 77311),
(206, 15, 'Kota', 'Bontang', 89, 75313),
(207, 15, 'Kabupaten', 'Kutai Barat', 214, 75711),
(208, 15, 'Kabupaten', 'Kutai Kartanegara', 215, 75511),
(209, 15, 'Kabupaten', 'Kutai Timur', 216, 75611),
(210, 15, 'Kabupaten', 'Paser', 341, 76211),
(211, 15, 'Kabupaten', 'Penajam Paser Utara', 354, 76311),
(212, 15, 'Kota', 'Samarinda', 387, 75133),
(213, 16, 'Kabupaten', 'Bulungan (Bulongan)', 96, 77211),
(214, 16, 'Kabupaten', 'Malinau', 257, 77511),
(215, 16, 'Kabupaten', 'Nunukan', 311, 77421),
(216, 16, 'Kabupaten', 'Tana Tidung', 450, 77611),
(217, 16, 'Kota', 'Tarakan', 467, 77114),
(218, 17, 'Kota', 'Batam', 48, 29413),
(219, 17, 'Kabupaten', 'Bintan', 71, 29135),
(220, 17, 'Kabupaten', 'Karimun', 172, 29611),
(221, 17, 'Kabupaten', 'Kepulauan Anambas', 184, 29991),
(222, 17, 'Kabupaten', 'Lingga', 237, 29811),
(223, 17, 'Kabupaten', 'Natuna', 302, 29711),
(224, 17, 'Kota', 'Tanjung Pinang', 462, 29111),
(225, 18, 'Kota', 'Bandar Lampung', 21, 35139),
(226, 18, 'Kabupaten', 'Lampung Barat', 223, 34814),
(227, 18, 'Kabupaten', 'Lampung Selatan', 224, 35511),
(228, 18, 'Kabupaten', 'Lampung Tengah', 225, 34212),
(229, 18, 'Kabupaten', 'Lampung Timur', 226, 34319),
(230, 18, 'Kabupaten', 'Lampung Utara', 227, 34516),
(231, 18, 'Kabupaten', 'Mesuji', 282, 34911),
(232, 18, 'Kota', 'Metro', 283, 34111),
(233, 18, 'Kabupaten', 'Pesawaran', 355, 35312),
(234, 18, 'Kabupaten', 'Pesisir Barat', 356, 35974),
(235, 18, 'Kabupaten', 'Pringsewu', 368, 35719),
(236, 18, 'Kabupaten', 'Tanggamus', 458, 35619),
(237, 18, 'Kabupaten', 'Tulang Bawang', 490, 34613),
(238, 18, 'Kabupaten', 'Tulang Bawang Barat', 491, 34419),
(239, 18, 'Kabupaten', 'Way Kanan', 496, 34711),
(240, 19, 'Kota', 'Ambon', 14, 97222),
(241, 19, 'Kabupaten', 'Buru', 99, 97371),
(242, 19, 'Kabupaten', 'Buru Selatan', 100, 97351),
(243, 19, 'Kabupaten', 'Kepulauan Aru', 185, 97681),
(244, 19, 'Kabupaten', 'Maluku Barat Daya', 258, 97451),
(245, 19, 'Kabupaten', 'Maluku Tengah', 259, 97513),
(246, 19, 'Kabupaten', 'Maluku Tenggara', 260, 97651),
(247, 19, 'Kabupaten', 'Maluku Tenggara Barat', 261, 97465),
(248, 19, 'Kabupaten', 'Seram Bagian Barat', 400, 97561),
(249, 19, 'Kabupaten', 'Seram Bagian Timur', 401, 97581),
(250, 19, 'Kota', 'Tual', 488, 97612),
(251, 20, 'Kabupaten', 'Halmahera Barat', 138, 97757),
(252, 20, 'Kabupaten', 'Halmahera Selatan', 139, 97911),
(253, 20, 'Kabupaten', 'Halmahera Tengah', 140, 97853),
(254, 20, 'Kabupaten', 'Halmahera Timur', 141, 97862),
(255, 20, 'Kabupaten', 'Halmahera Utara', 142, 97762),
(256, 20, 'Kabupaten', 'Kepulauan Sula', 191, 97995),
(257, 20, 'Kabupaten', 'Pulau Morotai', 372, 97771),
(258, 20, 'Kota', 'Ternate', 477, 97714),
(259, 20, 'Kota', 'Tidore Kepulauan', 478, 97815),
(260, 21, 'Kabupaten', 'Aceh Barat', 1, 23681),
(261, 21, 'Kabupaten', 'Aceh Barat Daya', 2, 23764),
(262, 21, 'Kabupaten', 'Aceh Besar', 3, 23951),
(263, 21, 'Kabupaten', 'Aceh Jaya', 4, 23654),
(264, 21, 'Kabupaten', 'Aceh Selatan', 5, 23719),
(265, 21, 'Kabupaten', 'Aceh Singkil', 6, 24785),
(266, 21, 'Kabupaten', 'Aceh Tamiang', 7, 24476),
(267, 21, 'Kabupaten', 'Aceh Tengah', 8, 24511),
(268, 21, 'Kabupaten', 'Aceh Tenggara', 9, 24611),
(269, 21, 'Kabupaten', 'Aceh Timur', 10, 24454),
(270, 21, 'Kabupaten', 'Aceh Utara', 11, 24382),
(271, 21, 'Kota', 'Banda Aceh', 20, 23238),
(272, 21, 'Kabupaten', 'Bener Meriah', 59, 24581),
(273, 21, 'Kabupaten', 'Bireuen', 72, 24219),
(274, 21, 'Kabupaten', 'Gayo Lues', 127, 24653),
(275, 21, 'Kota', 'Langsa', 230, 24412),
(276, 21, 'Kota', 'Lhokseumawe', 235, 24352),
(277, 21, 'Kabupaten', 'Nagan Raya', 300, 23674),
(278, 21, 'Kabupaten', 'Pidie', 358, 24116),
(279, 21, 'Kabupaten', 'Pidie Jaya', 359, 24186),
(280, 21, 'Kota', 'Sabang', 384, 23512),
(281, 21, 'Kabupaten', 'Simeulue', 414, 23891),
(282, 21, 'Kota', 'Subulussalam', 429, 24882),
(283, 22, 'Kabupaten', 'Bima', 68, 84171),
(284, 22, 'Kota', 'Bima', 69, 84139),
(285, 22, 'Kabupaten', 'Dompu', 118, 84217),
(286, 22, 'Kabupaten', 'Lombok Barat', 238, 83311),
(287, 22, 'Kabupaten', 'Lombok Tengah', 239, 83511),
(288, 22, 'Kabupaten', 'Lombok Timur', 240, 83612),
(289, 22, 'Kabupaten', 'Lombok Utara', 241, 83711),
(290, 22, 'Kota', 'Mataram', 276, 83131),
(291, 22, 'Kabupaten', 'Sumbawa', 438, 84315),
(292, 22, 'Kabupaten', 'Sumbawa Barat', 439, 84419),
(293, 23, 'Kabupaten', 'Alor', 13, 85811),
(294, 23, 'Kabupaten', 'Belu', 58, 85711),
(295, 23, 'Kabupaten', 'Ende', 122, 86351),
(296, 23, 'Kabupaten', 'Flores Timur', 125, 86213),
(297, 23, 'Kabupaten', 'Kupang', 212, 85362),
(298, 23, 'Kota', 'Kupang', 213, 85119),
(299, 23, 'Kabupaten', 'Lembata', 234, 86611),
(300, 23, 'Kabupaten', 'Manggarai', 269, 86551),
(301, 23, 'Kabupaten', 'Manggarai Barat', 270, 86711),
(302, 23, 'Kabupaten', 'Manggarai Timur', 271, 86811),
(303, 23, 'Kabupaten', 'Nagekeo', 301, 86911),
(304, 23, 'Kabupaten', 'Ngada', 304, 86413),
(305, 23, 'Kabupaten', 'Rote Ndao', 383, 85982),
(306, 23, 'Kabupaten', 'Sabu Raijua', 385, 85391),
(307, 23, 'Kabupaten', 'Sikka', 412, 86121),
(308, 23, 'Kabupaten', 'Sumba Barat', 434, 87219),
(309, 23, 'Kabupaten', 'Sumba Barat Daya', 435, 87453),
(310, 23, 'Kabupaten', 'Sumba Tengah', 436, 87358),
(311, 23, 'Kabupaten', 'Sumba Timur', 437, 87112),
(312, 23, 'Kabupaten', 'Timor Tengah Selatan', 479, 85562),
(313, 23, 'Kabupaten', 'Timor Tengah Utara', 480, 85612),
(314, 24, 'Kabupaten', 'Asmat', 16, 99777),
(315, 24, 'Kabupaten', 'Biak Numfor', 67, 98119),
(316, 24, 'Kabupaten', 'Boven Digoel', 90, 99662),
(317, 24, 'Kabupaten', 'Deiyai (Deliyai)', 111, 98784),
(318, 24, 'Kabupaten', 'Dogiyai', 117, 98866),
(319, 24, 'Kabupaten', 'Intan Jaya', 150, 98771),
(320, 24, 'Kabupaten', 'Jayapura', 157, 99352),
(321, 24, 'Kota', 'Jayapura', 158, 99114),
(322, 24, 'Kabupaten', 'Jayawijaya', 159, 99511),
(323, 24, 'Kabupaten', 'Keerom', 180, 99461),
(324, 24, 'Kabupaten', 'Kepulauan Yapen (Yapen Waropen)', 193, 98211),
(325, 24, 'Kabupaten', 'Lanny Jaya', 231, 99531),
(326, 24, 'Kabupaten', 'Mamberamo Raya', 263, 99381),
(327, 24, 'Kabupaten', 'Mamberamo Tengah', 264, 99553),
(328, 24, 'Kabupaten', 'Mappi', 274, 99853),
(329, 24, 'Kabupaten', 'Merauke', 281, 99613),
(330, 24, 'Kabupaten', 'Mimika', 284, 99962),
(331, 24, 'Kabupaten', 'Nabire', 299, 98816),
(332, 24, 'Kabupaten', 'Nduga', 303, 99541),
(333, 24, 'Kabupaten', 'Paniai', 335, 98765),
(334, 24, 'Kabupaten', 'Pegunungan Bintang', 347, 99573),
(335, 24, 'Kabupaten', 'Puncak', 373, 98981),
(336, 24, 'Kabupaten', 'Puncak Jaya', 374, 98979),
(337, 24, 'Kabupaten', 'Sarmi', 392, 99373),
(338, 24, 'Kabupaten', 'Supiori', 443, 98164),
(339, 24, 'Kabupaten', 'Tolikara', 484, 99411),
(340, 24, 'Kabupaten', 'Waropen', 495, 98269),
(341, 24, 'Kabupaten', 'Yahukimo', 499, 99041),
(342, 24, 'Kabupaten', 'Yalimo', 500, 99481),
(343, 25, 'Kabupaten', 'Fakfak', 124, 98651),
(344, 25, 'Kabupaten', 'Kaimana', 165, 98671),
(345, 25, 'Kabupaten', 'Manokwari', 272, 98311),
(346, 25, 'Kabupaten', 'Manokwari Selatan', 273, 98355),
(347, 25, 'Kabupaten', 'Maybrat', 277, 98051),
(348, 25, 'Kabupaten', 'Pegunungan Arfak', 346, 98354),
(349, 25, 'Kabupaten', 'Raja Ampat', 378, 98489),
(350, 25, 'Kabupaten', 'Sorong', 424, 98431),
(351, 25, 'Kota', 'Sorong', 425, 98411),
(352, 25, 'Kabupaten', 'Sorong Selatan', 426, 98454),
(353, 25, 'Kabupaten', 'Tambrauw', 449, 98475),
(354, 25, 'Kabupaten', 'Teluk Bintuni', 474, 98551),
(355, 25, 'Kabupaten', 'Teluk Wondama', 475, 98591),
(356, 26, 'Kabupaten', 'Bengkalis', 60, 28719),
(357, 26, 'Kota', 'Dumai', 120, 28811),
(358, 26, 'Kabupaten', 'Indragiri Hilir', 147, 29212),
(359, 26, 'Kabupaten', 'Indragiri Hulu', 148, 29319),
(360, 26, 'Kabupaten', 'Kampar', 166, 28411),
(361, 26, 'Kabupaten', 'Kepulauan Meranti', 187, 28791),
(362, 26, 'Kabupaten', 'Kuantan Singingi', 207, 29519),
(363, 26, 'Kota', 'Pekanbaru', 350, 28112),
(364, 26, 'Kabupaten', 'Pelalawan', 351, 28311),
(365, 26, 'Kabupaten', 'Rokan Hilir', 381, 28992),
(366, 26, 'Kabupaten', 'Rokan Hulu', 382, 28511),
(367, 26, 'Kabupaten', 'Siak', 406, 28623),
(368, 27, 'Kabupaten', 'Majene', 253, 91411),
(369, 27, 'Kabupaten', 'Mamasa', 262, 91362),
(370, 27, 'Kabupaten', 'Mamuju', 265, 91519),
(371, 27, 'Kabupaten', 'Mamuju Utara', 266, 91571),
(372, 27, 'Kabupaten', 'Polewali Mandar', 362, 91311),
(373, 28, 'Kabupaten', 'Bantaeng', 38, 92411),
(374, 28, 'Kabupaten', 'Barru', 47, 90719),
(375, 28, 'Kabupaten', 'Bone', 87, 92713),
(376, 28, 'Kabupaten', 'Bulukumba', 95, 92511),
(377, 28, 'Kabupaten', 'Enrekang', 123, 91719),
(378, 28, 'Kabupaten', 'Gowa', 132, 92111),
(379, 28, 'Kabupaten', 'Jeneponto', 162, 92319),
(380, 28, 'Kabupaten', 'Luwu', 244, 91994),
(381, 28, 'Kabupaten', 'Luwu Timur', 245, 92981),
(382, 28, 'Kabupaten', 'Luwu Utara', 246, 92911),
(383, 28, 'Kota', 'Makassar', 254, 90111),
(384, 28, 'Kabupaten', 'Maros', 275, 90511),
(385, 28, 'Kota', 'Palopo', 328, 91911),
(386, 28, 'Kabupaten', 'Pangkajene Kepulauan', 333, 90611),
(387, 28, 'Kota', 'Parepare', 336, 91123),
(388, 28, 'Kabupaten', 'Pinrang', 360, 91251),
(389, 28, 'Kabupaten', 'Selayar (Kepulauan Selayar)', 396, 92812),
(390, 28, 'Kabupaten', 'Sidenreng Rappang/Rapang', 408, 91613),
(391, 28, 'Kabupaten', 'Sinjai', 416, 92615),
(392, 28, 'Kabupaten', 'Soppeng', 423, 90812),
(393, 28, 'Kabupaten', 'Takalar', 448, 92212),
(394, 28, 'Kabupaten', 'Tana Toraja', 451, 91819),
(395, 28, 'Kabupaten', 'Toraja Utara', 486, 91831),
(396, 28, 'Kabupaten', 'Wajo', 493, 90911),
(397, 29, 'Kabupaten', 'Banggai', 25, 94711),
(398, 29, 'Kabupaten', 'Banggai Kepulauan', 26, 94881),
(399, 29, 'Kabupaten', 'Buol', 98, 94564),
(400, 29, 'Kabupaten', 'Donggala', 119, 94341),
(401, 29, 'Kabupaten', 'Morowali', 291, 94911),
(402, 29, 'Kota', 'Palu', 329, 94111),
(403, 29, 'Kabupaten', 'Parigi Moutong', 338, 94411),
(404, 29, 'Kabupaten', 'Poso', 366, 94615),
(405, 29, 'Kabupaten', 'Sigi', 410, 94364),
(406, 29, 'Kabupaten', 'Tojo Una-Una', 482, 94683),
(407, 29, 'Kabupaten', 'Toli-Toli', 483, 94542),
(408, 30, 'Kota', 'Bau-Bau', 53, 93719),
(409, 30, 'Kabupaten', 'Bombana', 85, 93771),
(410, 30, 'Kabupaten', 'Buton', 101, 93754),
(411, 30, 'Kabupaten', 'Buton Utara', 102, 93745),
(412, 30, 'Kota', 'Kendari', 182, 93126),
(413, 30, 'Kabupaten', 'Kolaka', 198, 93511),
(414, 30, 'Kabupaten', 'Kolaka Utara', 199, 93911),
(415, 30, 'Kabupaten', 'Konawe', 200, 93411),
(416, 30, 'Kabupaten', 'Konawe Selatan', 201, 93811),
(417, 30, 'Kabupaten', 'Konawe Utara', 202, 93311),
(418, 30, 'Kabupaten', 'Muna', 295, 93611),
(419, 30, 'Kabupaten', 'Wakatobi', 494, 93791),
(420, 31, 'Kota', 'Bitung', 73, 95512),
(421, 31, 'Kabupaten', 'Bolaang Mongondow (Bolmong)', 81, 95755),
(422, 31, 'Kabupaten', 'Bolaang Mongondow Selatan', 82, 95774),
(423, 31, 'Kabupaten', 'Bolaang Mongondow Timur', 83, 95783),
(424, 31, 'Kabupaten', 'Bolaang Mongondow Utara', 84, 95765),
(425, 31, 'Kabupaten', 'Kepulauan Sangihe', 188, 95819),
(426, 31, 'Kabupaten', 'Kepulauan Siau Tagulandang Biaro (Sitaro)', 190, 95862),
(427, 31, 'Kabupaten', 'Kepulauan Talaud', 192, 95885),
(428, 31, 'Kota', 'Kotamobagu', 204, 95711),
(429, 31, 'Kota', 'Manado', 267, 95247),
(430, 31, 'Kabupaten', 'Minahasa', 285, 95614),
(431, 31, 'Kabupaten', 'Minahasa Selatan', 286, 95914),
(432, 31, 'Kabupaten', 'Minahasa Tenggara', 287, 95995),
(433, 31, 'Kabupaten', 'Minahasa Utara', 288, 95316),
(434, 31, 'Kota', 'Tomohon', 485, 95416),
(435, 32, 'Kabupaten', 'Agam', 12, 26411),
(436, 32, 'Kota', 'Bukittinggi', 93, 26115),
(437, 32, 'Kabupaten', 'Dharmasraya', 116, 27612),
(438, 32, 'Kabupaten', 'Kepulauan Mentawai', 186, 25771),
(439, 32, 'Kabupaten', 'Lima Puluh Koto/Kota', 236, 26671),
(440, 32, 'Kota', 'Padang', 318, 25112),
(441, 32, 'Kota', 'Padang Panjang', 321, 27122),
(442, 32, 'Kabupaten', 'Padang Pariaman', 322, 25583),
(443, 32, 'Kota', 'Pariaman', 337, 25511),
(444, 32, 'Kabupaten', 'Pasaman', 339, 26318),
(445, 32, 'Kabupaten', 'Pasaman Barat', 340, 26511),
(446, 32, 'Kota', 'Payakumbuh', 345, 26213),
(447, 32, 'Kabupaten', 'Pesisir Selatan', 357, 25611),
(448, 32, 'Kota', 'Sawah Lunto', 394, 27416),
(449, 32, 'Kabupaten', 'Sijunjung (Sawah Lunto Sijunjung)', 411, 27511),
(450, 32, 'Kabupaten', 'Solok', 420, 27365),
(451, 32, 'Kota', 'Solok', 421, 27315),
(452, 32, 'Kabupaten', 'Solok Selatan', 422, 27779),
(453, 32, 'Kabupaten', 'Tanah Datar', 453, 27211),
(454, 33, 'Kabupaten', 'Banyuasin', 40, 30911),
(455, 33, 'Kabupaten', 'Empat Lawang', 121, 31811),
(456, 33, 'Kabupaten', 'Lahat', 220, 31419),
(457, 33, 'Kota', 'Lubuk Linggau', 242, 31614),
(458, 33, 'Kabupaten', 'Muara Enim', 292, 31315),
(459, 33, 'Kabupaten', 'Musi Banyuasin', 297, 30719),
(460, 33, 'Kabupaten', 'Musi Rawas', 298, 31661),
(461, 33, 'Kabupaten', 'Ogan Ilir', 312, 30811),
(462, 33, 'Kabupaten', 'Ogan Komering Ilir', 313, 30618),
(463, 33, 'Kabupaten', 'Ogan Komering Ulu', 314, 32112),
(464, 33, 'Kabupaten', 'Ogan Komering Ulu Selatan', 315, 32211),
(465, 33, 'Kabupaten', 'Ogan Komering Ulu Timur', 316, 32312),
(466, 33, 'Kota', 'Pagar Alam', 324, 31512),
(467, 33, 'Kota', 'Palembang', 327, 30111),
(468, 33, 'Kota', 'Prabumulih', 367, 31121),
(469, 34, 'Kabupaten', 'Asahan', 15, 21214),
(470, 34, 'Kabupaten', 'Batu Bara', 52, 21655),
(471, 34, 'Kota', 'Binjai', 70, 20712),
(472, 34, 'Kabupaten', 'Dairi', 110, 22211),
(473, 34, 'Kabupaten', 'Deli Serdang', 112, 20511),
(474, 34, 'Kota', 'Gunungsitoli', 137, 22813),
(475, 34, 'Kabupaten', 'Humbang Hasundutan', 146, 22457),
(476, 34, 'Kabupaten', 'Karo', 173, 22119),
(477, 34, 'Kabupaten', 'Labuhan Batu', 217, 21412),
(478, 34, 'Kabupaten', 'Labuhan Batu Selatan', 218, 21511),
(479, 34, 'Kabupaten', 'Labuhan Batu Utara', 219, 21711),
(480, 34, 'Kabupaten', 'Langkat', 229, 20811),
(481, 34, 'Kabupaten', 'Mandailing Natal', 268, 22916),
(482, 34, 'Kota', 'Medan', 278, 20228),
(483, 34, 'Kabupaten', 'Nias', 307, 22876),
(484, 34, 'Kabupaten', 'Nias Barat', 308, 22895),
(485, 34, 'Kabupaten', 'Nias Selatan', 309, 22865),
(486, 34, 'Kabupaten', 'Nias Utara', 310, 22856),
(487, 34, 'Kabupaten', 'Padang Lawas', 319, 22763),
(488, 34, 'Kabupaten', 'Padang Lawas Utara', 320, 22753),
(489, 34, 'Kota', 'Padang Sidempuan', 323, 22727),
(490, 34, 'Kabupaten', 'Pakpak Bharat', 325, 22272),
(491, 34, 'Kota', 'Pematang Siantar', 353, 21126),
(492, 34, 'Kabupaten', 'Samosir', 389, 22392),
(493, 34, 'Kabupaten', 'Serdang Bedagai', 404, 20915),
(494, 34, 'Kota', 'Sibolga', 407, 22522),
(495, 34, 'Kabupaten', 'Simalungun', 413, 21162),
(496, 34, 'Kota', 'Tanjung Balai', 459, 21321),
(497, 34, 'Kabupaten', 'Tapanuli Selatan', 463, 22742),
(498, 34, 'Kabupaten', 'Tapanuli Tengah', 464, 22611),
(499, 34, 'Kabupaten', 'Tapanuli Utara', 465, 22414),
(500, 34, 'Kota', 'Tebing Tinggi', 470, 20632),
(501, 34, 'Kabupaten', 'Toba Samosir', 481, 22316);

-- --------------------------------------------------------

--
-- Struktur dari tabel `tb_kategori`
--

CREATE TABLE `tb_kategori` (
  `idkategori` int(11) NOT NULL,
  `parent` int(11) NOT NULL,
  `url` text NOT NULL,
  `nama` text NOT NULL,
  `icon` varchar(500) NOT NULL DEFAULT 'default.png'
) ENGINE=InnoDB DEFAULT CHARSET=latin1;

--
-- Dumping data untuk tabel `tb_kategori`
--

INSERT INTO `tb_kategori` (`idkategori`, `parent`, `url`, `nama`, `icon`) VALUES
(1, 0, 'sepatu', 'sepatu', 'cat_20200903011446.jpg'),
(2, 0, 'jam-tangan', 'jam tangan', 'cat_20200903011524.jpg'),
(3, 0, 'tas-wanita', 'tas wanita', 'cat_20200903011548.jpg'),
(4, 0, 'tas-ransel', 'tas ransel', 'cat_20200903012308.jpg'),
(5, 0, 'kemeja', 'kemeja', 'cat_20200903012607.jpg'),
(6, 0, 'Makanan', 'Makanan', 'cat_20200903012814.jpg'),
(8, 0, 'Seragam', 'Seragam', 'cat_20201006134606.jpg');

-- --------------------------------------------------------

--
-- Struktur dari tabel `tb_kec`
--

CREATE TABLE `tb_kec` (
  `idkec` int(11) NOT NULL,
  `idkab` int(11) NOT NULL,
  `nama` text COLLATE utf8_bin NOT NULL,
  `rajaongkir` int(11) NOT NULL,
  `kodepos` int(11) NOT NULL
) ENGINE=InnoDB DEFAULT CHARSET=utf8 COLLATE=utf8_bin;

--
-- Dumping data untuk tabel `tb_kec`
--

INSERT INTO `tb_kec` (`idkec`, `idkab`, `nama`, `rajaongkir`, `kodepos`) VALUES
(1, 1, 'Abiansemal', 258, 0),
(2, 1, 'Kuta', 259, 0),
(3, 1, 'Kuta Selatan', 260, 0),
(4, 1, 'Kuta Utara', 261, 0),
(5, 1, 'Mengwi', 262, 0),
(6, 1, 'Petang', 263, 0),
(7, 2, 'Bangli', 472, 0),
(8, 2, 'Kintamani', 473, 0),
(9, 2, 'Susut', 474, 0),
(10, 2, 'Tembuku', 475, 0),
(11, 3, 'Banjar', 1279, 0),
(12, 3, 'Buleleng', 1280, 0),
(13, 3, 'Busungbiu', 1281, 0),
(14, 3, 'Gerokgak', 1282, 0),
(15, 3, 'Kubutambahan', 1283, 0),
(16, 3, 'Sawan', 1284, 0),
(17, 3, 'Seririt', 1285, 0),
(18, 3, 'Sukasada', 1286, 0),
(19, 3, 'Tejakula', 1287, 0),
(20, 4, 'Denpasar Barat', 1573, 0),
(21, 4, 'Denpasar Selatan', 1574, 0),
(22, 4, 'Denpasar Timur', 1575, 0),
(23, 4, 'Denpasar Utara', 1576, 0),
(24, 5, 'Belah Batuh (Blahbatuh)', 1764, 0),
(25, 5, 'Gianyar', 1765, 0),
(26, 5, 'Payangan', 1766, 0),
(27, 5, 'Sukawati', 1767, 0),
(28, 5, 'Tampak Siring', 1768, 0),
(29, 5, 'Tegallalang', 1769, 0),
(30, 5, 'Ubud', 1770, 0),
(31, 6, 'Jembrana', 2232, 0),
(32, 6, 'Melaya', 2233, 0),
(33, 6, 'Mendoyo', 2234, 0),
(34, 6, 'Negara', 2235, 0),
(35, 6, 'Pekutatan', 2236, 0),
(36, 7, 'Abang', 2370, 0),
(37, 7, 'Bebandem', 2371, 0),
(38, 7, 'Karang Asem', 2372, 0),
(39, 7, 'Kubu', 2373, 0),
(40, 7, 'Manggis', 2374, 0),
(41, 7, 'Rendang', 2375, 0),
(42, 7, 'Selat', 2376, 0),
(43, 7, 'Sidemen', 2377, 0),
(44, 8, 'Banjarangkan', 2748, 0),
(45, 8, 'Dawan', 2749, 0),
(46, 8, 'Klungkung', 2750, 0),
(47, 8, 'Nusapenida', 2751, 0),
(48, 9, 'Baturiti', 6179, 0),
(49, 9, 'Kediri', 6180, 0),
(50, 9, 'Kerambitan', 6181, 0),
(51, 9, 'Marga', 6182, 0),
(52, 9, 'Penebel', 6183, 0),
(53, 9, 'Pupuan', 6184, 0),
(54, 9, 'Selemadeg', 6185, 0),
(55, 9, 'Selemadeg / Salamadeg Timur', 6186, 0),
(56, 9, 'Selemadeg / Salemadeg Barat', 6187, 0),
(57, 9, 'Tabanan', 6188, 0),
(58, 10, 'Bakam', 426, 0),
(59, 10, 'Belinyu', 427, 0),
(60, 10, 'Mendo Barat', 428, 0),
(61, 10, 'Merawang', 429, 0),
(62, 10, 'Pemali', 430, 0),
(63, 10, 'Puding Besar', 431, 0),
(64, 10, 'Riau Silip', 432, 0),
(65, 10, 'Sungai Liat', 433, 0),
(66, 11, 'Jebus', 434, 0),
(67, 11, 'Kelapa', 435, 0),
(68, 11, 'Mentok (Muntok)', 436, 0),
(69, 11, 'Parittiga', 437, 0),
(70, 11, 'Simpang Teritip', 438, 0),
(71, 11, 'Tempilang', 439, 0),
(72, 12, 'Air Gegas', 440, 0),
(73, 12, 'Kepulauan Pongok', 441, 0),
(74, 12, 'Lepar Pongok', 442, 0),
(75, 12, 'Payung', 443, 0),
(76, 12, 'Pulau Besar', 444, 0),
(77, 12, 'Simpang Rimba', 445, 0),
(78, 12, 'Toboali', 446, 0),
(79, 12, 'Tukak Sadai', 447, 0),
(80, 13, 'Koba', 448, 0),
(81, 13, 'Lubuk Besar', 449, 0),
(82, 13, 'Namang', 450, 0),
(83, 13, 'Pangkalan Baru', 451, 0),
(84, 13, 'Simpang Katis', 452, 0),
(85, 13, 'Sungai Selan', 453, 0),
(86, 14, 'Badau', 761, 0),
(87, 14, 'Membalong', 762, 0),
(88, 14, 'Selat Nasik', 763, 0),
(89, 14, 'Sijuk', 764, 0),
(90, 14, 'Tanjung Pandan', 765, 0),
(91, 15, 'Damar', 766, 0),
(92, 15, 'Dendang', 767, 0),
(93, 15, 'Gantung', 768, 0),
(94, 15, 'Kelapa Kampit', 769, 0),
(95, 15, 'Manggar', 770, 0),
(96, 15, 'Simpang Pesak', 771, 0),
(97, 15, 'Simpang Renggiang', 772, 0),
(98, 16, 'Bukit Intan', 4713, 0),
(99, 16, 'Gabek', 4714, 0),
(100, 16, 'Gerunggang', 4715, 0),
(101, 16, 'Girimaya', 4716, 0),
(102, 16, 'Pangkal Balam', 4717, 0),
(103, 16, 'Rangkui', 4718, 0),
(104, 16, 'Taman Sari', 4719, 0),
(105, 17, 'Cibeber', 1461, 0),
(106, 17, 'Cilegon', 1462, 0),
(107, 17, 'Citangkil', 1463, 0),
(108, 17, 'Ciwandan', 1464, 0),
(109, 17, 'Gerogol', 1465, 0),
(110, 17, 'Jombang', 1466, 0),
(111, 17, 'Pulomerak', 1467, 0),
(112, 17, 'Purwakarta', 1468, 0),
(113, 18, 'Banjarsari', 3298, 0),
(114, 18, 'Bayah', 3299, 0),
(115, 18, 'Bojongmanik', 3300, 0),
(116, 18, 'Cibadak', 3301, 0),
(117, 18, 'Cibeber', 3302, 0),
(118, 18, 'Cigemblong', 3303, 0),
(119, 18, 'Cihara', 3304, 0),
(120, 18, 'Cijaku', 3305, 0),
(121, 18, 'Cikulur', 3306, 0),
(122, 18, 'Cileles', 3307, 0),
(123, 18, 'Cilograng', 3308, 0),
(124, 18, 'Cimarga', 3309, 0),
(125, 18, 'Cipanas', 3310, 0),
(126, 18, 'Cirinten', 3311, 0),
(127, 18, 'Curugbitung', 3312, 0),
(128, 18, 'Gunung Kencana', 3313, 0),
(129, 18, 'Kalanganyar', 3314, 0),
(130, 18, 'Lebakgedong', 3315, 0),
(131, 18, 'Leuwidamar', 3316, 0),
(132, 18, 'Maja', 3317, 0),
(133, 18, 'Malingping', 3318, 0),
(134, 18, 'Muncang', 3319, 0),
(135, 18, 'Panggarangan', 3320, 0),
(136, 18, 'Rangkasbitung', 3321, 0),
(137, 18, 'Sajira', 3322, 0),
(138, 18, 'Sobang', 3323, 0),
(139, 18, 'Wanasalam', 3324, 0),
(140, 18, 'Warunggunung', 3325, 0),
(141, 19, 'Angsana', 4655, 0),
(142, 19, 'Banjar', 4656, 0),
(143, 19, 'Bojong', 4657, 0),
(144, 19, 'Cadasari', 4658, 0),
(145, 19, 'Carita', 4659, 0),
(146, 19, 'Cibaliung', 4660, 0),
(147, 19, 'Cibitung', 4661, 0),
(148, 19, 'Cigeulis', 4662, 0),
(149, 19, 'Cikeudal (Cikedal)', 4663, 0),
(150, 19, 'Cikeusik', 4664, 0),
(151, 19, 'Cimanggu', 4665, 0),
(152, 19, 'Cimanuk', 4666, 0),
(153, 19, 'Cipeucang', 4667, 0),
(154, 19, 'Cisata', 4668, 0),
(155, 19, 'Jiput', 4669, 0),
(156, 19, 'Kaduhejo', 4670, 0),
(157, 19, 'Karang Tanjung', 4671, 0),
(158, 19, 'Koroncong', 4672, 0),
(159, 19, 'Labuan', 4673, 0),
(160, 19, 'Majasari', 4674, 0),
(161, 19, 'Mandalawangi', 4675, 0),
(162, 19, 'Mekarjaya', 4676, 0),
(163, 19, 'Menes', 4677, 0),
(164, 19, 'Munjul', 4678, 0),
(165, 19, 'Pagelaran', 4679, 0),
(166, 19, 'Pandeglang', 4680, 0),
(167, 19, 'Panimbang', 4681, 0),
(168, 19, 'Patia', 4682, 0),
(169, 19, 'Picung', 4683, 0),
(170, 19, 'Pulosari', 4684, 0),
(171, 19, 'Saketi', 4685, 0),
(172, 19, 'Sindangresmi', 4686, 0),
(173, 19, 'Sobang', 4687, 0),
(174, 19, 'Sukaresmi', 4688, 0),
(175, 19, 'Sumur', 4689, 0),
(176, 20, 'Anyar', 5540, 0),
(177, 20, 'Bandung', 5541, 0),
(178, 20, 'Baros', 5542, 0),
(179, 20, 'Binuang', 5543, 0),
(180, 20, 'Bojonegara', 5544, 0),
(181, 20, 'Carenang (Cerenang)', 5545, 0),
(182, 20, 'Cikande', 5546, 0),
(183, 20, 'Cikeusal', 5547, 0),
(184, 20, 'Cinangka', 5548, 0),
(185, 20, 'Ciomas', 5549, 0),
(186, 20, 'Ciruas', 5550, 0),
(187, 20, 'Gunungsari', 5551, 0),
(188, 20, 'Jawilan', 5552, 0),
(189, 20, 'Kibin', 5553, 0),
(190, 20, 'Kopo', 5554, 0),
(191, 20, 'Kragilan', 5555, 0),
(192, 20, 'Kramatwatu', 5556, 0),
(193, 20, 'Lebak Wangi', 5557, 0),
(194, 20, 'Mancak', 5558, 0),
(195, 20, 'Pabuaran', 5559, 0),
(196, 20, 'Padarincang', 5560, 0),
(197, 20, 'Pamarayan', 5561, 0),
(198, 20, 'Petir', 5562, 0),
(199, 20, 'Pontang', 5563, 0),
(200, 20, 'Pulo Ampel', 5564, 0),
(201, 20, 'Tanara', 5565, 0),
(202, 20, 'Tirtayasa', 5566, 0),
(203, 20, 'Tunjung Teja', 5567, 0),
(204, 20, 'Waringin Kurung', 5568, 0),
(205, 21, 'Cipocok Jaya', 5569, 0),
(206, 21, 'Curug', 5570, 0),
(207, 21, 'Kasemen', 5571, 0),
(208, 21, 'Serang', 5572, 0),
(209, 21, 'Taktakan', 5573, 0),
(210, 21, 'Walantaka', 5574, 0),
(211, 22, 'Balaraja', 6268, 0),
(212, 22, 'Cikupa', 6269, 0),
(213, 22, 'Cisauk', 6270, 0),
(214, 22, 'Cisoka', 6271, 0),
(215, 22, 'Curug', 6272, 0),
(216, 22, 'Gunung Kaler', 6273, 0),
(217, 22, 'Jambe', 6274, 0),
(218, 22, 'Jayanti', 6275, 0),
(219, 22, 'Kelapa Dua', 6276, 0),
(220, 22, 'Kemiri', 6277, 0),
(221, 22, 'Kosambi', 6278, 0),
(222, 22, 'Kresek', 6279, 0),
(223, 22, 'Kronjo', 6280, 0),
(224, 22, 'Legok', 6281, 0),
(225, 22, 'Mauk', 6282, 0),
(226, 22, 'Mekar Baru', 6283, 0),
(227, 22, 'Pagedangan', 6284, 0),
(228, 22, 'Pakuhaji', 6285, 0),
(229, 22, 'Panongan', 6286, 0),
(230, 22, 'Pasar Kemis', 6287, 0),
(231, 22, 'Rajeg', 6288, 0),
(232, 22, 'Sepatan', 6289, 0),
(233, 22, 'Sepatan Timur', 6290, 0),
(234, 22, 'Sindang Jaya', 6291, 0),
(235, 22, 'Solear', 6292, 0),
(236, 22, 'Sukadiri', 6293, 0),
(237, 22, 'Sukamulya', 6294, 0),
(238, 22, 'Teluknaga', 6295, 0),
(239, 22, 'Tigaraksa', 6296, 0),
(240, 23, 'Batuceper', 6297, 0),
(241, 23, 'Benda', 6298, 0),
(242, 23, 'Cibodas', 6299, 0),
(243, 23, 'Ciledug', 6300, 0),
(244, 23, 'Cipondoh', 6301, 0),
(245, 23, 'Jatiuwung', 6302, 0),
(246, 23, 'Karang Tengah', 6303, 0),
(247, 23, 'Karawaci', 6304, 0),
(248, 23, 'Larangan', 6305, 0),
(249, 23, 'Neglasari', 6306, 0),
(250, 23, 'Periuk', 6307, 0),
(251, 23, 'Pinang (Penang)', 6308, 0),
(252, 23, 'Tangerang', 6309, 0),
(253, 24, 'Ciputat', 6310, 0),
(254, 24, 'Ciputat Timur', 6311, 0),
(255, 24, 'Pamulang', 6312, 0),
(256, 24, 'Pondok Aren', 6313, 0),
(257, 24, 'Serpong', 6314, 0),
(258, 24, 'Serpong Utara', 6315, 0),
(259, 24, 'Setu', 6316, 0),
(260, 25, 'Gading Cempaka', 832, 0),
(261, 25, 'Kampung Melayu', 833, 0),
(262, 25, 'Muara Bangka Hulu', 834, 0),
(263, 25, 'Ratu Agung', 835, 0),
(264, 25, 'Ratu Samban', 836, 0),
(265, 25, 'Selebar', 837, 0),
(266, 25, 'Singaran Pati', 838, 0),
(267, 25, 'Sungai Serut', 839, 0),
(268, 25, 'Teluk Segara', 840, 0),
(269, 26, 'Air Nipis', 841, 0),
(270, 26, 'Bunga Mas', 842, 0),
(271, 26, 'Kedurang', 843, 0),
(272, 26, 'Kedurang Ilir', 844, 0),
(273, 26, 'Kota Manna', 845, 0),
(274, 26, 'Manna', 846, 0),
(275, 26, 'Pasar Manna', 847, 0),
(276, 26, 'Pino', 848, 0),
(277, 26, 'Pinoraya', 849, 0),
(278, 26, 'Seginim', 850, 0),
(279, 26, 'Ulu Manna', 851, 0),
(280, 27, 'Bang Haji', 852, 0),
(281, 27, 'Karang Tinggi', 853, 0),
(282, 27, 'Merigi Kelindang', 854, 0),
(283, 27, 'Merigi Sakti', 855, 0),
(284, 27, 'Pagar Jati', 856, 0),
(285, 27, 'Pematang Tiga', 857, 0),
(286, 27, 'Pondok Kelapa', 858, 0),
(287, 27, 'Pondok Kubang', 859, 0),
(288, 27, 'Taba Penanjung', 860, 0),
(289, 27, 'Talang Empat', 861, 0),
(290, 28, 'Air Besi', 862, 0),
(291, 28, 'Air Napal', 863, 0),
(292, 28, 'Air Padang', 864, 0),
(293, 28, 'Arga Makmur', 865, 0),
(294, 28, 'Arma Jaya', 866, 0),
(295, 28, 'Batik Nau', 867, 0),
(296, 28, 'Enggano', 868, 0),
(297, 28, 'Giri Mulia', 869, 0),
(298, 28, 'Hulu Palik', 870, 0),
(299, 28, 'Kerkap', 871, 0),
(300, 28, 'Ketahun', 872, 0),
(301, 28, 'Lais', 873, 0),
(302, 28, 'Napal Putih', 874, 0),
(303, 28, 'Padang Jaya', 875, 0),
(304, 28, 'Putri Hijau', 876, 0),
(305, 28, 'Tanjung Agung Palik', 877, 0),
(306, 28, 'Ulok Kupai', 878, 0),
(307, 29, 'Kaur Selatan', 2450, 0),
(308, 29, 'Kaur Tengah', 2451, 0),
(309, 29, 'Kaur Utara', 2452, 0),
(310, 29, 'Kelam Tengah', 2453, 0),
(311, 29, 'Kinal', 2454, 0),
(312, 29, 'Luas', 2455, 0),
(313, 29, 'Lungkang Kule', 2456, 0),
(314, 29, 'Maje', 2457, 0),
(315, 29, 'Muara Sahung', 2458, 0),
(316, 29, 'Nasal', 2459, 0),
(317, 29, 'Padang Guci Hilir', 2460, 0),
(318, 29, 'Padang Guci Hulu', 2461, 0),
(319, 29, 'Semidang Gumai (Gumay)', 2462, 0),
(320, 29, 'Tanjung Kemuning', 2463, 0),
(321, 29, 'Tetap (Muara Tetap)', 2464, 0),
(322, 30, 'Bermani Ilir', 2563, 0),
(323, 30, 'Kebawetan (Kabawetan)', 2564, 0),
(324, 30, 'Kepahiang', 2565, 0),
(325, 30, 'Merigi', 2566, 0),
(326, 30, 'Muara Kemumu', 2567, 0),
(327, 30, 'Seberang Musi', 2568, 0),
(328, 30, 'Tebat Karai', 2569, 0),
(329, 30, 'Ujan Mas', 2570, 0),
(330, 31, 'Amen', 3326, 0),
(331, 31, 'Bingin Kuning', 3327, 0),
(332, 31, 'Lebong Atas', 3328, 0),
(333, 31, 'Lebong Sakti', 3329, 0),
(334, 31, 'Lebong Selatan', 3330, 0),
(335, 31, 'Lebong Tengah', 3331, 0),
(336, 31, 'Lebong Utara', 3332, 0),
(337, 31, 'Pelabai', 3333, 0),
(338, 31, 'Pinang Belapis', 3334, 0),
(339, 31, 'Rimbo Pengadang', 3335, 0),
(340, 31, 'Topos', 3336, 0),
(341, 31, 'Uram Jaya', 3337, 0),
(342, 32, 'Air Dikit', 4142, 0),
(343, 32, 'Air Majunto', 4143, 0),
(344, 32, 'Air Rami', 4144, 0),
(345, 32, 'Ipuh (Muko-Muko Selatan)', 4145, 0),
(346, 32, 'Kota Mukomuko (Mukomuko Utara)', 4146, 0),
(347, 32, 'Lubuk Pinang', 4147, 0),
(348, 32, 'Malin Deman', 4148, 0),
(349, 32, 'Penarik', 4149, 0),
(350, 32, 'Pondok Suguh', 4150, 0),
(351, 32, 'Selagan Raya', 4151, 0),
(352, 32, 'Sungai Rumbai', 4152, 0),
(353, 32, 'Teramang Jaya', 4153, 0),
(354, 32, 'Teras Terunjam', 4154, 0),
(355, 32, 'V Koto', 4155, 0),
(356, 32, 'XIV Koto', 4156, 0),
(357, 33, 'Bermani Ulu', 5274, 0),
(358, 33, 'Bermani Ulu Raya', 5275, 0),
(359, 33, 'Binduriang', 5276, 0),
(360, 33, 'Curup', 5277, 0),
(361, 33, 'Curup Selatan', 5278, 0),
(362, 33, 'Curup Tengah', 5279, 0),
(363, 33, 'Curup Timur', 5280, 0),
(364, 33, 'Curup Utara', 5281, 0),
(365, 33, 'Kota Padang', 5282, 0),
(366, 33, 'Padang Ulak Tanding', 5283, 0),
(367, 33, 'Selupu Rejang', 5284, 0),
(368, 33, 'Sindang Beliti Ilir', 5285, 0),
(369, 33, 'Sindang Beliti Ulu', 5286, 0),
(370, 33, 'Sindang Daratan', 5287, 0),
(371, 33, 'Sindang Kelingi', 5288, 0),
(372, 34, 'Air Periukan', 5465, 0),
(373, 34, 'Ilir Talo', 5466, 0),
(374, 34, 'Lubuk Sandi', 5467, 0),
(375, 34, 'Seluma', 5468, 0),
(376, 34, 'Seluma Barat', 5469, 0),
(377, 34, 'Seluma Selatan', 5470, 0),
(378, 34, 'Seluma Timur', 5471, 0),
(379, 34, 'Seluma Utara', 5472, 0),
(380, 34, 'Semidang Alas', 5473, 0),
(381, 34, 'Semidang Alas Maras', 5474, 0),
(382, 34, 'Sukaraja', 5475, 0),
(383, 34, 'Talo', 5476, 0),
(384, 34, 'Talo Kecil', 5477, 0),
(385, 34, 'Ulu Talo', 5478, 0),
(386, 35, 'Bambang Lipuro', 537, 0),
(387, 35, 'Banguntapan', 538, 0),
(388, 35, 'Bantul', 539, 0),
(389, 35, 'Dlingo', 540, 0),
(390, 35, 'Imogiri', 541, 0),
(391, 35, 'Jetis', 542, 0),
(392, 35, 'Kasihan', 543, 0),
(393, 35, 'Kretek', 544, 0),
(394, 35, 'Pajangan', 545, 0),
(395, 35, 'Pandak', 546, 0),
(396, 35, 'Piyungan', 547, 0),
(397, 35, 'Pleret', 548, 0),
(398, 35, 'Pundong', 549, 0),
(399, 35, 'Sanden', 550, 0),
(400, 35, 'Sedayu', 551, 0),
(401, 35, 'Sewon', 552, 0),
(402, 35, 'Srandakan', 553, 0),
(403, 36, 'Gedang Sari', 1865, 0),
(404, 36, 'Girisubo', 1866, 0),
(405, 36, 'Karangmojo', 1867, 0),
(406, 36, 'Ngawen', 1868, 0),
(407, 36, 'Nglipar', 1869, 0),
(408, 36, 'Paliyan', 1870, 0),
(409, 36, 'Panggang', 1871, 0),
(410, 36, 'Patuk', 1872, 0),
(411, 36, 'Playen', 1873, 0),
(412, 36, 'Ponjong', 1874, 0),
(413, 36, 'Purwosari', 1875, 0),
(414, 36, 'Rongkop', 1876, 0),
(415, 36, 'Sapto Sari', 1877, 0),
(416, 36, 'Semanu', 1878, 0),
(417, 36, 'Semin', 1879, 0),
(418, 36, 'Tanjungsari', 1880, 0),
(419, 36, 'Tepus', 1881, 0),
(420, 36, 'Wonosari', 1882, 0),
(421, 37, 'Galur', 2930, 0),
(422, 37, 'Girimulyo', 2931, 0),
(423, 37, 'Kalibawang', 2932, 0),
(424, 37, 'Kokap', 2933, 0),
(425, 37, 'Lendah', 2934, 0),
(426, 37, 'Nanggulan', 2935, 0),
(427, 37, 'Panjatan', 2936, 0),
(428, 37, 'Pengasih', 2937, 0),
(429, 37, 'Samigaluh', 2938, 0),
(430, 37, 'Sentolo', 2939, 0),
(431, 37, 'Temon', 2940, 0),
(432, 37, 'Wates', 2941, 0),
(433, 38, 'Berbah', 5779, 0),
(434, 38, 'Cangkringan', 5780, 0),
(435, 38, 'Depok', 5781, 0),
(436, 38, 'Gamping', 5782, 0),
(437, 38, 'Godean', 5783, 0),
(438, 38, 'Kalasan', 5784, 0),
(439, 38, 'Minggir', 5785, 0),
(440, 38, 'Mlati', 5786, 0),
(441, 38, 'Moyudan', 5787, 0),
(442, 38, 'Ngaglik', 5788, 0),
(443, 38, 'Ngemplak', 5789, 0),
(444, 38, 'Pakem', 5790, 0),
(445, 38, 'Prambanan', 5791, 0),
(446, 38, 'Seyegan', 5792, 0),
(447, 38, 'Sleman', 5793, 0),
(448, 38, 'Tempel', 5794, 0),
(449, 38, 'Turi', 5795, 0),
(450, 39, 'Danurejan', 6981, 0),
(451, 39, 'Gedong Tengen', 6982, 0),
(452, 39, 'Gondokusuman', 6983, 0),
(453, 39, 'Gondomanan', 6984, 0),
(454, 39, 'Jetis', 6985, 0),
(455, 39, 'Kotagede', 6986, 0),
(456, 39, 'Kraton', 6987, 0),
(457, 39, 'Mantrijeron', 6988, 0),
(458, 39, 'Mergangsan', 6989, 0),
(459, 39, 'Ngampilan', 6990, 0),
(460, 39, 'Pakualaman', 6991, 0),
(461, 39, 'Tegalrejo', 6992, 0),
(462, 39, 'Umbulharjo', 6993, 0),
(463, 39, 'Wirobrajan', 6994, 0),
(464, 40, 'Cengkareng', 2087, 0),
(465, 40, 'Grogol Petamburan', 2088, 0),
(466, 40, 'Kalideres', 2089, 0),
(467, 40, 'Kebon Jeruk', 2090, 0),
(468, 40, 'Kembangan', 2091, 0),
(469, 40, 'Palmerah', 2092, 0),
(470, 40, 'Taman Sari', 2093, 0),
(471, 40, 'Tambora', 2094, 0),
(472, 41, 'Cempaka Putih', 2095, 0),
(473, 41, 'Gambir', 2096, 0),
(474, 41, 'Johar Baru', 2097, 0),
(475, 41, 'Kemayoran', 2098, 0),
(476, 41, 'Menteng', 2099, 0),
(477, 41, 'Sawah Besar', 2100, 0),
(478, 41, 'Senen', 2101, 0),
(479, 41, 'Tanah Abang', 2102, 0),
(480, 42, 'Cilandak', 2103, 0),
(481, 42, 'Jagakarsa', 2104, 0),
(482, 42, 'Kebayoran Baru', 2105, 0),
(483, 42, 'Kebayoran Lama', 2106, 0),
(484, 42, 'Mampang Prapatan', 2107, 0),
(485, 42, 'Pancoran', 2108, 0),
(486, 42, 'Pasar Minggu', 2109, 0),
(487, 42, 'Pesanggrahan', 2110, 0),
(488, 42, 'Setia Budi', 2111, 0),
(489, 42, 'Tebet', 2112, 0),
(490, 43, 'Cakung', 2113, 0),
(491, 43, 'Cipayung', 2114, 0),
(492, 43, 'Ciracas', 2115, 0),
(493, 43, 'Duren Sawit', 2116, 0),
(494, 43, 'Jatinegara', 2117, 0),
(495, 43, 'Kramat Jati', 2118, 0),
(496, 43, 'Makasar', 2119, 0),
(497, 43, 'Matraman', 2120, 0),
(498, 43, 'Pasar Rebo', 2121, 0),
(499, 43, 'Pulo Gadung', 2122, 0),
(500, 44, 'Cilincing', 2123, 0),
(501, 44, 'Kelapa Gading', 2124, 0),
(502, 44, 'Koja', 2125, 0),
(503, 44, 'Pademangan', 2126, 0),
(504, 44, 'Penjaringan', 2127, 0),
(505, 44, 'Tanjung Priok', 2128, 0),
(506, 45, 'Kepulauan Seribu Selatan', 2622, 0),
(507, 45, 'Kepulauan Seribu Utara', 2623, 0),
(508, 46, 'Botumoita (Botumoito)', 1015, 0),
(509, 46, 'Dulupi', 1016, 0),
(510, 46, 'Mananggu', 1017, 0),
(511, 46, 'Paguyaman', 1018, 0),
(512, 46, 'Paguyaman Pantai', 1019, 0),
(513, 46, 'Tilamuta', 1020, 0),
(514, 46, 'Wonosari', 1021, 0),
(515, 47, 'Bone', 1199, 0),
(516, 47, 'Bone Raya', 1200, 0),
(517, 47, 'Bonepantai', 1201, 0),
(518, 47, 'Botu Pingge', 1202, 0),
(519, 47, 'Bulango Selatan', 1203, 0),
(520, 47, 'Bulango Timur', 1204, 0),
(521, 47, 'Bulango Ulu', 1205, 0),
(522, 47, 'Bulango Utara', 1206, 0),
(523, 47, 'Bulawa', 1207, 0),
(524, 47, 'Kabila', 1208, 0),
(525, 47, 'Kabila Bone', 1209, 0),
(526, 47, 'Pinogu', 1210, 0),
(527, 47, 'Suwawa', 1211, 0),
(528, 47, 'Suwawa Selatan', 1212, 0),
(529, 47, 'Suwawa Tengah', 1213, 0),
(530, 47, 'Suwawa Timur', 1214, 0),
(531, 47, 'Tapa', 1215, 0),
(532, 47, 'Tilongkabila', 1216, 0),
(533, 48, 'Asparaga', 1771, 0),
(534, 48, 'Batudaa', 1772, 0),
(535, 48, 'Batudaa Pantai', 1773, 0),
(536, 48, 'Bilato', 1774, 0),
(537, 48, 'Biluhu', 1775, 0),
(538, 48, 'Boliohuto (Boliyohuto)', 1776, 0),
(539, 48, 'Bongomeme', 1777, 0),
(540, 48, 'Dungaliyo', 1778, 0),
(541, 48, 'Limboto', 1779, 0),
(542, 48, 'Limboto Barat', 1780, 0),
(543, 48, 'Mootilango', 1781, 0),
(544, 48, 'Pulubala', 1782, 0),
(545, 48, 'Tabongo', 1783, 0),
(546, 48, 'Telaga', 1784, 0),
(547, 48, 'Telaga Biru', 1785, 0),
(548, 48, 'Telaga Jaya', 1786, 0),
(549, 48, 'Tibawa', 1787, 0),
(550, 48, 'Tilango', 1788, 0),
(551, 48, 'Tolangohula', 1789, 0),
(552, 49, 'Dumbo Raya', 1790, 0),
(553, 49, 'Dungingi', 1791, 0),
(554, 49, 'Hulonthalangi', 1792, 0),
(555, 49, 'Kota Barat', 1793, 0),
(556, 49, 'Kota Selatan', 1794, 0),
(557, 49, 'Kota Tengah', 1795, 0),
(558, 49, 'Kota Timur', 1796, 0),
(559, 49, 'Kota Utara', 1797, 0),
(560, 49, 'Sipatana', 1798, 0),
(561, 50, 'Anggrek', 1799, 0),
(562, 50, 'Atinggola', 1800, 0),
(563, 50, 'Biau', 1801, 0),
(564, 50, 'Gentuma Raya', 1802, 0),
(565, 50, 'Kwandang', 1803, 0),
(566, 50, 'Monano', 1804, 0),
(567, 50, 'Ponelo Kepulauan', 1805, 0),
(568, 50, 'Sumalata', 1806, 0),
(569, 50, 'Sumalata Timur', 1807, 0),
(570, 50, 'Tolinggula', 1808, 0),
(571, 50, 'Tomolito', 1809, 0),
(572, 51, 'Buntulia', 5042, 0),
(573, 51, 'Dengilo', 5043, 0),
(574, 51, 'Duhiadaa', 5044, 0),
(575, 51, 'Lemito', 5045, 0),
(576, 51, 'Marisa', 5046, 0),
(577, 51, 'Paguat', 5047, 0),
(578, 51, 'Patilanggio', 5048, 0),
(579, 51, 'Popayato', 5049, 0),
(580, 51, 'Popayato Barat', 5050, 0),
(581, 51, 'Popayato Timur', 5051, 0),
(582, 51, 'Randangan', 5052, 0),
(583, 51, 'Taluditi (Taluduti)', 5053, 0),
(584, 51, 'Wanggarasi', 5054, 0),
(585, 52, 'Bajubang', 700, 0),
(586, 52, 'Batin XXIV', 701, 0),
(587, 52, 'Maro Sebo Ilir', 702, 0),
(588, 52, 'Maro Sebo Ulu', 703, 0),
(589, 52, 'Mersam', 704, 0),
(590, 52, 'Muara Bulian', 705, 0),
(591, 52, 'Muara Tembesi', 706, 0),
(592, 52, 'Pemayung', 707, 0),
(593, 53, 'Bathin II Babeko', 1308, 0),
(594, 53, 'Bathin II Pelayang', 1309, 0),
(595, 53, 'Bathin III', 1310, 0),
(596, 53, 'Bathin III Ulu', 1311, 0),
(597, 53, 'Bungo Dani', 1312, 0),
(598, 53, 'Jujuhan', 1313, 0),
(599, 53, 'Jujuhan Ilir', 1314, 0),
(600, 53, 'Limbur Lubuk Mengkuang', 1315, 0),
(601, 53, 'Muko-Muko Batin VII', 1316, 0),
(602, 53, 'Pasar Muara Bungo', 1317, 0),
(603, 53, 'Pelepat', 1318, 0),
(604, 53, 'Pelepat Ilir', 1319, 0),
(605, 53, 'Rantau Pandan', 1320, 0),
(606, 53, 'Rimbo Tengah', 1321, 0),
(607, 53, 'Tanah Sepenggal', 1322, 0),
(608, 53, 'Tanah Sepenggal Lintas', 1323, 0),
(609, 53, 'Tanah Tumbuh', 1324, 0),
(610, 54, 'Danau Teluk', 2129, 0),
(611, 54, 'Jambi Selatan', 2130, 0),
(612, 54, 'Jambi Timur', 2131, 0),
(613, 54, 'Jelutung', 2132, 0),
(614, 54, 'Kota Baru', 2133, 0),
(615, 54, 'Pasar Jambi', 2134, 0),
(616, 54, 'Pelayangan', 2135, 0),
(617, 54, 'Telanaipura', 2136, 0),
(618, 55, 'Air Hangat', 2686, 0),
(619, 55, 'Air Hangat Barat', 2687, 0),
(620, 55, 'Air Hangat Timur', 2688, 0),
(621, 55, 'Batang Merangin', 2689, 0),
(622, 55, 'Bukitkerman', 2690, 0),
(623, 55, 'Danau Kerinci', 2691, 0),
(624, 55, 'Depati Tujuh', 2692, 0),
(625, 55, 'Gunung Kerinci', 2693, 0),
(626, 55, 'Gunung Raya', 2694, 0),
(627, 55, 'Gunung Tujuh', 2695, 0),
(628, 55, 'Kayu Aro', 2696, 0),
(629, 55, 'Kayu Aro Barat', 2697, 0),
(630, 55, 'Keliling Danau', 2698, 0),
(631, 55, 'Sitinjau Laut', 2699, 0),
(632, 55, 'Siulak', 2700, 0),
(633, 55, 'Siulak Mukai', 2701, 0),
(634, 56, 'Bangko', 3938, 0),
(635, 56, 'Bangko Barat', 3939, 0),
(636, 56, 'Batang Masumai', 3940, 0),
(637, 56, 'Jangkat', 3941, 0),
(638, 56, 'Lembah Masurai', 3942, 0),
(639, 56, 'Margo Tabir', 3943, 0),
(640, 56, 'Muara Siau', 3944, 0),
(641, 56, 'Nalo Tantan', 3945, 0),
(642, 56, 'Pamenang', 3946, 0),
(643, 56, 'Pamenang Barat', 3947, 0),
(644, 56, 'Pamenang Selatan', 3948, 0),
(645, 56, 'Pangkalan Jambu', 3949, 0),
(646, 56, 'Renah Pembarap', 3950, 0),
(647, 56, 'Renah Pemenang', 3951, 0),
(648, 56, 'Sungai Manau', 3952, 0),
(649, 56, 'Sungai Tenang', 3953, 0),
(650, 56, 'Tabir', 3954, 0),
(651, 56, 'Tabir Barat', 3955, 0),
(652, 56, 'Tabir Ilir', 3956, 0),
(653, 56, 'Tabir Lintas', 3957, 0),
(654, 56, 'Tabir Selatan', 3958, 0),
(655, 56, 'Tabir Timur', 3959, 0),
(656, 56, 'Tabir Ulu', 3960, 0),
(657, 56, 'Tiang Pumpung', 3961, 0),
(658, 57, 'Bahar Selatan', 4131, 0),
(659, 57, 'Bahar Utara', 4132, 0),
(660, 57, 'Jambi Luar Kota', 4133, 0),
(661, 57, 'Kumpeh', 4134, 0),
(662, 57, 'Kumpeh Ulu', 4135, 0),
(663, 57, 'Maro Sebo', 4136, 0),
(664, 57, 'Mestong', 4137, 0),
(665, 57, 'Sekernan', 4138, 0),
(666, 57, 'Sungai Bahar', 4139, 0),
(667, 57, 'Sungai Gelam', 4140, 0),
(668, 57, 'Taman Rajo / Rejo', 4141, 0),
(669, 58, 'Air Hitam', 5433, 0),
(670, 58, 'Batang Asai', 5434, 0),
(671, 58, 'Bathin VIII (Batin VIII)', 5435, 0),
(672, 58, 'Cermin Nan Gadang', 5436, 0),
(673, 58, 'Limun', 5437, 0),
(674, 58, 'Mandiangin', 5438, 0),
(675, 58, 'Pauh', 5439, 0),
(676, 58, 'Pelawan', 5440, 0),
(677, 58, 'Sarolangun', 5441, 0),
(678, 58, 'Singkut', 5442, 0),
(679, 59, 'Hamparan Rawang', 6118, 0),
(680, 59, 'Koto Baru', 6119, 0),
(681, 59, 'Kumun Debai', 6120, 0),
(682, 59, 'Pesisir Bukit', 6121, 0),
(683, 59, 'Pondok Tinggi', 6122, 0),
(684, 59, 'Sungai Bungkal', 6123, 0),
(685, 59, 'Sungai Penuh', 6124, 0),
(686, 59, 'Tanah Kampung', 6125, 0),
(687, 60, 'Batang Asam', 6343, 0),
(688, 60, 'Betara', 6344, 0),
(689, 60, 'Bram Itam', 6345, 0),
(690, 60, 'Kuala Betara', 6346, 0),
(691, 60, 'Merlung', 6347, 0),
(692, 60, 'Muara Papalik', 6348, 0),
(693, 60, 'Pengabuan', 6349, 0),
(694, 60, 'Renah Mendaluh', 6350, 0),
(695, 60, 'Seberang Kota', 6351, 0),
(696, 60, 'Senyerang', 6352, 0),
(697, 60, 'Tebing Tinggi', 6353, 0),
(698, 60, 'Tungkal Ilir', 6354, 0),
(699, 60, 'Tungkal Ulu', 6355, 0),
(700, 61, 'Berbak', 6356, 0),
(701, 61, 'Dendang', 6357, 0),
(702, 61, 'Geragai', 6358, 0),
(703, 61, 'Kuala Jambi', 6359, 0),
(704, 61, 'Mendahara', 6360, 0),
(705, 61, 'Mendahara Ulu', 6361, 0),
(706, 61, 'Muara Sabak Barat', 6362, 0),
(707, 61, 'Muara Sabak Timur', 6363, 0),
(708, 61, 'Nipah Panjang', 6364, 0),
(709, 61, 'Rantau Rasau', 6365, 0),
(710, 61, 'Sadu', 6366, 0),
(711, 62, 'Muara Tabir', 6490, 0),
(712, 62, 'Rimbo Bujang', 6491, 0),
(713, 62, 'Rimbo Ilir', 6492, 0),
(714, 62, 'Rimbo Ulu', 6493, 0),
(715, 62, 'Serai Serumpun', 6494, 0),
(716, 62, 'Sumay', 6495, 0),
(717, 62, 'Tebo Ilir', 6496, 0),
(718, 62, 'Tebo Tengah', 6497, 0),
(719, 62, 'Tebo Ulu', 6498, 0),
(720, 62, 'Tengah Ilir', 6499, 0),
(721, 62, 'VII Koto', 6500, 0),
(722, 62, 'VII Koto Ilir', 6501, 0),
(723, 63, 'Arjasari', 307, 0),
(724, 63, 'Baleendah', 308, 0),
(725, 63, 'Banjaran', 309, 0),
(726, 63, 'Bojongsoang', 310, 0),
(727, 63, 'Cangkuang', 311, 0),
(728, 63, 'Cicalengka', 312, 0),
(729, 63, 'Cikancung', 313, 0),
(730, 63, 'Cilengkrang', 314, 0),
(731, 63, 'Cileunyi', 315, 0),
(732, 63, 'Cimaung', 316, 0),
(733, 63, 'Cimeunyan', 317, 0),
(734, 63, 'Ciparay', 318, 0),
(735, 63, 'Ciwidey', 319, 0),
(736, 63, 'Dayeuhkolot', 320, 0),
(737, 63, 'Ibun', 321, 0),
(738, 63, 'Katapang', 322, 0),
(739, 63, 'Kertasari', 323, 0),
(740, 63, 'Kutawaringin', 324, 0),
(741, 63, 'Majalaya', 325, 0),
(742, 63, 'Margaasih', 326, 0),
(743, 63, 'Margahayu', 327, 0),
(744, 63, 'Nagreg', 328, 0),
(745, 63, 'Pacet', 329, 0),
(746, 63, 'Pameungpeuk', 330, 0),
(747, 63, 'Pangalengan', 331, 0),
(748, 63, 'Paseh', 332, 0),
(749, 63, 'Pasirjambu', 333, 0),
(750, 63, 'Ranca Bali', 334, 0),
(751, 63, 'Rancaekek', 335, 0),
(752, 63, 'Solokan Jeruk', 336, 0),
(753, 63, 'Soreang', 337, 0),
(754, 64, 'Andir', 338, 0),
(755, 64, 'Antapani (Cicadas)', 339, 0),
(756, 64, 'Arcamanik', 340, 0),
(757, 64, 'Astana Anyar', 341, 0),
(758, 64, 'Babakan Ciparay', 342, 0),
(759, 64, 'Bandung Kidul', 343, 0),
(760, 64, 'Bandung Kulon', 344, 0),
(761, 64, 'Bandung Wetan', 345, 0),
(762, 64, 'Batununggal', 346, 0),
(763, 64, 'Bojongloa Kaler', 347, 0),
(764, 64, 'Bojongloa Kidul', 348, 0),
(765, 64, 'Buahbatu (Margacinta)', 349, 0),
(766, 64, 'Cibeunying Kaler', 350, 0),
(767, 64, 'Cibeunying Kidul', 351, 0),
(768, 64, 'Cibiru', 352, 0),
(769, 64, 'Cicendo', 353, 0),
(770, 64, 'Cidadap', 354, 0),
(771, 64, 'Cinambo', 355, 0),
(772, 64, 'Coblong', 356, 0),
(773, 64, 'Gedebage', 357, 0),
(774, 64, 'Kiaracondong', 358, 0),
(775, 64, 'Lengkong', 359, 0),
(776, 64, 'Mandalajati', 360, 0),
(777, 64, 'Panyileukan', 361, 0),
(778, 64, 'Rancasari', 362, 0),
(779, 64, 'Regol', 363, 0),
(780, 64, 'Sukajadi', 364, 0),
(781, 64, 'Sukasari', 365, 0),
(782, 64, 'Sumur Bandung', 366, 0),
(783, 64, 'Ujung Berung', 367, 0),
(784, 65, 'Batujajar', 368, 0),
(785, 65, 'Cihampelas', 369, 0),
(786, 65, 'Cikalong Wetan', 370, 0),
(787, 65, 'Cililin', 371, 0),
(788, 65, 'Cipatat', 372, 0),
(789, 65, 'Cipeundeuy', 373, 0),
(790, 65, 'Cipongkor', 374, 0),
(791, 65, 'Cisarua', 375, 0),
(792, 65, 'Gununghalu', 376, 0),
(793, 65, 'Lembang', 377, 0),
(794, 65, 'Ngamprah', 378, 0),
(795, 65, 'Padalarang', 379, 0),
(796, 65, 'Parongpong', 380, 0),
(797, 65, 'Rongga', 381, 0),
(798, 65, 'Saguling', 382, 0),
(799, 65, 'Sindangkerta', 383, 0),
(800, 66, 'Banjar', 495, 0),
(801, 66, 'Langensari', 496, 0),
(802, 66, 'Pataruman', 497, 0),
(803, 66, 'Purwaharja', 498, 0),
(804, 67, 'Babelan', 726, 0),
(805, 67, 'Bojongmangu', 727, 0),
(806, 67, 'Cabangbungin', 728, 0),
(807, 67, 'Cibarusah', 729, 0),
(808, 67, 'Cibitung', 730, 0),
(809, 67, 'Cikarang Barat', 731, 0),
(810, 67, 'Cikarang Pusat', 732, 0),
(811, 67, 'Cikarang Selatan', 733, 0),
(812, 67, 'Cikarang Timur', 734, 0),
(813, 67, 'Cikarang Utara', 735, 0),
(814, 67, 'Karangbahagia', 736, 0),
(815, 67, 'Kedung Waringin', 737, 0),
(816, 67, 'Muara Gembong', 738, 0),
(817, 67, 'Pebayuran', 739, 0),
(818, 67, 'Serang Baru', 740, 0),
(819, 67, 'Setu', 741, 0),
(820, 67, 'Sukakarya', 742, 0),
(821, 67, 'Sukatani', 743, 0),
(822, 67, 'Sukawangi', 744, 0),
(823, 67, 'Tambelang', 745, 0),
(824, 67, 'Tambun Selatan', 746, 0),
(825, 67, 'Tambun Utara', 747, 0),
(826, 67, 'Tarumajaya', 748, 0),
(827, 68, 'Bantar Gebang', 749, 0),
(828, 68, 'Bekasi Barat', 750, 0),
(829, 68, 'Bekasi Selatan', 751, 0),
(830, 68, 'Bekasi Timur', 752, 0),
(831, 68, 'Bekasi Utara', 753, 0),
(832, 68, 'Jati Sampurna', 754, 0),
(833, 68, 'Jatiasih', 755, 0),
(834, 68, 'Medan Satria', 756, 0),
(835, 68, 'Mustika Jaya', 757, 0),
(836, 68, 'Pondok Gede', 758, 0),
(837, 68, 'Pondok Melati', 759, 0),
(838, 68, 'Rawalumbu', 760, 0),
(839, 69, 'Babakan Madang', 1022, 0),
(840, 69, 'Bojonggede', 1023, 0),
(841, 69, 'Caringin', 1024, 0),
(842, 69, 'Cariu', 1025, 0),
(843, 69, 'Ciampea', 1026, 0),
(844, 69, 'Ciawi', 1027, 0),
(845, 69, 'Cibinong', 1028, 0),
(846, 69, 'Cibungbulang', 1029, 0),
(847, 69, 'Cigombong', 1030, 0),
(848, 69, 'Cigudeg', 1031, 0),
(849, 69, 'Cijeruk', 1032, 0),
(850, 69, 'Cileungsi', 1033, 0),
(851, 69, 'Ciomas', 1034, 0),
(852, 69, 'Cisarua', 1035, 0),
(853, 69, 'Ciseeng', 1036, 0),
(854, 69, 'Citeureup', 1037, 0),
(855, 69, 'Dramaga', 1038, 0),
(856, 69, 'Gunung Putri', 1039, 0),
(857, 69, 'Gunung Sindur', 1040, 0),
(858, 69, 'Jasinga', 1041, 0),
(859, 69, 'Jonggol', 1042, 0),
(860, 69, 'Kemang', 1043, 0),
(861, 69, 'Klapa Nunggal (Kelapa Nunggal)', 1044, 0),
(862, 69, 'Leuwiliang', 1045, 0),
(863, 69, 'Leuwisadeng', 1046, 0),
(864, 69, 'Megamendung', 1047, 0),
(865, 69, 'Nanggung', 1048, 0),
(866, 69, 'Pamijahan', 1049, 0),
(867, 69, 'Parung', 1050, 0),
(868, 69, 'Parung Panjang', 1051, 0),
(869, 69, 'Ranca Bungur', 1052, 0),
(870, 69, 'Rumpin', 1053, 0),
(871, 69, 'Sukajaya', 1054, 0),
(872, 69, 'Sukamakmur', 1055, 0),
(873, 69, 'Sukaraja', 1056, 0),
(874, 69, 'Tajurhalang', 1057, 0),
(875, 69, 'Tamansari', 1058, 0),
(876, 69, 'Tanjungsari', 1059, 0),
(877, 69, 'Tenjo', 1060, 0),
(878, 69, 'Tenjolaya', 1061, 0),
(879, 70, 'Bogor Barat - Kota', 1062, 0),
(880, 70, 'Bogor Selatan - Kota', 1063, 0),
(881, 70, 'Bogor Tengah - Kota', 1064, 0),
(882, 70, 'Bogor Timur - Kota', 1065, 0),
(883, 70, 'Bogor Utara - Kota', 1066, 0),
(884, 70, 'Tanah Sereal', 1067, 0),
(885, 71, 'Banjarsari', 1379, 0),
(886, 71, 'Baregbeg', 1380, 0),
(887, 71, 'Ciamis', 1381, 0),
(888, 71, 'Cidolog', 1382, 0),
(889, 71, 'Cihaurbeuti', 1383, 0),
(890, 71, 'Cijeungjing', 1384, 0),
(891, 71, 'Cikoneng', 1385, 0),
(892, 71, 'Cimaragas', 1386, 0),
(893, 71, 'Cipaku', 1387, 0),
(894, 71, 'Cisaga', 1388, 0),
(895, 71, 'Jatinagara', 1389, 0),
(896, 71, 'Kawali', 1390, 0),
(897, 71, 'Lakbok', 1391, 0),
(898, 71, 'Lumbung', 1392, 0),
(899, 71, 'Pamarican', 1393, 0),
(900, 71, 'Panawangan', 1394, 0),
(901, 71, 'Panjalu', 1395, 0),
(902, 71, 'Panumbangan', 1396, 0),
(903, 71, 'Purwadadi', 1397, 0),
(904, 71, 'Rajadesa', 1398, 0),
(905, 71, 'Rancah', 1399, 0),
(906, 71, 'Sadananya', 1400, 0),
(907, 71, 'Sindangkasih', 1401, 0),
(908, 71, 'Sukadana', 1402, 0),
(909, 71, 'Sukamantri', 1403, 0),
(910, 71, 'Tambaksari', 1404, 0),
(911, 72, 'Agrabinta', 1405, 0),
(912, 72, 'Bojongpicung', 1406, 0),
(913, 72, 'Campaka', 1407, 0),
(914, 72, 'Campaka Mulya', 1408, 0),
(915, 72, 'Cianjur', 1409, 0),
(916, 72, 'Cibeber', 1410, 0),
(917, 72, 'Cibinong', 1411, 0),
(918, 72, 'Cidaun', 1412, 0),
(919, 72, 'Cijati', 1413, 0),
(920, 72, 'Cikadu', 1414, 0),
(921, 72, 'Cikalongkulon', 1415, 0),
(922, 72, 'Cilaku', 1416, 0),
(923, 72, 'Cipanas', 1417, 0),
(924, 72, 'Ciranjang', 1418, 0),
(925, 72, 'Cugenang', 1419, 0),
(926, 72, 'Gekbrong', 1420, 0),
(927, 72, 'Haurwangi', 1421, 0),
(928, 72, 'Kadupandak', 1422, 0),
(929, 72, 'Karangtengah', 1423, 0),
(930, 72, 'Leles', 1424, 0),
(931, 72, 'Mande', 1425, 0),
(932, 72, 'Naringgul', 1426, 0),
(933, 72, 'Pacet', 1427, 0),
(934, 72, 'Pagelaran', 1428, 0),
(935, 72, 'Pasirkuda', 1429, 0),
(936, 72, 'Sindangbarang', 1430, 0),
(937, 72, 'Sukaluyu', 1431, 0),
(938, 72, 'Sukanagara', 1432, 0),
(939, 72, 'Sukaresmi', 1433, 0),
(940, 72, 'Takokak', 1434, 0),
(941, 72, 'Tanggeung', 1435, 0),
(942, 72, 'Warungkondang', 1436, 0),
(943, 73, 'Cimahi Selatan', 1469, 0),
(944, 73, 'Cimahi Tengah', 1470, 0),
(945, 73, 'Cimahi Utara', 1471, 0),
(946, 74, 'Arjawinangun', 1472, 0),
(947, 74, 'Astanajapura', 1473, 0),
(948, 74, 'Babakan', 1474, 0),
(949, 74, 'Beber', 1475, 0),
(950, 74, 'Ciledug', 1476, 0),
(951, 74, 'Ciwaringin', 1477, 0),
(952, 74, 'Depok', 1478, 0),
(953, 74, 'Dukupuntang', 1479, 0),
(954, 74, 'Gebang', 1480, 0),
(955, 74, 'Gegesik', 1481, 0),
(956, 74, 'Gempol', 1482, 0),
(957, 74, 'Greged (Greget)', 1483, 0),
(958, 74, 'Gunung Jati (Cirebon Utara)', 1484, 0),
(959, 74, 'Jamblang', 1485, 0),
(960, 74, 'Kaliwedi', 1486, 0),
(961, 74, 'Kapetakan', 1487, 0),
(962, 74, 'Karangsembung', 1488, 0),
(963, 74, 'Karangwareng', 1489, 0),
(964, 74, 'Kedawung', 1490, 0),
(965, 74, 'Klangenan', 1491, 0),
(966, 74, 'Lemahabang', 1492, 0),
(967, 74, 'Losari', 1493, 0),
(968, 74, 'Mundu', 1494, 0),
(969, 74, 'Pabedilan', 1495, 0),
(970, 74, 'Pabuaran', 1496, 0),
(971, 74, 'Palimanan', 1497, 0),
(972, 74, 'Pangenan', 1498, 0),
(973, 74, 'Panguragan', 1499, 0),
(974, 74, 'Pasaleman', 1500, 0),
(975, 74, 'Plered', 1501, 0),
(976, 74, 'Plumbon', 1502, 0),
(977, 74, 'Sedong', 1503, 0),
(978, 74, 'Sumber', 1504, 0),
(979, 74, 'Suranenggala', 1505, 0),
(980, 74, 'Susukan', 1506, 0),
(981, 74, 'Susukan Lebak', 1507, 0),
(982, 74, 'Talun (Cirebon Selatan)', 1508, 0),
(983, 74, 'Tengah Tani', 1509, 0),
(984, 74, 'Waled', 1510, 0),
(985, 74, 'Weru', 1511, 0),
(986, 75, 'Harjamukti', 1512, 0),
(987, 75, 'Kejaksan', 1513, 0),
(988, 75, 'Kesambi', 1514, 0),
(989, 75, 'Lemahwungkuk', 1515, 0),
(990, 75, 'Pekalipan', 1516, 0),
(991, 76, 'Beji', 1577, 0),
(992, 76, 'Bojongsari', 1578, 0),
(993, 76, 'Cilodong', 1579, 0),
(994, 76, 'Cimanggis', 1580, 0),
(995, 76, 'Cinere', 1581, 0),
(996, 76, 'Cipayung', 1582, 0),
(997, 76, 'Limo', 1583, 0),
(998, 76, 'Pancoran Mas', 1584, 0),
(999, 76, 'Sawangan', 1585, 0),
(1000, 76, 'Sukmajaya', 1586, 0),
(1001, 76, 'Tapos', 1587, 0),
(1002, 77, 'Banjarwangi', 1711, 0),
(1003, 77, 'Banyuresmi', 1712, 0),
(1004, 77, 'Bayongbong', 1713, 0),
(1005, 77, 'Blubur Limbangan', 1714, 0),
(1006, 77, 'Bungbulang', 1715, 0),
(1007, 77, 'Caringin', 1716, 0),
(1008, 77, 'Cibalong', 1717, 0),
(1009, 77, 'Cibatu', 1718, 0),
(1010, 77, 'Cibiuk', 1719, 0),
(1011, 77, 'Cigedug', 1720, 0),
(1012, 77, 'Cihurip', 1721, 0),
(1013, 77, 'Cikajang', 1722, 0),
(1014, 77, 'Cikelet', 1723, 0),
(1015, 77, 'Cilawu', 1724, 0),
(1016, 77, 'Cisewu', 1725, 0),
(1017, 77, 'Cisompet', 1726, 0),
(1018, 77, 'Cisurupan', 1727, 0),
(1019, 77, 'Garut Kota', 1728, 0),
(1020, 77, 'Kadungora', 1729, 0),
(1021, 77, 'Karangpawitan', 1730, 0),
(1022, 77, 'Karangtengah', 1731, 0),
(1023, 77, 'Kersamanah', 1732, 0),
(1024, 77, 'Leles', 1733, 0),
(1025, 77, 'Leuwigoong', 1734, 0),
(1026, 77, 'Malangbong', 1735, 0),
(1027, 77, 'Mekarmukti', 1736, 0),
(1028, 77, 'Pakenjeng', 1737, 0),
(1029, 77, 'Pameungpeuk', 1738, 0),
(1030, 77, 'Pamulihan', 1739, 0),
(1031, 77, 'Pangatikan', 1740, 0),
(1032, 77, 'Pasirwangi', 1741, 0),
(1033, 77, 'Peundeuy', 1742, 0),
(1034, 77, 'Samarang', 1743, 0),
(1035, 77, 'Selaawi', 1744, 0),
(1036, 77, 'Singajaya', 1745, 0),
(1037, 77, 'Sucinaraja', 1746, 0),
(1038, 77, 'Sukaresmi', 1747, 0),
(1039, 77, 'Sukawening', 1748, 0),
(1040, 77, 'Talegong', 1749, 0),
(1041, 77, 'Tarogong Kaler', 1750, 0),
(1042, 77, 'Tarogong Kidul', 1751, 0),
(1043, 77, 'Wanaraja', 1752, 0),
(1044, 78, 'Anjatan', 2050, 0),
(1045, 78, 'Arahan', 2051, 0),
(1046, 78, 'Balongan', 2052, 0),
(1047, 78, 'Bangodua', 2053, 0),
(1048, 78, 'Bongas', 2054, 0),
(1049, 78, 'Cantigi', 2055, 0),
(1050, 78, 'Cikedung', 2056, 0),
(1051, 78, 'Gabuswetan', 2057, 0),
(1052, 78, 'Gantar', 2058, 0),
(1053, 78, 'Haurgeulis', 2059, 0),
(1054, 78, 'Indramayu', 2060, 0),
(1055, 78, 'Jatibarang', 2061, 0),
(1056, 78, 'Juntinyuat', 2062, 0),
(1057, 78, 'Kandanghaur', 2063, 0),
(1058, 78, 'Karangampel', 2064, 0),
(1059, 78, 'Kedokan Bunder', 2065, 0),
(1060, 78, 'Kertasemaya', 2066, 0),
(1061, 78, 'Krangkeng', 2067, 0),
(1062, 78, 'Kroya', 2068, 0),
(1063, 78, 'Lelea', 2069, 0),
(1064, 78, 'Lohbener', 2070, 0),
(1065, 78, 'Losarang', 2071, 0),
(1066, 78, 'Pasekan', 2072, 0),
(1067, 78, 'Patrol', 2073, 0),
(1068, 78, 'Sindang', 2074, 0),
(1069, 78, 'Sliyeg', 2075, 0),
(1070, 78, 'Sukagumiwang', 2076, 0),
(1071, 78, 'Sukra', 2077, 0),
(1072, 78, 'Trisi/Terisi', 2078, 0),
(1073, 78, 'Tukdana', 2079, 0),
(1074, 78, 'Widasari', 2080, 0),
(1075, 79, 'Banyusari', 2378, 0),
(1076, 79, 'Batujaya', 2379, 0),
(1077, 79, 'Ciampel', 2380, 0),
(1078, 79, 'Cibuaya', 2381, 0),
(1079, 79, 'Cikampek', 2382, 0),
(1080, 79, 'Cilamaya Kulon', 2383, 0),
(1081, 79, 'Cilamaya Wetan', 2384, 0),
(1082, 79, 'Cilebar', 2385, 0),
(1083, 79, 'Jatisari', 2386, 0),
(1084, 79, 'Jayakerta', 2387, 0),
(1085, 79, 'Karawang Barat', 2388, 0),
(1086, 79, 'Karawang Timur', 2389, 0),
(1087, 79, 'Klari', 2390, 0),
(1088, 79, 'Kotabaru', 2391, 0),
(1089, 79, 'Kutawaluya', 2392, 0),
(1090, 79, 'Lemahabang', 2393, 0),
(1091, 79, 'Majalaya', 2394, 0),
(1092, 79, 'Pakisjaya', 2395, 0),
(1093, 79, 'Pangkalan', 2396, 0),
(1094, 79, 'Pedes', 2397, 0),
(1095, 79, 'Purwasari', 2398, 0),
(1096, 79, 'Rawamerta', 2399, 0),
(1097, 79, 'Rengasdengklok', 2400, 0),
(1098, 79, 'Talagasari', 2401, 0),
(1099, 79, 'Tegalwaru', 2402, 0),
(1100, 79, 'Telukjambe Barat', 2403, 0),
(1101, 79, 'Telukjambe Timur', 2404, 0),
(1102, 79, 'Tempuran', 2405, 0),
(1103, 79, 'Tirtajaya', 2406, 0),
(1104, 79, 'Tirtamulya', 2407, 0),
(1105, 80, 'Ciawigebang', 2942, 0),
(1106, 80, 'Cibeureum', 2943, 0),
(1107, 80, 'Cibingbin', 2944, 0),
(1108, 80, 'Cidahu', 2945, 0),
(1109, 80, 'Cigandamekar', 2946, 0),
(1110, 80, 'Cigugur', 2947, 0),
(1111, 80, 'Cilebak', 2948, 0),
(1112, 80, 'Cilimus', 2949, 0),
(1113, 80, 'Cimahi', 2950, 0),
(1114, 80, 'Ciniru', 2951, 0),
(1115, 80, 'Cipicung', 2952, 0),
(1116, 80, 'Ciwaru', 2953, 0),
(1117, 80, 'Darma', 2954, 0),
(1118, 80, 'Garawangi', 2955, 0),
(1119, 80, 'Hantara', 2956, 0),
(1120, 80, 'Jalaksana', 2957, 0),
(1121, 80, 'Japara', 2958, 0),
(1122, 80, 'Kadugede', 2959, 0),
(1123, 80, 'Kalimanggis', 2960, 0),
(1124, 80, 'Karangkancana', 2961, 0),
(1125, 80, 'Kramat Mulya', 2962, 0),
(1126, 80, 'Kuningan', 2963, 0),
(1127, 80, 'Lebakwangi', 2964, 0),
(1128, 80, 'Luragung', 2965, 0),
(1129, 80, 'Maleber', 2966, 0),
(1130, 80, 'Mandirancan', 2967, 0),
(1131, 80, 'Nusaherang', 2968, 0),
(1132, 80, 'Pancalang', 2969, 0),
(1133, 80, 'Pasawahan', 2970, 0),
(1134, 80, 'Selajambe', 2971, 0),
(1135, 80, 'Sindangagung', 2972, 0),
(1136, 80, 'Subang', 2973, 0),
(1137, 81, 'Argapura', 3553, 0),
(1138, 81, 'Banjaran', 3554, 0),
(1139, 81, 'Bantarujeg', 3555, 0),
(1140, 81, 'Cigasong', 3556, 0),
(1141, 81, 'Cikijing', 3557, 0),
(1142, 81, 'Cingambul', 3558, 0),
(1143, 81, 'Dawuan', 3559, 0),
(1144, 81, 'Jatitujuh', 3560, 0),
(1145, 81, 'Jatiwangi', 3561, 0),
(1146, 81, 'Kadipaten', 3562, 0),
(1147, 81, 'Kasokandel', 3563, 0),
(1148, 81, 'Kertajati', 3564, 0),
(1149, 81, 'Lemahsugih', 3565, 0),
(1150, 81, 'Leuwimunding', 3566, 0),
(1151, 81, 'Ligung', 3567, 0),
(1152, 81, 'Maja', 3568, 0),
(1153, 81, 'Majalengka', 3569, 0),
(1154, 81, 'Malausma', 3570, 0),
(1155, 81, 'Palasah', 3571, 0),
(1156, 81, 'Panyingkiran', 3572, 0),
(1157, 81, 'Rajagaluh', 3573, 0),
(1158, 81, 'Sindang', 3574, 0),
(1159, 81, 'Sindangwangi', 3575, 0),
(1160, 81, 'Sukahaji', 3576, 0),
(1161, 81, 'Sumberjaya', 3577, 0),
(1162, 81, 'Talaga', 3578, 0),
(1163, 82, 'Cigugur', 4690, 0),
(1164, 82, 'Cijulang', 4691, 0),
(1165, 82, 'Cimerak', 4692, 0),
(1166, 82, 'Kalipucang', 4693, 0),
(1167, 82, 'Langkaplancar', 4694, 0),
(1168, 82, 'Mangunjaya', 4695, 0),
(1169, 82, 'Padaherang', 4696, 0),
(1170, 82, 'Pangandaran', 4697, 0),
(1171, 82, 'Parigi', 4698, 0),
(1172, 82, 'Sidamulih', 4699, 0),
(1173, 83, 'Babakancikao', 5217, 0),
(1174, 83, 'Bojong', 5218, 0),
(1175, 83, 'Bungursari', 5219, 0),
(1176, 83, 'Campaka', 5220, 0),
(1177, 83, 'Cibatu', 5221, 0),
(1178, 83, 'Darangdan', 5222, 0),
(1179, 83, 'Jatiluhur', 5223, 0),
(1180, 83, 'Kiarapedes', 5224, 0),
(1181, 83, 'Maniis', 5225, 0),
(1182, 83, 'Pasawahan', 5226, 0),
(1183, 83, 'Plered', 5227, 0),
(1184, 83, 'Pondoksalam', 5228, 0),
(1185, 83, 'Purwakarta', 5229, 0),
(1186, 83, 'Sukasari', 5230, 0),
(1187, 83, 'Sukatani', 5231, 0),
(1188, 83, 'Tegal Waru', 5232, 0),
(1189, 83, 'Wanayasa', 5233, 0),
(1190, 84, 'Binong', 5883, 0),
(1191, 84, 'Blanakan', 5884, 0),
(1192, 84, 'Ciasem', 5885, 0),
(1193, 84, 'Ciater', 5886, 0),
(1194, 84, 'Cibogo', 5887, 0),
(1195, 84, 'Cijambe', 5888, 0),
(1196, 84, 'Cikaum', 5889, 0),
(1197, 84, 'Cipeundeuy', 5890, 0),
(1198, 84, 'Cipunagara', 5891, 0),
(1199, 84, 'Cisalak', 5892, 0),
(1200, 84, 'Compreng', 5893, 0),
(1201, 84, 'Dawuan', 5894, 0),
(1202, 84, 'Jalancagak', 5895, 0),
(1203, 84, 'Kalijati', 5896, 0),
(1204, 84, 'Kasomalang', 5897, 0),
(1205, 84, 'Legonkulon', 5898, 0),
(1206, 84, 'Pabuaran', 5899, 0),
(1207, 84, 'Pagaden', 5900, 0),
(1208, 84, 'Pagaden Barat', 5901, 0),
(1209, 84, 'Pamanukan', 5902, 0),
(1210, 84, 'Patokbeusi', 5903, 0),
(1211, 84, 'Purwadadi', 5904, 0),
(1212, 84, 'Pusakajaya', 5905, 0),
(1213, 84, 'Pusakanagara', 5906, 0),
(1214, 84, 'Sagalaherang', 5907, 0),
(1215, 84, 'Serangpanjang', 5908, 0),
(1216, 84, 'Subang', 5909, 0),
(1217, 84, 'Sukasari', 5910, 0),
(1218, 84, 'Tambakdahan', 5911, 0),
(1219, 84, 'Tanjungsiang', 5912, 0),
(1220, 85, 'Bantargadung', 5918, 0),
(1221, 85, 'Bojong Genteng', 5919, 0),
(1222, 85, 'Caringin', 5920, 0),
(1223, 85, 'Ciambar', 5921, 0),
(1224, 85, 'Cibadak', 5922, 0),
(1225, 85, 'Cibitung', 5923, 0),
(1226, 85, 'Cicantayan', 5924, 0),
(1227, 85, 'Cicurug', 5925, 0),
(1228, 85, 'Cidadap', 5926, 0),
(1229, 85, 'Cidahu', 5927, 0),
(1230, 85, 'Cidolog', 5928, 0),
(1231, 85, 'Ciemas', 5929, 0),
(1232, 85, 'Cikakak', 5930, 0),
(1233, 85, 'Cikembar', 5931, 0),
(1234, 85, 'Cikidang', 5932, 0),
(1235, 85, 'Cimanggu', 5933, 0),
(1236, 85, 'Ciracap', 5934, 0),
(1237, 85, 'Cireunghas', 5935, 0),
(1238, 85, 'Cisaat', 5936, 0),
(1239, 85, 'Cisolok', 5937, 0),
(1240, 85, 'Curugkembar', 5938, 0),
(1241, 85, 'Geger Bitung', 5939, 0),
(1242, 85, 'Gunung Guruh', 5940, 0),
(1243, 85, 'Jampang Kulon', 5941, 0),
(1244, 85, 'Jampang Tengah', 5942, 0),
(1245, 85, 'Kabandungan', 5943, 0),
(1246, 85, 'Kadudampit', 5944, 0),
(1247, 85, 'Kalapa Nunggal', 5945, 0),
(1248, 85, 'Kali Bunder', 5946, 0),
(1249, 85, 'Kebonpedes', 5947, 0),
(1250, 85, 'Lengkong', 5948, 0),
(1251, 85, 'Nagrak', 5949, 0),
(1252, 85, 'Nyalindung', 5950, 0),
(1253, 85, 'Pabuaran', 5951, 0),
(1254, 85, 'Parakan Salak', 5952, 0),
(1255, 85, 'Parung Kuda', 5953, 0),
(1256, 85, 'Pelabuhan/Palabuhan Ratu', 5954, 0),
(1257, 85, 'Purabaya', 5955, 0),
(1258, 85, 'Sagaranten', 5956, 0),
(1259, 85, 'Simpenan', 5957, 0),
(1260, 85, 'Sukabumi', 5958, 0),
(1261, 85, 'Sukalarang', 5959, 0),
(1262, 85, 'Sukaraja', 5960, 0),
(1263, 85, 'Surade', 5961, 0),
(1264, 85, 'Tegal Buleud', 5962, 0),
(1265, 85, 'Waluran', 5963, 0),
(1266, 85, 'Warung Kiara', 5964, 0),
(1267, 86, 'Baros', 5965, 0),
(1268, 86, 'Cibeureum', 5966, 0),
(1269, 86, 'Cikole', 5967, 0),
(1270, 86, 'Citamiang', 5968, 0),
(1271, 86, 'Gunung Puyuh', 5969, 0),
(1272, 86, 'Lembursitu', 5970, 0),
(1273, 86, 'Warudoyong', 5971, 0),
(1274, 87, 'Buahdua', 6065, 0),
(1275, 87, 'Cibugel', 6066, 0),
(1276, 87, 'Cimalaka', 6067, 0),
(1277, 87, 'Cimanggung', 6068, 0),
(1278, 87, 'Cisarua', 6069, 0),
(1279, 87, 'Cisitu', 6070, 0),
(1280, 87, 'Conggeang', 6071, 0),
(1281, 87, 'Darmaraja', 6072, 0),
(1282, 87, 'Ganeas', 6073, 0),
(1283, 87, 'Jatigede', 6074, 0),
(1284, 87, 'Jatinangor', 6075, 0),
(1285, 87, 'Jatinunggal', 6076, 0),
(1286, 87, 'Pamulihan', 6077, 0),
(1287, 87, 'Paseh', 6078, 0),
(1288, 87, 'Rancakalong', 6079, 0),
(1289, 87, 'Situraja', 6080, 0),
(1290, 87, 'Sukasari', 6081, 0),
(1291, 87, 'Sumedang Selatan', 6082, 0),
(1292, 87, 'Sumedang Utara', 6083, 0),
(1293, 87, 'Surian', 6084, 0),
(1294, 87, 'Tanjungkerta', 6085, 0),
(1295, 87, 'Tanjungmedar', 6086, 0),
(1296, 87, 'Tanjungsari', 6087, 0),
(1297, 87, 'Tomo', 6088, 0),
(1298, 87, 'Ujungjaya', 6089, 0),
(1299, 87, 'Wado', 6090, 0),
(1300, 88, 'Bantarkalong', 6436, 0),
(1301, 88, 'Bojongasih', 6437, 0),
(1302, 88, 'Bojonggambir', 6438, 0),
(1303, 88, 'Ciawi', 6439, 0),
(1304, 88, 'Cibalong', 6440, 0),
(1305, 88, 'Cigalontang', 6441, 0),
(1306, 88, 'Cikalong', 6442, 0),
(1307, 88, 'Cikatomas', 6443, 0),
(1308, 88, 'Cineam', 6444, 0),
(1309, 88, 'Cipatujah', 6445, 0),
(1310, 88, 'Cisayong', 6446, 0),
(1311, 88, 'Culamega', 6447, 0),
(1312, 88, 'Gunung Tanjung', 6448, 0),
(1313, 88, 'Jamanis', 6449, 0),
(1314, 88, 'Jatiwaras', 6450, 0),
(1315, 88, 'Kadipaten', 6451, 0),
(1316, 88, 'Karang Jaya', 6452, 0),
(1317, 88, 'Karangnunggal', 6453, 0),
(1318, 88, 'Leuwisari', 6454, 0),
(1319, 88, 'Mangunreja', 6455, 0),
(1320, 88, 'Manonjaya', 6456, 0),
(1321, 88, 'Padakembang', 6457, 0),
(1322, 88, 'Pagerageung', 6458, 0),
(1323, 88, 'Pancatengah', 6459, 0),
(1324, 88, 'Parungponteng', 6460, 0),
(1325, 88, 'Puspahiang', 6461, 0),
(1326, 88, 'Rajapolah', 6462, 0),
(1327, 88, 'Salawu', 6463, 0),
(1328, 88, 'Salopa', 6464, 0),
(1329, 88, 'Sariwangi', 6465, 0),
(1330, 88, 'Singaparna', 6466, 0),
(1331, 88, 'Sodonghilir', 6467, 0),
(1332, 88, 'Sukahening', 6468, 0),
(1333, 88, 'Sukaraja', 6469, 0),
(1334, 88, 'Sukarame', 6470, 0),
(1335, 88, 'Sukaratu', 6471, 0),
(1336, 88, 'Sukaresik', 6472, 0),
(1337, 88, 'Tanjungjaya', 6473, 0),
(1338, 88, 'Taraju', 6474, 0),
(1339, 89, 'Bungursari', 6475, 0),
(1340, 89, 'Cibeureum', 6476, 0),
(1341, 89, 'Cihideung', 6477, 0),
(1342, 89, 'Cipedes', 6478, 0),
(1343, 89, 'Indihiang', 6479, 0),
(1344, 89, 'Kawalu', 6480, 0),
(1345, 89, 'Mangkubumi', 6481, 0),
(1346, 89, 'Purbaratu', 6482, 0),
(1347, 89, 'Tamansari', 6483, 0),
(1348, 89, 'Tawang', 6484, 0),
(1349, 90, 'Banjarmangu', 509, 0),
(1350, 90, 'Banjarnegara', 510, 0),
(1351, 90, 'Batur', 511, 0),
(1352, 90, 'Bawang', 512, 0),
(1353, 90, 'Kalibening', 513, 0),
(1354, 90, 'Karangkobar', 514, 0),
(1355, 90, 'Madukara', 515, 0),
(1356, 90, 'Mandiraja', 516, 0),
(1357, 90, 'Pagedongan', 517, 0),
(1358, 90, 'Pagentan', 518, 0),
(1359, 90, 'Pandanarum', 519, 0),
(1360, 90, 'Pejawaran', 520, 0),
(1361, 90, 'Punggelan', 521, 0),
(1362, 90, 'Purwonegoro', 522, 0),
(1363, 90, 'Purworejo Klampok', 523, 0),
(1364, 90, 'Rakit', 524, 0),
(1365, 90, 'Sigaluh', 525, 0),
(1366, 90, 'Susukan', 526, 0),
(1367, 90, 'Wanadadi (Wonodadi)', 527, 0),
(1368, 90, 'Wanayasa', 528, 0),
(1369, 91, 'Ajibarang', 573, 0),
(1370, 91, 'Banyumas', 574, 0),
(1371, 91, 'Baturaden', 575, 0),
(1372, 91, 'Cilongok', 576, 0),
(1373, 91, 'Gumelar', 577, 0),
(1374, 91, 'Jatilawang', 578, 0),
(1375, 91, 'Kalibagor', 579, 0),
(1376, 91, 'Karanglewas', 580, 0),
(1377, 91, 'Kebasen', 581, 0),
(1378, 91, 'Kedung Banteng', 582, 0),
(1379, 91, 'Kembaran', 583, 0),
(1380, 91, 'Kemranjen', 584, 0),
(1381, 91, 'Lumbir', 585, 0),
(1382, 91, 'Patikraja', 586, 0),
(1383, 91, 'Pekuncen', 587, 0),
(1384, 91, 'Purwojati', 588, 0),
(1385, 91, 'Purwokerto Barat', 589, 0),
(1386, 91, 'Purwokerto Selatan', 590, 0),
(1387, 91, 'Purwokerto Timur', 591, 0),
(1388, 91, 'Purwokerto Utara', 592, 0),
(1389, 91, 'Rawalo', 593, 0),
(1390, 91, 'Sokaraja', 594, 0),
(1391, 91, 'Somagede', 595, 0),
(1392, 91, 'Sumbang', 596, 0),
(1393, 91, 'Sumpiuh', 597, 0),
(1394, 91, 'Tambak', 598, 0),
(1395, 91, 'Wangon', 599, 0),
(1396, 92, 'Bandar', 685, 0),
(1397, 92, 'Banyuputih', 686, 0),
(1398, 92, 'Batang', 687, 0),
(1399, 92, 'Bawang', 688, 0),
(1400, 92, 'Blado', 689, 0),
(1401, 92, 'Gringsing', 690, 0),
(1402, 92, 'Kandeman', 691, 0),
(1403, 92, 'Limpung', 692, 0),
(1404, 92, 'Pecalungan', 693, 0),
(1405, 92, 'Reban', 694, 0),
(1406, 92, 'Subah', 695, 0),
(1407, 92, 'Tersono', 696, 0),
(1408, 92, 'Tulis', 697, 0),
(1409, 92, 'Warungasem', 698, 0),
(1410, 92, 'Wonotunggal', 699, 0),
(1411, 93, 'Banjarejo', 999, 0),
(1412, 93, 'Blora kota', 1000, 0),
(1413, 93, 'Bogorejo', 1001, 0),
(1414, 93, 'Cepu', 1002, 0),
(1415, 93, 'Japah', 1003, 0),
(1416, 93, 'Jati', 1004, 0),
(1417, 93, 'Jepon', 1005, 0),
(1418, 93, 'Jiken', 1006, 0),
(1419, 93, 'Kedungtuban', 1007, 0),
(1420, 93, 'Kradenan', 1008, 0),
(1421, 93, 'Kunduran', 1009, 0),
(1422, 93, 'Ngawen', 1010, 0),
(1423, 93, 'Randublatung', 1011, 0),
(1424, 93, 'Sambong', 1012, 0),
(1425, 93, 'Todanan', 1013, 0),
(1426, 93, 'Tunjungan', 1014, 0),
(1427, 94, 'Ampel', 1240, 0),
(1428, 94, 'Andong', 1241, 0),
(1429, 94, 'Banyudono', 1242, 0),
(1430, 94, 'Boyolali', 1243, 0),
(1431, 94, 'Cepogo', 1244, 0),
(1432, 94, 'Juwangi', 1245, 0),
(1433, 94, 'Karanggede', 1246, 0),
(1434, 94, 'Kemusu', 1247, 0),
(1435, 94, 'Klego', 1248, 0),
(1436, 94, 'Mojosongo', 1249, 0),
(1437, 94, 'Musuk', 1250, 0),
(1438, 94, 'Ngemplak', 1251, 0),
(1439, 94, 'Nogosari', 1252, 0),
(1440, 94, 'Sambi', 1253, 0),
(1441, 94, 'Sawit', 1254, 0),
(1442, 94, 'Selo', 1255, 0),
(1443, 94, 'Simo', 1256, 0),
(1444, 94, 'Teras', 1257, 0),
(1445, 94, 'Wonosegoro', 1258, 0),
(1446, 95, 'Banjarharjo', 1259, 0),
(1447, 95, 'Bantarkawung', 1260, 0),
(1448, 95, 'Brebes', 1261, 0),
(1449, 95, 'Bulakamba', 1262, 0),
(1450, 95, 'Bumiayu', 1263, 0),
(1451, 95, 'Jatibarang', 1264, 0),
(1452, 95, 'Kersana', 1265, 0),
(1453, 95, 'Ketanggungan', 1266, 0),
(1454, 95, 'Larangan', 1267, 0),
(1455, 95, 'Losari', 1268, 0),
(1456, 95, 'Paguyangan', 1269, 0),
(1457, 95, 'Salem', 1270, 0),
(1458, 95, 'Sirampog', 1271, 0),
(1459, 95, 'Songgom', 1272, 0),
(1460, 95, 'Tanjung', 1273, 0),
(1461, 95, 'Tonjong', 1274, 0),
(1462, 95, 'Wanasari', 1275, 0),
(1463, 96, 'Adipala', 1437, 0),
(1464, 96, 'Bantarsari', 1438, 0),
(1465, 96, 'Binangun', 1439, 0),
(1466, 96, 'Cilacap Selatan', 1440, 0),
(1467, 96, 'Cilacap Tengah', 1441, 0),
(1468, 96, 'Cilacap Utara', 1442, 0),
(1469, 96, 'Cimanggu', 1443, 0),
(1470, 96, 'Cipari', 1444, 0),
(1471, 96, 'Dayeuhluhur', 1445, 0),
(1472, 96, 'Gandrungmangu', 1446, 0),
(1473, 96, 'Jeruklegi', 1447, 0),
(1474, 96, 'Kampung Laut', 1448, 0),
(1475, 96, 'Karangpucung', 1449, 0),
(1476, 96, 'Kawunganten', 1450, 0),
(1477, 96, 'Kedungreja', 1451, 0),
(1478, 96, 'Kesugihan', 1452, 0),
(1479, 96, 'Kroya', 1453, 0),
(1480, 96, 'Majenang', 1454, 0),
(1481, 96, 'Maos', 1455, 0),
(1482, 96, 'Nusawungu', 1456, 0),
(1483, 96, 'Patimuan', 1457, 0),
(1484, 96, 'Sampang', 1458, 0),
(1485, 96, 'Sidareja', 1459, 0),
(1486, 96, 'Wanareja', 1460, 0),
(1487, 97, 'Bonang', 1559, 0),
(1488, 97, 'Demak', 1560, 0),
(1489, 97, 'Dempet', 1561, 0),
(1490, 97, 'Gajah', 1562, 0),
(1491, 97, 'Guntur', 1563, 0),
(1492, 97, 'Karang Tengah', 1564, 0),
(1493, 97, 'Karanganyar', 1565, 0),
(1494, 97, 'Karangawen', 1566, 0),
(1495, 97, 'Kebonagung', 1567, 0),
(1496, 97, 'Mijen', 1568, 0),
(1497, 97, 'Mranggen', 1569, 0),
(1498, 97, 'Sayung', 1570, 0),
(1499, 97, 'Wedung', 1571, 0),
(1500, 97, 'Wonosalam', 1572, 0),
(1501, 98, 'Brati', 1846, 0),
(1502, 98, 'Gabus', 1847, 0),
(1503, 98, 'Geyer', 1848, 0),
(1504, 98, 'Godong', 1849, 0),
(1505, 98, 'Grobogan', 1850, 0),
(1506, 98, 'Gubug', 1851, 0),
(1507, 98, 'Karangrayung', 1852, 0),
(1508, 98, 'Kedungjati', 1853, 0),
(1509, 98, 'Klambu', 1854, 0),
(1510, 98, 'Kradenan', 1855, 0),
(1511, 98, 'Ngaringan', 1856, 0),
(1512, 98, 'Penawangan', 1857, 0),
(1513, 98, 'Pulokulon', 1858, 0),
(1514, 98, 'Purwodadi', 1859, 0),
(1515, 98, 'Tanggungharjo', 1860, 0),
(1516, 98, 'Tawangharjo', 1861, 0),
(1517, 98, 'Tegowanu', 1862, 0),
(1518, 98, 'Toroh', 1863, 0),
(1519, 98, 'Wirosari', 1864, 0),
(1520, 99, 'Bangsri', 2248, 0),
(1521, 99, 'Batealit', 2249, 0),
(1522, 99, 'Donorojo', 2250, 0),
(1523, 99, 'Jepara', 2251, 0),
(1524, 99, 'Kalinyamatan', 2252, 0),
(1525, 99, 'Karimunjawa', 2253, 0),
(1526, 99, 'Kedung', 2254, 0),
(1527, 99, 'Keling', 2255, 0),
(1528, 99, 'Kembang', 2256, 0),
(1529, 99, 'Mayong', 2257, 0),
(1530, 99, 'Mlonggo', 2258, 0),
(1531, 99, 'Nalumsari', 2259, 0),
(1532, 99, 'Pakis Aji', 2260, 0),
(1533, 99, 'Pecangaan', 2261, 0),
(1534, 99, 'Tahunan', 2262, 0),
(1535, 99, 'Welahan', 2263, 0),
(1536, 100, 'Colomadu', 2353, 0),
(1537, 100, 'Gondangrejo', 2354, 0),
(1538, 100, 'Jaten', 2355, 0),
(1539, 100, 'Jatipuro', 2356, 0),
(1540, 100, 'Jatiyoso', 2357, 0),
(1541, 100, 'Jenawi', 2358, 0),
(1542, 100, 'Jumantono', 2359, 0),
(1543, 100, 'Jumapolo', 2360, 0),
(1544, 100, 'Karanganyar', 2361, 0),
(1545, 100, 'Karangpandan', 2362, 0),
(1546, 100, 'Kebakkramat', 2363, 0),
(1547, 100, 'Kerjo', 2364, 0),
(1548, 100, 'Matesih', 2365, 0),
(1549, 100, 'Mojogedang', 2366, 0),
(1550, 100, 'Ngargoyoso', 2367, 0),
(1551, 100, 'Tasikmadu', 2368, 0),
(1552, 100, 'Tawangmangu', 2369, 0),
(1553, 101, 'Adimulyo', 2471, 0),
(1554, 101, 'Alian/Aliyan', 2472, 0),
(1555, 101, 'Ambal', 2473, 0),
(1556, 101, 'Ayah', 2474, 0),
(1557, 101, 'Bonorowo', 2475, 0),
(1558, 101, 'Buayan', 2476, 0),
(1559, 101, 'Buluspesantren', 2477, 0),
(1560, 101, 'Gombong', 2478, 0),
(1561, 101, 'Karanganyar', 2479, 0),
(1562, 101, 'Karanggayam', 2480, 0),
(1563, 101, 'Karangsambung', 2481, 0),
(1564, 101, 'Kebumen', 2482, 0),
(1565, 101, 'Klirong', 2483, 0),
(1566, 101, 'Kutowinangun', 2484, 0),
(1567, 101, 'Kuwarasan', 2485, 0),
(1568, 101, 'Mirit', 2486, 0),
(1569, 101, 'Padureso', 2487, 0),
(1570, 101, 'Pejagoan', 2488, 0),
(1571, 101, 'Petanahan', 2489, 0),
(1572, 101, 'Poncowarno', 2490, 0),
(1573, 101, 'Prembun', 2491, 0),
(1574, 101, 'Puring', 2492, 0),
(1575, 101, 'Rowokele', 2493, 0),
(1576, 101, 'Sadang', 2494, 0),
(1577, 101, 'Sempor', 2495, 0),
(1578, 101, 'Sruweng', 2496, 0),
(1579, 102, 'Boja', 2533, 0),
(1580, 102, 'Brangsong', 2534, 0),
(1581, 102, 'Cepiring', 2535, 0),
(1582, 102, 'Gemuh', 2536, 0),
(1583, 102, 'Kaliwungu', 2537, 0),
(1584, 102, 'Kaliwungu Selatan', 2538, 0),
(1585, 102, 'Kangkung', 2539, 0),
(1586, 102, 'Kendal', 2540, 0),
(1587, 102, 'Limbangan', 2541, 0);
INSERT INTO `tb_kec` (`idkec`, `idkab`, `nama`, `rajaongkir`, `kodepos`) VALUES
(1588, 102, 'Ngampel', 2542, 0),
(1589, 102, 'Pagerruyung', 2543, 0),
(1590, 102, 'Patean', 2544, 0),
(1591, 102, 'Patebon', 2545, 0),
(1592, 102, 'Pegandon', 2546, 0),
(1593, 102, 'Plantungan', 2547, 0),
(1594, 102, 'Ringinarum', 2548, 0),
(1595, 102, 'Rowosari', 2549, 0),
(1596, 102, 'Singorojo', 2550, 0),
(1597, 102, 'Sukorejo', 2551, 0),
(1598, 102, 'Weleri', 2552, 0),
(1599, 103, 'Bayat', 2722, 0),
(1600, 103, 'Cawas', 2723, 0),
(1601, 103, 'Ceper', 2724, 0),
(1602, 103, 'Delanggu', 2725, 0),
(1603, 103, 'Gantiwarno', 2726, 0),
(1604, 103, 'Jatinom', 2727, 0),
(1605, 103, 'Jogonalan', 2728, 0),
(1606, 103, 'Juwiring', 2729, 0),
(1607, 103, 'Kalikotes', 2730, 0),
(1608, 103, 'Karanganom', 2731, 0),
(1609, 103, 'Karangdowo', 2732, 0),
(1610, 103, 'Karangnongko', 2733, 0),
(1611, 103, 'Kebonarum', 2734, 0),
(1612, 103, 'Kemalang', 2735, 0),
(1613, 103, 'Klaten Selatan', 2736, 0),
(1614, 103, 'Klaten Tengah', 2737, 0),
(1615, 103, 'Klaten Utara', 2738, 0),
(1616, 103, 'Manisrenggo', 2739, 0),
(1617, 103, 'Ngawen', 2740, 0),
(1618, 103, 'Pedan', 2741, 0),
(1619, 103, 'Polanharjo', 2742, 0),
(1620, 103, 'Prambanan', 2743, 0),
(1621, 103, 'Trucuk', 2744, 0),
(1622, 103, 'Tulung', 2745, 0),
(1623, 103, 'Wedi', 2746, 0),
(1624, 103, 'Wonosari', 2747, 0),
(1625, 104, 'Bae', 2921, 0),
(1626, 104, 'Dawe', 2922, 0),
(1627, 104, 'Gebog', 2923, 0),
(1628, 104, 'Jati', 2924, 0),
(1629, 104, 'Jekulo', 2925, 0),
(1630, 104, 'Kaliwungu', 2926, 0),
(1631, 104, 'Kudus Kota', 2927, 0),
(1632, 104, 'Mejobo', 2928, 0),
(1633, 104, 'Undaan', 2929, 0),
(1634, 105, 'Bandongan', 3511, 0),
(1635, 105, 'Borobudur', 3512, 0),
(1636, 105, 'Candimulyo', 3513, 0),
(1637, 105, 'Dukun', 3514, 0),
(1638, 105, 'Grabag', 3515, 0),
(1639, 105, 'Kajoran', 3516, 0),
(1640, 105, 'Kaliangkrik', 3517, 0),
(1641, 105, 'Mertoyudan', 3518, 0),
(1642, 105, 'Mungkid', 3519, 0),
(1643, 105, 'Muntilan', 3520, 0),
(1644, 105, 'Ngablak', 3521, 0),
(1645, 105, 'Ngluwar', 3522, 0),
(1646, 105, 'Pakis', 3523, 0),
(1647, 105, 'Salam', 3524, 0),
(1648, 105, 'Salaman', 3525, 0),
(1649, 105, 'Sawangan', 3526, 0),
(1650, 105, 'Secang', 3527, 0),
(1651, 105, 'Srumbung', 3528, 0),
(1652, 105, 'Tegalrejo', 3529, 0),
(1653, 105, 'Tempuran', 3530, 0),
(1654, 105, 'Windusari', 3531, 0),
(1655, 106, 'Magelang Selatan', 3532, 0),
(1656, 106, 'Magelang Tengah', 3533, 0),
(1657, 106, 'Magelang Utara', 3534, 0),
(1658, 107, 'Batangan', 4821, 0),
(1659, 107, 'Cluwak', 4822, 0),
(1660, 107, 'Dukuhseti', 4823, 0),
(1661, 107, 'Gabus', 4824, 0),
(1662, 107, 'Gembong', 4825, 0),
(1663, 107, 'Gunungwungkal', 4826, 0),
(1664, 107, 'Jaken', 4827, 0),
(1665, 107, 'Jakenan', 4828, 0),
(1666, 107, 'Juwana', 4829, 0),
(1667, 107, 'Kayen', 4830, 0),
(1668, 107, 'Margorejo', 4831, 0),
(1669, 107, 'Margoyoso', 4832, 0),
(1670, 107, 'Pati', 4833, 0),
(1671, 107, 'Pucakwangi', 4834, 0),
(1672, 107, 'Sukolilo', 4835, 0),
(1673, 107, 'Tambakromo', 4836, 0),
(1674, 107, 'Tayu', 4837, 0),
(1675, 107, 'Tlogowungu', 4838, 0),
(1676, 107, 'Trangkil', 4839, 0),
(1677, 107, 'Wedarijaksa', 4840, 0),
(1678, 107, 'Winong', 4841, 0),
(1679, 108, 'Bojong', 4891, 0),
(1680, 108, 'Buaran', 4892, 0),
(1681, 108, 'Doro', 4893, 0),
(1682, 108, 'Kajen', 4894, 0),
(1683, 108, 'Kandangserang', 4895, 0),
(1684, 108, 'Karanganyar', 4896, 0),
(1685, 108, 'Karangdadap', 4897, 0),
(1686, 108, 'Kedungwuni', 4898, 0),
(1687, 108, 'Kesesi', 4899, 0),
(1688, 108, 'Lebakbarang', 4900, 0),
(1689, 108, 'Paninggaran', 4901, 0),
(1690, 108, 'Petungkriono/Petungkriyono', 4902, 0),
(1691, 108, 'Siwalan', 4903, 0),
(1692, 108, 'Sragi', 4904, 0),
(1693, 108, 'Talun', 4905, 0),
(1694, 108, 'Tirto', 4906, 0),
(1695, 108, 'Wiradesa', 4907, 0),
(1696, 108, 'Wonokerto', 4908, 0),
(1697, 108, 'Wonopringgo', 4909, 0),
(1698, 109, 'Pekalongan Barat', 4910, 0),
(1699, 109, 'Pekalongan Selatan', 4911, 0),
(1700, 109, 'Pekalongan Timur', 4912, 0),
(1701, 109, 'Pekalongan Utara', 4913, 0),
(1702, 110, 'Ampelgading', 4938, 0),
(1703, 110, 'Bantarbolang', 4939, 0),
(1704, 110, 'Belik', 4940, 0),
(1705, 110, 'Bodeh', 4941, 0),
(1706, 110, 'Comal', 4942, 0),
(1707, 110, 'Moga', 4943, 0),
(1708, 110, 'Pemalang', 4944, 0),
(1709, 110, 'Petarukan', 4945, 0),
(1710, 110, 'Pulosari', 4946, 0),
(1711, 110, 'Randudongkal', 4947, 0),
(1712, 110, 'Taman', 4948, 0),
(1713, 110, 'Ulujami', 4949, 0),
(1714, 110, 'Warungpring', 4950, 0),
(1715, 110, 'Watukumpul', 4951, 0),
(1716, 111, 'Bobotsari', 5199, 0),
(1717, 111, 'Bojongsari', 5200, 0),
(1718, 111, 'Bukateja', 5201, 0),
(1719, 111, 'Kaligondang', 5202, 0),
(1720, 111, 'Kalimanah', 5203, 0),
(1721, 111, 'Karanganyar', 5204, 0),
(1722, 111, 'Karangjambu', 5205, 0),
(1723, 111, 'Karangmoncol', 5206, 0),
(1724, 111, 'Karangreja', 5207, 0),
(1725, 111, 'Kejobong', 5208, 0),
(1726, 111, 'Kemangkon', 5209, 0),
(1727, 111, 'Kertanegara', 5210, 0),
(1728, 111, 'Kutasari', 5211, 0),
(1729, 111, 'Mrebet', 5212, 0),
(1730, 111, 'Padamara', 5213, 0),
(1731, 111, 'Pengadegan', 5214, 0),
(1732, 111, 'Purbalingga', 5215, 0),
(1733, 111, 'Rembang', 5216, 0),
(1734, 112, 'Bagelen', 5234, 0),
(1735, 112, 'Banyuurip', 5235, 0),
(1736, 112, 'Bayan', 5236, 0),
(1737, 112, 'Bener', 5237, 0),
(1738, 112, 'Bruno', 5238, 0),
(1739, 112, 'Butuh', 5239, 0),
(1740, 112, 'Gebang', 5240, 0),
(1741, 112, 'Grabag', 5241, 0),
(1742, 112, 'Kaligesing', 5242, 0),
(1743, 112, 'Kemiri', 5243, 0),
(1744, 112, 'Kutoarjo', 5244, 0),
(1745, 112, 'Loano', 5245, 0),
(1746, 112, 'Ngombol', 5246, 0),
(1747, 112, 'Pituruh', 5247, 0),
(1748, 112, 'Purwodadi', 5248, 0),
(1749, 112, 'Purworejo', 5249, 0),
(1750, 113, 'Bulu', 5289, 0),
(1751, 113, 'Gunem', 5290, 0),
(1752, 113, 'Kaliori', 5291, 0),
(1753, 113, 'Kragan', 5292, 0),
(1754, 113, 'Lasem', 5293, 0),
(1755, 113, 'Pamotan', 5294, 0),
(1756, 113, 'Pancur', 5295, 0),
(1757, 113, 'Rembang', 5296, 0),
(1758, 113, 'Sale', 5297, 0),
(1759, 113, 'Sarang', 5298, 0),
(1760, 113, 'Sedan', 5299, 0),
(1761, 113, 'Sluke', 5300, 0),
(1762, 113, 'Sulang', 5301, 0),
(1763, 113, 'Sumber', 5302, 0),
(1764, 114, 'Argomulyo', 5352, 0),
(1765, 114, 'Sidomukti', 5353, 0),
(1766, 114, 'Sidorejo', 5354, 0),
(1767, 114, 'Tingkir', 5355, 0),
(1768, 115, 'Ambarawa', 5479, 0),
(1769, 115, 'Bancak', 5480, 0),
(1770, 115, 'Bandungan', 5481, 0),
(1771, 115, 'Banyubiru', 5482, 0),
(1772, 115, 'Bawen', 5483, 0),
(1773, 115, 'Bergas', 5484, 0),
(1774, 115, 'Bringin', 5485, 0),
(1775, 115, 'Getasan', 5486, 0),
(1776, 115, 'Jambu', 5487, 0),
(1777, 115, 'Kaliwungu', 5488, 0),
(1778, 115, 'Pabelan', 5489, 0),
(1779, 115, 'Pringapus', 5490, 0),
(1780, 115, 'Sumowono', 5491, 0),
(1781, 115, 'Suruh', 5492, 0),
(1782, 115, 'Susukan', 5493, 0),
(1783, 115, 'Tengaran', 5494, 0),
(1784, 115, 'Tuntang', 5495, 0),
(1785, 115, 'Ungaran Barat', 5496, 0),
(1786, 115, 'Ungaran Timur', 5497, 0),
(1787, 116, 'Banyumanik', 5498, 0),
(1788, 116, 'Candisari', 5499, 0),
(1789, 116, 'Gajah Mungkur', 5500, 0),
(1790, 116, 'Gayamsari', 5501, 0),
(1791, 116, 'Genuk', 5502, 0),
(1792, 116, 'Gunungpati', 5503, 0),
(1793, 116, 'Mijen', 5504, 0),
(1794, 116, 'Ngaliyan', 5505, 0),
(1795, 116, 'Pedurungan', 5506, 0),
(1796, 116, 'Semarang Barat', 5507, 0),
(1797, 116, 'Semarang Selatan', 5508, 0),
(1798, 116, 'Semarang Tengah', 5509, 0),
(1799, 116, 'Semarang Timur', 5510, 0),
(1800, 116, 'Semarang Utara', 5511, 0),
(1801, 116, 'Tembalang', 5512, 0),
(1802, 116, 'Tugu', 5513, 0),
(1803, 117, 'Gemolong', 5863, 0),
(1804, 117, 'Gesi', 5864, 0),
(1805, 117, 'Gondang', 5865, 0),
(1806, 117, 'Jenar', 5866, 0),
(1807, 117, 'Kalijambe', 5867, 0),
(1808, 117, 'Karangmalang', 5868, 0),
(1809, 117, 'Kedawung', 5869, 0),
(1810, 117, 'Masaran', 5870, 0),
(1811, 117, 'Miri', 5871, 0),
(1812, 117, 'Mondokan', 5872, 0),
(1813, 117, 'Ngrampal', 5873, 0),
(1814, 117, 'Plupuh', 5874, 0),
(1815, 117, 'Sambirejo', 5875, 0),
(1816, 117, 'Sambung Macan', 5876, 0),
(1817, 117, 'Sidoharjo', 5877, 0),
(1818, 117, 'Sragen', 5878, 0),
(1819, 117, 'Sukodono', 5879, 0),
(1820, 117, 'Sumberlawang', 5880, 0),
(1821, 117, 'Tangen', 5881, 0),
(1822, 117, 'Tanon', 5882, 0),
(1823, 118, 'Baki', 5977, 0),
(1824, 118, 'Bendosari', 5978, 0),
(1825, 118, 'Bulu', 5979, 0),
(1826, 118, 'Gatak', 5980, 0),
(1827, 118, 'Grogol', 5981, 0),
(1828, 118, 'Kartasura', 5982, 0),
(1829, 118, 'Mojolaban', 5983, 0),
(1830, 118, 'Nguter', 5984, 0),
(1831, 118, 'Polokarto', 5985, 0),
(1832, 118, 'Sukoharjo', 5986, 0),
(1833, 118, 'Tawangsari', 5987, 0),
(1834, 118, 'Weru', 5988, 0),
(1835, 119, 'Banjarsari', 6162, 0),
(1836, 119, 'Jebres', 6163, 0),
(1837, 119, 'Laweyan', 6164, 0),
(1838, 119, 'Pasar Kliwon', 6165, 0),
(1839, 119, 'Serengan', 6166, 0),
(1840, 120, 'Adiwerna', 6502, 0),
(1841, 120, 'Balapulang', 6503, 0),
(1842, 120, 'Bojong', 6504, 0),
(1843, 120, 'Bumijawa', 6505, 0),
(1844, 120, 'Dukuhturi', 6506, 0),
(1845, 120, 'Dukuhwaru', 6507, 0),
(1846, 120, 'Jatinegara', 6508, 0),
(1847, 120, 'Kedung Banteng', 6509, 0),
(1848, 120, 'Kramat', 6510, 0),
(1849, 120, 'Lebaksiu', 6511, 0),
(1850, 120, 'Margasari', 6512, 0),
(1851, 120, 'Pagerbarang', 6513, 0),
(1852, 120, 'Pangkah', 6514, 0),
(1853, 120, 'Slawi', 6515, 0),
(1854, 120, 'Surodadi', 6516, 0),
(1855, 120, 'Talang', 6517, 0),
(1856, 120, 'Tarub', 6518, 0),
(1857, 120, 'Warurejo', 6519, 0),
(1858, 121, 'Margadana', 6520, 0),
(1859, 121, 'Tegal Barat', 6521, 0),
(1860, 121, 'Tegal Selatan', 6522, 0),
(1861, 121, 'Tegal Timur', 6523, 0),
(1862, 122, 'Bansari', 6561, 0),
(1863, 122, 'Bejen', 6562, 0),
(1864, 122, 'Bulu', 6563, 0),
(1865, 122, 'Candiroto', 6564, 0),
(1866, 122, 'Gemawang', 6565, 0),
(1867, 122, 'Jumo', 6566, 0),
(1868, 122, 'Kaloran', 6567, 0),
(1869, 122, 'Kandangan', 6568, 0),
(1870, 122, 'Kedu', 6569, 0),
(1871, 122, 'Kledung', 6570, 0),
(1872, 122, 'Kranggan', 6571, 0),
(1873, 122, 'Ngadirejo', 6572, 0),
(1874, 122, 'Parakan', 6573, 0),
(1875, 122, 'Pringsurat', 6574, 0),
(1876, 122, 'Selopampang', 6575, 0),
(1877, 122, 'Temanggung', 6576, 0),
(1878, 122, 'Tembarak', 6577, 0),
(1879, 122, 'Tlogomulyo', 6578, 0),
(1880, 122, 'Tretep', 6579, 0),
(1881, 122, 'Wonoboyo', 6580, 0),
(1882, 123, 'Baturetno', 6885, 0),
(1883, 123, 'Batuwarno', 6886, 0),
(1884, 123, 'Bulukerto', 6887, 0),
(1885, 123, 'Eromoko', 6888, 0),
(1886, 123, 'Girimarto', 6889, 0),
(1887, 123, 'Giritontro', 6890, 0),
(1888, 123, 'Giriwoyo', 6891, 0),
(1889, 123, 'Jatipurno', 6892, 0),
(1890, 123, 'Jatiroto', 6893, 0),
(1891, 123, 'Jatisrono', 6894, 0),
(1892, 123, 'Karangtengah', 6895, 0),
(1893, 123, 'Kismantoro', 6896, 0),
(1894, 123, 'Manyaran', 6897, 0),
(1895, 123, 'Ngadirojo', 6898, 0),
(1896, 123, 'Nguntoronadi', 6899, 0),
(1897, 123, 'Paranggupito', 6900, 0),
(1898, 123, 'Pracimantoro', 6901, 0),
(1899, 123, 'Puhpelem', 6902, 0),
(1900, 123, 'Purwantoro', 6903, 0),
(1901, 123, 'Selogiri', 6904, 0),
(1902, 123, 'Sidoharjo', 6905, 0),
(1903, 123, 'Slogohimo', 6906, 0),
(1904, 123, 'Tirtomoyo', 6907, 0),
(1905, 123, 'Wonogiri', 6908, 0),
(1906, 123, 'Wuryantoro', 6909, 0),
(1907, 124, 'Garung', 6910, 0),
(1908, 124, 'Kalibawang', 6911, 0),
(1909, 124, 'Kalikajar', 6912, 0),
(1910, 124, 'Kaliwiro', 6913, 0),
(1911, 124, 'Kejajar', 6914, 0),
(1912, 124, 'Kepil', 6915, 0),
(1913, 124, 'Kertek', 6916, 0),
(1914, 124, 'Leksono', 6917, 0),
(1915, 124, 'Mojotengah', 6918, 0),
(1916, 124, 'Sapuran', 6919, 0),
(1917, 124, 'Selomerto', 6920, 0),
(1918, 124, 'Sukoharjo', 6921, 0),
(1919, 124, 'Wadaslintang', 6922, 0),
(1920, 124, 'Watumalang', 6923, 0),
(1921, 124, 'Wonosobo', 6924, 0),
(1922, 125, 'Arosbaya', 454, 0),
(1923, 125, 'Bangkalan', 455, 0),
(1924, 125, 'Blega', 456, 0),
(1925, 125, 'Burneh', 457, 0),
(1926, 125, 'Galis', 458, 0),
(1927, 125, 'Geger', 459, 0),
(1928, 125, 'Kamal', 460, 0),
(1929, 125, 'Klampis', 461, 0),
(1930, 125, 'Kokop', 462, 0),
(1931, 125, 'Konang', 463, 0),
(1932, 125, 'Kwanyar', 464, 0),
(1933, 125, 'Labang', 465, 0),
(1934, 125, 'Modung', 466, 0),
(1935, 125, 'Sepulu', 467, 0),
(1936, 125, 'Socah', 468, 0),
(1937, 125, 'Tanah Merah', 469, 0),
(1938, 125, 'Tanjungbumi', 470, 0),
(1939, 125, 'Tragah', 471, 0),
(1940, 126, 'Bangorejo', 600, 0),
(1941, 126, 'Banyuwangi', 601, 0),
(1942, 126, 'Cluring', 602, 0),
(1943, 126, 'Gambiran', 603, 0),
(1944, 126, 'Genteng', 604, 0),
(1945, 126, 'Giri', 605, 0),
(1946, 126, 'Glagah', 606, 0),
(1947, 126, 'Glenmore', 607, 0),
(1948, 126, 'Kabat', 608, 0),
(1949, 126, 'Kalibaru', 609, 0),
(1950, 126, 'Kalipuro', 610, 0),
(1951, 126, 'Licin', 611, 0),
(1952, 126, 'Muncar', 612, 0),
(1953, 126, 'Pesanggaran', 613, 0),
(1954, 126, 'Purwoharjo', 614, 0),
(1955, 126, 'Rogojampi', 615, 0),
(1956, 126, 'Sempu', 616, 0),
(1957, 126, 'Siliragung', 617, 0),
(1958, 126, 'Singojuruh', 618, 0),
(1959, 126, 'Songgon', 619, 0),
(1960, 126, 'Srono', 620, 0),
(1961, 126, 'Tegaldlimo', 621, 0),
(1962, 126, 'Tegalsari', 622, 0),
(1963, 126, 'Wongsorejo', 623, 0),
(1964, 127, 'Batu', 708, 0),
(1965, 127, 'Bumiaji', 709, 0),
(1966, 127, 'Junrejo', 710, 0),
(1967, 128, 'Bakung', 974, 0),
(1968, 128, 'Binangun', 975, 0),
(1969, 128, 'Doko', 976, 0),
(1970, 128, 'Gandusari', 977, 0),
(1971, 128, 'Garum', 978, 0),
(1972, 128, 'Kademangan', 979, 0),
(1973, 128, 'Kanigoro', 980, 0),
(1974, 128, 'Kesamben', 981, 0),
(1975, 128, 'Nglegok', 982, 0),
(1976, 128, 'Panggungrejo', 983, 0),
(1977, 128, 'Ponggok', 984, 0),
(1978, 128, 'Sanan Kulon', 985, 0),
(1979, 128, 'Selopuro', 986, 0),
(1980, 128, 'Selorejo', 987, 0),
(1981, 128, 'Srengat', 988, 0),
(1982, 128, 'Sutojayan', 989, 0),
(1983, 128, 'Talun', 990, 0),
(1984, 128, 'Udanawu', 991, 0),
(1985, 128, 'Wates', 992, 0),
(1986, 128, 'Wlingi', 993, 0),
(1987, 128, 'Wonodadi', 994, 0),
(1988, 128, 'Wonotirto', 995, 0),
(1989, 129, 'Kepanjen Kidul', 996, 0),
(1990, 129, 'Sanan Wetan', 997, 0),
(1991, 129, 'Sukorejo', 998, 0),
(1992, 130, 'Balen', 1068, 0),
(1993, 130, 'Baureno', 1069, 0),
(1994, 130, 'Bojonegoro', 1070, 0),
(1995, 130, 'Bubulan', 1071, 0),
(1996, 130, 'Dander', 1072, 0),
(1997, 130, 'Gayam', 1073, 0),
(1998, 130, 'Gondang', 1074, 0),
(1999, 130, 'Kalitidu', 1075, 0),
(2000, 130, 'Kanor', 1076, 0),
(2001, 130, 'Kapas', 1077, 0),
(2002, 130, 'Kasiman', 1078, 0),
(2003, 130, 'Kedewan', 1079, 0),
(2004, 130, 'Kedungadem', 1080, 0),
(2005, 130, 'Kepoh Baru', 1081, 0),
(2006, 130, 'Malo', 1082, 0),
(2007, 130, 'Margomulyo', 1083, 0),
(2008, 130, 'Ngambon', 1084, 0),
(2009, 130, 'Ngasem', 1085, 0),
(2010, 130, 'Ngraho', 1086, 0),
(2011, 130, 'Padangan', 1087, 0),
(2012, 130, 'Purwosari', 1088, 0),
(2013, 130, 'Sekar', 1089, 0),
(2014, 130, 'Sugihwaras', 1090, 0),
(2015, 130, 'Sukosewu', 1091, 0),
(2016, 130, 'Sumberrejo', 1092, 0),
(2017, 130, 'Tambakrejo', 1093, 0),
(2018, 130, 'Temayang', 1094, 0),
(2019, 130, 'Trucuk', 1095, 0),
(2020, 131, 'Binakal', 1149, 0),
(2021, 131, 'Bondowoso', 1150, 0),
(2022, 131, 'Botolinggo', 1151, 0),
(2023, 131, 'Cermee', 1152, 0),
(2024, 131, 'Curahdami', 1153, 0),
(2025, 131, 'Grujugan', 1154, 0),
(2026, 131, 'Jambe Sari Darus Sholah', 1155, 0),
(2027, 131, 'Klabang', 1156, 0),
(2028, 131, 'Maesan', 1157, 0),
(2029, 131, 'Pakem', 1158, 0),
(2030, 131, 'Prajekan', 1159, 0),
(2031, 131, 'Pujer', 1160, 0),
(2032, 131, 'Sempol', 1161, 0),
(2033, 131, 'Sukosari', 1162, 0),
(2034, 131, 'Sumber Wringin', 1163, 0),
(2035, 131, 'Taman Krocok', 1164, 0),
(2036, 131, 'Tamanan', 1165, 0),
(2037, 131, 'Tapen', 1166, 0),
(2038, 131, 'Tegalampel', 1167, 0),
(2039, 131, 'Tenggarang', 1168, 0),
(2040, 131, 'Tlogosari', 1169, 0),
(2041, 131, 'Wonosari', 1170, 0),
(2042, 131, 'Wringin', 1171, 0),
(2043, 132, 'Balong Panggang', 1828, 0),
(2044, 132, 'Benjeng', 1829, 0),
(2045, 132, 'Bungah', 1830, 0),
(2046, 132, 'Cerme', 1831, 0),
(2047, 132, 'Driyorejo', 1832, 0),
(2048, 132, 'Duduk Sampeyan', 1833, 0),
(2049, 132, 'Dukun', 1834, 0),
(2050, 132, 'Gresik', 1835, 0),
(2051, 132, 'Kebomas', 1836, 0),
(2052, 132, 'Kedamean', 1837, 0),
(2053, 132, 'Manyar', 1838, 0),
(2054, 132, 'Menganti', 1839, 0),
(2055, 132, 'Panceng', 1840, 0),
(2056, 132, 'Sangkapura', 1841, 0),
(2057, 132, 'Sidayu', 1842, 0),
(2058, 132, 'Tambak', 1843, 0),
(2059, 132, 'Ujung Pangkah', 1844, 0),
(2060, 132, 'Wringin Anom', 1845, 0),
(2061, 133, 'Ajung', 2201, 0),
(2062, 133, 'Ambulu', 2202, 0),
(2063, 133, 'Arjasa', 2203, 0),
(2064, 133, 'Balung', 2204, 0),
(2065, 133, 'Bangsalsari', 2205, 0),
(2066, 133, 'Gumuk Mas', 2206, 0),
(2067, 133, 'Jelbuk', 2207, 0),
(2068, 133, 'Jenggawah', 2208, 0),
(2069, 133, 'Jombang', 2209, 0),
(2070, 133, 'Kalisat', 2210, 0),
(2071, 133, 'Kaliwates', 2211, 0),
(2072, 133, 'Kencong', 2212, 0),
(2073, 133, 'Ledokombo', 2213, 0),
(2074, 133, 'Mayang', 2214, 0),
(2075, 133, 'Mumbulsari', 2215, 0),
(2076, 133, 'Pakusari', 2216, 0),
(2077, 133, 'Panti', 2217, 0),
(2078, 133, 'Patrang', 2218, 0),
(2079, 133, 'Puger', 2219, 0),
(2080, 133, 'Rambipuji', 2220, 0),
(2081, 133, 'Semboro', 2221, 0),
(2082, 133, 'Silo', 2222, 0),
(2083, 133, 'Sukorambi', 2223, 0),
(2084, 133, 'Sukowono', 2224, 0),
(2085, 133, 'Sumber Baru', 2225, 0),
(2086, 133, 'Sumber Jambe', 2226, 0),
(2087, 133, 'Sumber Sari', 2227, 0),
(2088, 133, 'Tanggul', 2228, 0),
(2089, 133, 'Tempurejo', 2229, 0),
(2090, 133, 'Umbulsari', 2230, 0),
(2091, 133, 'Wuluhan', 2231, 0),
(2092, 134, 'Bandar Kedung Mulyo', 2264, 0),
(2093, 134, 'Bareng', 2265, 0),
(2094, 134, 'Diwek', 2266, 0),
(2095, 134, 'Gudo', 2267, 0),
(2096, 134, 'Jogoroto', 2268, 0),
(2097, 134, 'Jombang', 2269, 0),
(2098, 134, 'Kabuh', 2270, 0),
(2099, 134, 'Kesamben', 2271, 0),
(2100, 134, 'Kudu', 2272, 0),
(2101, 134, 'Megaluh', 2273, 0),
(2102, 134, 'Mojoagung', 2274, 0),
(2103, 134, 'Mojowarno', 2275, 0),
(2104, 134, 'Ngoro', 2276, 0),
(2105, 134, 'Ngusikan', 2277, 0),
(2106, 134, 'Perak', 2278, 0),
(2107, 134, 'Peterongan', 2279, 0),
(2108, 134, 'Plandaan', 2280, 0),
(2109, 134, 'Ploso', 2281, 0),
(2110, 134, 'Sumobito', 2282, 0),
(2111, 134, 'Tembelang', 2283, 0),
(2112, 134, 'Wonosalam', 2284, 0),
(2113, 135, 'Badas', 2497, 0),
(2114, 135, 'Banyakan', 2498, 0),
(2115, 135, 'Gampengrejo', 2499, 0),
(2116, 135, 'Grogol', 2500, 0),
(2117, 135, 'Gurah', 2501, 0),
(2118, 135, 'Kandangan', 2502, 0),
(2119, 135, 'Kandat', 2503, 0),
(2120, 135, 'Kayen Kidul', 2504, 0),
(2121, 135, 'Kepung', 2505, 0),
(2122, 135, 'Kras', 2506, 0),
(2123, 135, 'Kunjang', 2507, 0),
(2124, 135, 'Mojo', 2508, 0),
(2125, 135, 'Ngadiluwih', 2509, 0),
(2126, 135, 'Ngancar', 2510, 0),
(2127, 135, 'Ngasem', 2511, 0),
(2128, 135, 'Pagu', 2512, 0),
(2129, 135, 'Papar', 2513, 0),
(2130, 135, 'Pare', 2514, 0),
(2131, 135, 'Plemahan', 2515, 0),
(2132, 135, 'Plosoklaten', 2516, 0),
(2133, 135, 'Puncu', 2517, 0),
(2134, 135, 'Purwoasri', 2518, 0),
(2135, 135, 'Ringinrejo', 2519, 0),
(2136, 135, 'Semen', 2520, 0),
(2137, 135, 'Tarokan', 2521, 0),
(2138, 135, 'Wates', 2522, 0),
(2139, 136, 'Kediri Kota', 2523, 0),
(2140, 136, 'Mojoroto', 2524, 0),
(2141, 136, 'Pesantren', 2525, 0),
(2142, 137, 'Babat', 3113, 0),
(2143, 137, 'Bluluk', 3114, 0),
(2144, 137, 'Brondong', 3115, 0),
(2145, 137, 'Deket', 3116, 0),
(2146, 137, 'Glagah', 3117, 0),
(2147, 137, 'Kalitengah', 3118, 0),
(2148, 137, 'Karang Geneng', 3119, 0),
(2149, 137, 'Karangbinangun', 3120, 0),
(2150, 137, 'Kedungpring', 3121, 0),
(2151, 137, 'Kembangbahu', 3122, 0),
(2152, 137, 'Lamongan', 3123, 0),
(2153, 137, 'Laren', 3124, 0),
(2154, 137, 'Maduran', 3125, 0),
(2155, 137, 'Mantup', 3126, 0),
(2156, 137, 'Modo', 3127, 0),
(2157, 137, 'Ngimbang', 3128, 0),
(2158, 137, 'Paciran', 3129, 0),
(2159, 137, 'Pucuk', 3130, 0),
(2160, 137, 'Sambeng', 3131, 0),
(2161, 137, 'Sarirejo', 3132, 0),
(2162, 137, 'Sekaran', 3133, 0),
(2163, 137, 'Solokuro', 3134, 0),
(2164, 137, 'Sugio', 3135, 0),
(2165, 137, 'Sukodadi', 3136, 0),
(2166, 137, 'Sukorame', 3137, 0),
(2167, 137, 'Tikung', 3138, 0),
(2168, 137, 'Turi', 3139, 0),
(2169, 138, 'Candipuro', 3427, 0),
(2170, 138, 'Gucialit', 3428, 0),
(2171, 138, 'Jatiroto', 3429, 0),
(2172, 138, 'Kedungjajang', 3430, 0),
(2173, 138, 'Klakah', 3431, 0),
(2174, 138, 'Kunir', 3432, 0),
(2175, 138, 'Lumajang', 3433, 0),
(2176, 138, 'Padang', 3434, 0),
(2177, 138, 'Pasirian', 3435, 0),
(2178, 138, 'Pasrujambe/Pasujambe', 3436, 0),
(2179, 138, 'Pronojiwo', 3437, 0),
(2180, 138, 'Randuagung', 3438, 0),
(2181, 138, 'Ranuyoso', 3439, 0),
(2182, 138, 'Rowokangkung', 3440, 0),
(2183, 138, 'Senduro', 3441, 0),
(2184, 138, 'Sukodono', 3442, 0),
(2185, 138, 'Sumbersuko', 3443, 0),
(2186, 138, 'Tekung', 3444, 0),
(2187, 138, 'Tempeh', 3445, 0),
(2188, 138, 'Tempursari', 3446, 0),
(2189, 138, 'Yosowilangun', 3447, 0),
(2190, 139, 'Balerejo', 3493, 0),
(2191, 139, 'Dagangan', 3494, 0),
(2192, 139, 'Dolopo', 3495, 0),
(2193, 139, 'Geger', 3496, 0),
(2194, 139, 'Gemarang', 3497, 0),
(2195, 139, 'Jiwan', 3498, 0),
(2196, 139, 'Kare', 3499, 0),
(2197, 139, 'Kebonsari', 3500, 0),
(2198, 139, 'Madiun', 3501, 0),
(2199, 139, 'Mejayan', 3502, 0),
(2200, 139, 'Pilangkenceng', 3503, 0),
(2201, 139, 'Saradan', 3504, 0),
(2202, 139, 'Sawahan', 3505, 0),
(2203, 139, 'Wonoasri', 3506, 0),
(2204, 139, 'Wungu', 3507, 0),
(2205, 140, 'Kartoharjo', 3508, 0),
(2206, 140, 'Manguharjo', 3509, 0),
(2207, 140, 'Taman', 3510, 0),
(2208, 141, 'Barat', 3535, 0),
(2209, 141, 'Bendo', 3536, 0),
(2210, 141, 'Karangrejo', 3537, 0),
(2211, 141, 'Karas', 3538, 0),
(2212, 141, 'Kartoharjo (Kertoharjo)', 3539, 0),
(2213, 141, 'Kawedanan', 3540, 0),
(2214, 141, 'Lembeyan', 3541, 0),
(2215, 141, 'Magetan', 3542, 0),
(2216, 141, 'Maospati', 3543, 0),
(2217, 141, 'Ngariboyo', 3544, 0),
(2218, 141, 'Nguntoronadi', 3545, 0),
(2219, 141, 'Panekan', 3546, 0),
(2220, 141, 'Parang', 3547, 0),
(2221, 141, 'Plaosan', 3548, 0),
(2222, 141, 'Poncol', 3549, 0),
(2223, 141, 'Sidorejo', 3550, 0),
(2224, 141, 'Sukomoro', 3551, 0),
(2225, 141, 'Takeran', 3552, 0),
(2226, 142, 'Blimbing', 3634, 0),
(2227, 142, 'Kedungkandang', 3635, 0),
(2228, 142, 'Klojen', 3636, 0),
(2229, 142, 'Lowokwaru', 3637, 0),
(2230, 142, 'Sukun', 3638, 0),
(2231, 143, 'Ampelgading', 3601, 0),
(2232, 143, 'Bantur', 3602, 0),
(2233, 143, 'Bululawang', 3603, 0),
(2234, 143, 'Dampit', 3604, 0),
(2235, 143, 'Dau', 3605, 0),
(2236, 143, 'Donomulyo', 3606, 0),
(2237, 143, 'Gedangan', 3607, 0),
(2238, 143, 'Gondanglegi', 3608, 0),
(2239, 143, 'Jabung', 3609, 0),
(2240, 143, 'Kalipare', 3610, 0),
(2241, 143, 'Karangploso', 3611, 0),
(2242, 143, 'Kasembon', 3612, 0),
(2243, 143, 'Kepanjen', 3613, 0),
(2244, 143, 'Kromengan', 3614, 0),
(2245, 143, 'Lawang', 3615, 0),
(2246, 143, 'Ngajung (Ngajum)', 3616, 0),
(2247, 143, 'Ngantang', 3617, 0),
(2248, 143, 'Pagak', 3618, 0),
(2249, 143, 'Pagelaran', 3619, 0),
(2250, 143, 'Pakis', 3620, 0),
(2251, 143, 'Pakisaji', 3621, 0),
(2252, 143, 'Poncokusumo', 3622, 0),
(2253, 143, 'Pujon', 3623, 0),
(2254, 143, 'Singosari', 3624, 0),
(2255, 143, 'Sumbermanjing Wetan', 3625, 0),
(2256, 143, 'Sumberpucung', 3626, 0),
(2257, 143, 'Tajinan', 3627, 0),
(2258, 143, 'Tirtoyudo', 3628, 0),
(2259, 143, 'Tumpang', 3629, 0),
(2260, 143, 'Turen', 3630, 0),
(2261, 143, 'Wagir', 3631, 0),
(2262, 143, 'Wajak', 3632, 0),
(2263, 143, 'Wonosari', 3633, 0),
(2264, 144, 'Bangsal', 4070, 0),
(2265, 144, 'Dawar Blandong', 4071, 0),
(2266, 144, 'Dlanggu', 4072, 0),
(2267, 144, 'Gedeg', 4073, 0),
(2268, 144, 'Gondang', 4074, 0),
(2269, 144, 'Jatirejo', 4075, 0),
(2270, 144, 'Jetis', 4076, 0),
(2271, 144, 'Kemlagi', 4077, 0),
(2272, 144, 'Kutorejo', 4078, 0),
(2273, 144, 'Mojoanyar', 4079, 0),
(2274, 144, 'Mojosari', 4080, 0),
(2275, 144, 'Ngoro', 4081, 0),
(2276, 144, 'Pacet', 4082, 0),
(2277, 144, 'Pungging', 4083, 0),
(2278, 144, 'Puri', 4084, 0),
(2279, 144, 'Sooko', 4085, 0),
(2280, 144, 'Trawas', 4086, 0),
(2281, 144, 'Trowulan', 4087, 0),
(2282, 145, 'Magersari', 4088, 0),
(2283, 145, 'Prajurit Kulon', 4089, 0),
(2284, 146, 'Bagor', 4323, 0),
(2285, 146, 'Baron', 4324, 0),
(2286, 146, 'Berbek', 4325, 0),
(2287, 146, 'Gondang', 4326, 0),
(2288, 146, 'Jatikalen', 4327, 0),
(2289, 146, 'Kertosono', 4328, 0),
(2290, 146, 'Lengkong', 4329, 0),
(2291, 146, 'Loceret', 4330, 0),
(2292, 146, 'Nganjuk', 4331, 0),
(2293, 146, 'Ngetos', 4332, 0),
(2294, 146, 'Ngluyu', 4333, 0),
(2295, 146, 'Ngronggot', 4334, 0),
(2296, 146, 'Pace', 4335, 0),
(2297, 146, 'Patianrowo', 4336, 0),
(2298, 146, 'Prambon', 4337, 0),
(2299, 146, 'Rejoso', 4338, 0),
(2300, 146, 'Sawahan', 4339, 0),
(2301, 146, 'Sukomoro', 4340, 0),
(2302, 146, 'Tanjunganom', 4341, 0),
(2303, 146, 'Wilangan', 4342, 0),
(2304, 147, 'Bringin', 4343, 0),
(2305, 147, 'Geneng', 4344, 0),
(2306, 147, 'Gerih', 4345, 0),
(2307, 147, 'Jogorogo', 4346, 0),
(2308, 147, 'Karanganyar', 4347, 0),
(2309, 147, 'Karangjati', 4348, 0),
(2310, 147, 'Kasreman', 4349, 0),
(2311, 147, 'Kedunggalar', 4350, 0),
(2312, 147, 'Kendal', 4351, 0),
(2313, 147, 'Kwadungan', 4352, 0),
(2314, 147, 'Mantingan', 4353, 0),
(2315, 147, 'Ngawi', 4354, 0),
(2316, 147, 'Ngrambe', 4355, 0),
(2317, 147, 'Padas', 4356, 0),
(2318, 147, 'Pangkur', 4357, 0),
(2319, 147, 'Paron', 4358, 0),
(2320, 147, 'Pitu', 4359, 0),
(2321, 147, 'Sine', 4360, 0),
(2322, 147, 'Widodaren', 4361, 0),
(2323, 148, 'Arjosari', 4522, 0),
(2324, 148, 'Bandar', 4523, 0),
(2325, 148, 'Donorojo', 4524, 0),
(2326, 148, 'Kebon Agung', 4525, 0),
(2327, 148, 'Nawangan', 4526, 0),
(2328, 148, 'Ngadirojo', 4527, 0),
(2329, 148, 'Pacitan', 4528, 0),
(2330, 148, 'Pringkuku', 4529, 0),
(2331, 148, 'Punung', 4530, 0),
(2332, 148, 'Sudimoro', 4531, 0),
(2333, 148, 'Tegalombo', 4532, 0),
(2334, 148, 'Tulakan', 4533, 0),
(2335, 149, 'Batumarmar', 4642, 0),
(2336, 149, 'Galis', 4643, 0),
(2337, 149, 'Kadur', 4644, 0),
(2338, 149, 'Larangan', 4645, 0),
(2339, 149, 'Pademawu', 4646, 0),
(2340, 149, 'Pakong', 4647, 0),
(2341, 149, 'Palenga\'an', 4648, 0),
(2342, 149, 'Pamekasan', 4649, 0),
(2343, 149, 'Pasean', 4650, 0),
(2344, 149, 'Pegantenan', 4651, 0),
(2345, 149, 'Proppo', 4652, 0),
(2346, 149, 'Tlanakan', 4653, 0),
(2347, 149, 'Waru', 4654, 0),
(2348, 150, 'Bangil', 4793, 0),
(2349, 150, 'Beji', 4794, 0),
(2350, 150, 'Gempol', 4795, 0),
(2351, 150, 'Gondang Wetan', 4796, 0),
(2352, 150, 'Grati', 4797, 0),
(2353, 150, 'Kejayan', 4798, 0),
(2354, 150, 'Kraton', 4799, 0),
(2355, 150, 'Lekok', 4800, 0),
(2356, 150, 'Lumbang', 4801, 0),
(2357, 150, 'Nguling', 4802, 0),
(2358, 150, 'Pandaan', 4803, 0),
(2359, 150, 'Pasrepan', 4804, 0),
(2360, 150, 'Pohjentrek', 4805, 0),
(2361, 150, 'Prigen', 4806, 0),
(2362, 150, 'Purwodadi', 4807, 0),
(2363, 150, 'Purwosari', 4808, 0),
(2364, 150, 'Puspo', 4809, 0),
(2365, 150, 'Rejoso', 4810, 0),
(2366, 150, 'Rembang', 4811, 0),
(2367, 150, 'Sukorejo', 4812, 0),
(2368, 150, 'Tosari', 4813, 0),
(2369, 150, 'Tutur', 4814, 0),
(2370, 150, 'Winongan', 4815, 0),
(2371, 150, 'Wonorejo', 4816, 0),
(2372, 151, 'Bugul Kidul', 4817, 0),
(2373, 151, 'Gadingrejo', 4818, 0),
(2374, 151, 'Panggungrejo', 4819, 0),
(2375, 151, 'Purworejo', 4820, 0),
(2376, 152, 'Babadan', 5071, 0),
(2377, 152, 'Badegan', 5072, 0),
(2378, 152, 'Balong', 5073, 0),
(2379, 152, 'Bungkal', 5074, 0),
(2380, 152, 'Jambon', 5075, 0),
(2381, 152, 'Jenangan', 5076, 0),
(2382, 152, 'Jetis', 5077, 0),
(2383, 152, 'Kauman', 5078, 0),
(2384, 152, 'Mlarak', 5079, 0),
(2385, 152, 'Ngebel', 5080, 0),
(2386, 152, 'Ngrayun', 5081, 0),
(2387, 152, 'Ponorogo', 5082, 0),
(2388, 152, 'Pudak', 5083, 0),
(2389, 152, 'Pulung', 5084, 0),
(2390, 152, 'Sambit', 5085, 0),
(2391, 152, 'Sampung', 5086, 0),
(2392, 152, 'Sawoo', 5087, 0),
(2393, 152, 'Siman', 5088, 0),
(2394, 152, 'Slahung', 5089, 0),
(2395, 152, 'Sooko', 5090, 0),
(2396, 152, 'Sukorejo', 5091, 0),
(2397, 153, 'Bantaran', 5141, 0),
(2398, 153, 'Banyu Anyar', 5142, 0),
(2399, 153, 'Besuk', 5143, 0),
(2400, 153, 'Dringu', 5144, 0),
(2401, 153, 'Gading', 5145, 0),
(2402, 153, 'Gending', 5146, 0),
(2403, 153, 'Kota Anyar', 5147, 0),
(2404, 153, 'Kraksaan', 5148, 0),
(2405, 153, 'Krejengan', 5149, 0),
(2406, 153, 'Krucil', 5150, 0),
(2407, 153, 'Kuripan', 5151, 0),
(2408, 153, 'Leces', 5152, 0),
(2409, 153, 'Lumbang', 5153, 0),
(2410, 153, 'Maron', 5154, 0),
(2411, 153, 'Paiton', 5155, 0),
(2412, 153, 'Pajarakan', 5156, 0),
(2413, 153, 'Pakuniran', 5157, 0),
(2414, 153, 'Sukapura', 5158, 0),
(2415, 153, 'Sumber', 5159, 0),
(2416, 153, 'Sumberasih', 5160, 0),
(2417, 153, 'Tegal Siwalan', 5161, 0),
(2418, 153, 'Tiris', 5162, 0),
(2419, 153, 'Tongas', 5163, 0),
(2420, 153, 'Wonomerto', 5164, 0),
(2421, 154, 'Kademangan', 5165, 0),
(2422, 154, 'Kanigaran', 5166, 0),
(2423, 154, 'Kedopok (Kedopak)', 5167, 0),
(2424, 154, 'Mayangan', 5168, 0),
(2425, 154, 'Wonoasih', 5169, 0),
(2426, 155, 'Banyuates', 5394, 0),
(2427, 155, 'Camplong', 5395, 0),
(2428, 155, 'Jrengik', 5396, 0),
(2429, 155, 'Karang Penang', 5397, 0),
(2430, 155, 'Kedungdung', 5398, 0),
(2431, 155, 'Ketapang', 5399, 0),
(2432, 155, 'Omben', 5400, 0),
(2433, 155, 'Pangarengan', 5401, 0),
(2434, 155, 'Robatal', 5402, 0),
(2435, 155, 'Sampang', 5403, 0),
(2436, 155, 'Sokobanah', 5404, 0),
(2437, 155, 'Sreseh', 5405, 0),
(2438, 155, 'Tambelangan', 5406, 0),
(2439, 155, 'Torjun', 5407, 0),
(2440, 156, 'Balongbendo', 5631, 0),
(2441, 156, 'Buduran', 5632, 0),
(2442, 156, 'Candi', 5633, 0),
(2443, 156, 'Gedangan', 5634, 0),
(2444, 156, 'Jabon', 5635, 0),
(2445, 156, 'Krembung', 5636, 0),
(2446, 156, 'Krian', 5637, 0),
(2447, 156, 'Porong', 5638, 0),
(2448, 156, 'Prambon', 5639, 0),
(2449, 156, 'Sedati', 5640, 0),
(2450, 156, 'Sidoarjo', 5641, 0),
(2451, 156, 'Sukodono', 5642, 0),
(2452, 156, 'Taman', 5643, 0),
(2453, 156, 'Tanggulangin', 5644, 0),
(2454, 156, 'Tarik', 5645, 0),
(2455, 156, 'Tulangan', 5646, 0),
(2456, 156, 'Waru', 5647, 0),
(2457, 156, 'Wonoayu', 5648, 0),
(2458, 157, 'Arjasa', 5762, 0),
(2459, 157, 'Asembagus', 5763, 0),
(2460, 157, 'Banyuglugur', 5764, 0),
(2461, 157, 'Banyuputih', 5765, 0),
(2462, 157, 'Besuki', 5766, 0),
(2463, 157, 'Bungatan', 5767, 0),
(2464, 157, 'Jangkar', 5768, 0),
(2465, 157, 'Jatibanteng', 5769, 0),
(2466, 157, 'Kapongan', 5770, 0),
(2467, 157, 'Kendit', 5771, 0),
(2468, 157, 'Mangaran', 5772, 0),
(2469, 157, 'Mlandingan', 5773, 0),
(2470, 157, 'Panarukan', 5774, 0),
(2471, 157, 'Panji', 5775, 0),
(2472, 157, 'Situbondo', 5776, 0),
(2473, 157, 'Suboh', 5777, 0),
(2474, 157, 'Sumbermalang', 5778, 0),
(2475, 158, 'Ambunten', 6091, 0),
(2476, 158, 'Arjasa', 6092, 0),
(2477, 158, 'Batang Batang', 6093, 0),
(2478, 158, 'Batuan', 6094, 0),
(2479, 158, 'Batuputih', 6095, 0),
(2480, 158, 'Bluto', 6096, 0),
(2481, 158, 'Dasuk', 6097, 0),
(2482, 158, 'Dungkek', 6098, 0),
(2483, 158, 'Ganding', 6099, 0),
(2484, 158, 'Gapura', 6100, 0),
(2485, 158, 'Gayam', 6101, 0),
(2486, 158, 'Gili Ginting (Giligenteng)', 6102, 0),
(2487, 158, 'Guluk Guluk', 6103, 0),
(2488, 158, 'Kalianget', 6104, 0),
(2489, 158, 'Kangayan', 6105, 0),
(2490, 158, 'Kota Sumenep', 6106, 0),
(2491, 158, 'Lenteng', 6107, 0),
(2492, 158, 'Manding', 6108, 0),
(2493, 158, 'Masalembu', 6109, 0),
(2494, 158, 'Nonggunong', 6110, 0),
(2495, 158, 'Pasongsongan', 6111, 0),
(2496, 158, 'Pragaan', 6112, 0),
(2497, 158, 'Ra\'as (Raas)', 6113, 0),
(2498, 158, 'Rubaru', 6114, 0),
(2499, 158, 'Sapeken', 6115, 0),
(2500, 158, 'Saronggi', 6116, 0),
(2501, 158, 'Talango', 6117, 0),
(2502, 159, 'Asemrowo', 6131, 0),
(2503, 159, 'Benowo', 6132, 0),
(2504, 159, 'Bubutan', 6133, 0),
(2505, 159, 'Bulak', 6134, 0),
(2506, 159, 'Dukuh Pakis', 6135, 0),
(2507, 159, 'Gayungan', 6136, 0),
(2508, 159, 'Genteng', 6137, 0),
(2509, 159, 'Gubeng', 6138, 0),
(2510, 159, 'Gununganyar', 6139, 0),
(2511, 159, 'Jambangan', 6140, 0),
(2512, 159, 'Karangpilang', 6141, 0),
(2513, 159, 'Kenjeran', 6142, 0),
(2514, 159, 'Krembangan', 6143, 0),
(2515, 159, 'Lakar Santri', 6144, 0),
(2516, 159, 'Mulyorejo', 6145, 0),
(2517, 159, 'Pabean Cantikan', 6146, 0),
(2518, 159, 'Pakal', 6147, 0),
(2519, 159, 'Rungkut', 6148, 0),
(2520, 159, 'Sambikerep', 6149, 0),
(2521, 159, 'Sawahan', 6150, 0),
(2522, 159, 'Semampir', 6151, 0),
(2523, 159, 'Simokerto', 6152, 0),
(2524, 159, 'Sukolilo', 6153, 0),
(2525, 159, 'Sukomanunggal', 6154, 0),
(2526, 159, 'Tambaksari', 6155, 0),
(2527, 159, 'Tandes', 6156, 0),
(2528, 159, 'Tegalsari', 6157, 0),
(2529, 159, 'Tenggilis Mejoyo', 6158, 0),
(2530, 159, 'Wiyung', 6159, 0),
(2531, 159, 'Wonocolo', 6160, 0),
(2532, 159, 'Wonokromo', 6161, 0),
(2533, 160, 'Bendungan', 6759, 0),
(2534, 160, 'Dongko', 6760, 0),
(2535, 160, 'Durenan', 6761, 0),
(2536, 160, 'Gandusari', 6762, 0),
(2537, 160, 'Kampak', 6763, 0),
(2538, 160, 'Karangan', 6764, 0),
(2539, 160, 'Munjungan', 6765, 0),
(2540, 160, 'Panggul', 6766, 0),
(2541, 160, 'Pogalan', 6767, 0),
(2542, 160, 'Pule', 6768, 0),
(2543, 160, 'Suruh', 6769, 0),
(2544, 160, 'Trenggalek', 6770, 0),
(2545, 160, 'Tugu', 6771, 0),
(2546, 160, 'Watulimo', 6772, 0),
(2547, 161, 'Bancar', 6778, 0),
(2548, 161, 'Bangilan', 6779, 0),
(2549, 161, 'Grabagan', 6780, 0),
(2550, 161, 'Jatirogo', 6781, 0),
(2551, 161, 'Jenu', 6782, 0),
(2552, 161, 'Kenduruan', 6783, 0),
(2553, 161, 'Kerek', 6784, 0),
(2554, 161, 'Merakurak', 6785, 0),
(2555, 161, 'Montong', 6786, 0),
(2556, 161, 'Palang', 6787, 0),
(2557, 161, 'Parengan', 6788, 0),
(2558, 161, 'Plumpang', 6789, 0),
(2559, 161, 'Rengel', 6790, 0),
(2560, 161, 'Semanding', 6791, 0),
(2561, 161, 'Senori', 6792, 0),
(2562, 161, 'Singgahan', 6793, 0),
(2563, 161, 'Soko', 6794, 0),
(2564, 161, 'Tambakboyo', 6795, 0),
(2565, 161, 'Tuban', 6796, 0),
(2566, 161, 'Widang', 6797, 0),
(2567, 162, 'Bandung', 6821, 0),
(2568, 162, 'Besuki', 6822, 0),
(2569, 162, 'Boyolangu', 6823, 0),
(2570, 162, 'Campur Darat', 6824, 0),
(2571, 162, 'Gondang', 6825, 0),
(2572, 162, 'Kalidawir', 6826, 0),
(2573, 162, 'Karang Rejo', 6827, 0),
(2574, 162, 'Kauman', 6828, 0),
(2575, 162, 'Kedungwaru', 6829, 0),
(2576, 162, 'Ngantru', 6830, 0),
(2577, 162, 'Ngunut', 6831, 0),
(2578, 162, 'Pagerwojo', 6832, 0),
(2579, 162, 'Pakel', 6833, 0),
(2580, 162, 'Pucanglaban', 6834, 0),
(2581, 162, 'Rejotangan', 6835, 0),
(2582, 162, 'Sendang', 6836, 0),
(2583, 162, 'Sumbergempol', 6837, 0),
(2584, 162, 'Tanggung Gunung', 6838, 0),
(2585, 162, 'Tulungagung', 6839, 0),
(2586, 163, 'Bengkayang', 815, 0),
(2587, 163, 'Capkala', 816, 0),
(2588, 163, 'Jagoi Babang', 817, 0),
(2589, 163, 'Ledo', 818, 0),
(2590, 163, 'Lembah Bawang', 819, 0),
(2591, 163, 'Lumar', 820, 0),
(2592, 163, 'Monterado', 821, 0),
(2593, 163, 'Samalantan', 822, 0),
(2594, 163, 'Sanggau Ledo', 823, 0),
(2595, 163, 'Seluas', 824, 0),
(2596, 163, 'Siding', 825, 0),
(2597, 163, 'Sungai Betung', 826, 0),
(2598, 163, 'Sungai Raya', 827, 0),
(2599, 163, 'Sungai Raya Kepulauan', 828, 0),
(2600, 163, 'Suti Semarang', 829, 0),
(2601, 163, 'Teriak', 830, 0),
(2602, 163, 'Tujuh Belas', 831, 0),
(2603, 164, 'Badau', 2330, 0),
(2604, 164, 'Batang Lupar', 2331, 0),
(2605, 164, 'Bika', 2332, 0),
(2606, 164, 'Boyan Tanjung', 2333, 0),
(2607, 164, 'Bunut Hilir', 2334, 0),
(2608, 164, 'Bunut Hulu', 2335, 0),
(2609, 164, 'Embaloh Hilir', 2336, 0),
(2610, 164, 'Embaloh Hulu', 2337, 0),
(2611, 164, 'Empanang', 2338, 0),
(2612, 164, 'Hulu Gurung', 2339, 0),
(2613, 164, 'Jongkong (Jengkong)', 2340, 0),
(2614, 164, 'Kalis', 2341, 0),
(2615, 164, 'Mentebah', 2342, 0),
(2616, 164, 'Pengkadan (Batu Datu)', 2343, 0),
(2617, 164, 'Puring Kencana', 2344, 0),
(2618, 164, 'Putussibau Selatan', 2345, 0),
(2619, 164, 'Putussibau Utara', 2346, 0),
(2620, 164, 'Seberuang', 2347, 0),
(2621, 164, 'Selimbau', 2348, 0),
(2622, 164, 'Semitau', 2349, 0),
(2623, 164, 'Silat Hilir', 2350, 0),
(2624, 164, 'Silat Hulu', 2351, 0),
(2625, 164, 'Suhaid', 2352, 0),
(2626, 165, 'Kepulauan Karimata', 2465, 0),
(2627, 165, 'Pulau Maya (Pulau Maya Karimata)', 2466, 0),
(2628, 165, 'Seponti', 2467, 0),
(2629, 165, 'Simpang Hilir', 2468, 0),
(2630, 165, 'Sukadana', 2469, 0),
(2631, 165, 'Teluk Batang', 2470, 0),
(2632, 166, 'Air Upas', 2702, 0),
(2633, 166, 'Benua Kayong', 2703, 0),
(2634, 166, 'Delta Pawan', 2704, 0),
(2635, 166, 'Hulu Sungai', 2705, 0),
(2636, 166, 'Jelai Hulu', 2706, 0),
(2637, 166, 'Kendawangan', 2707, 0),
(2638, 166, 'Manis Mata', 2708, 0),
(2639, 166, 'Marau', 2709, 0),
(2640, 166, 'Matan Hilir Selatan', 2710, 0),
(2641, 166, 'Matan Hilir Utara', 2711, 0),
(2642, 166, 'Muara Pawan', 2712, 0),
(2643, 166, 'Nanga Tayap', 2713, 0),
(2644, 166, 'Pemahan', 2714, 0),
(2645, 166, 'Sandai', 2715, 0),
(2646, 166, 'Simpang Dua', 2716, 0),
(2647, 166, 'Simpang Hulu', 2717, 0),
(2648, 166, 'Singkup', 2718, 0),
(2649, 166, 'Sungai Laur', 2719, 0),
(2650, 166, 'Sungai Melayu Rayak', 2720, 0),
(2651, 166, 'Tumbang Titi', 2721, 0),
(2652, 167, 'Batu Ampar', 2912, 0),
(2653, 167, 'Kuala Mandor-B', 2913, 0),
(2654, 167, 'Kubu', 2914, 0),
(2655, 167, 'Rasau Jaya', 2915, 0),
(2656, 167, 'Sei/Sungai Ambawang', 2916, 0),
(2657, 167, 'Sei/Sungai Kakap', 2917, 0),
(2658, 167, 'Sei/Sungai Raya', 2918, 0),
(2659, 167, 'Teluk/Telok Pakedai', 2919, 0),
(2660, 167, 'Terentang', 2920, 0),
(2661, 168, 'Air Besar', 3247, 0),
(2662, 168, 'Banyuke Hulu', 3248, 0),
(2663, 168, 'Jelimpo', 3249, 0),
(2664, 168, 'Kuala Behe', 3250, 0),
(2665, 168, 'Mandor', 3251, 0),
(2666, 168, 'Mempawah Hulu', 3252, 0),
(2667, 168, 'Menjalin', 3253, 0),
(2668, 168, 'Menyuke', 3254, 0),
(2669, 168, 'Meranti', 3255, 0),
(2670, 168, 'Ngabang', 3256, 0),
(2671, 168, 'Sebangki', 3257, 0),
(2672, 168, 'Sengah Temila', 3258, 0),
(2673, 168, 'Sompak', 3259, 0),
(2674, 169, 'Belimbing', 3927, 0),
(2675, 169, 'Belimbing Hulu', 3928, 0),
(2676, 169, 'Ella Hilir', 3929, 0),
(2677, 169, 'Menukung', 3930, 0),
(2678, 169, 'Nanga Pinoh', 3931, 0),
(2679, 169, 'Pinoh Selatan', 3932, 0),
(2680, 169, 'Pinoh Utara', 3933, 0),
(2681, 169, 'Sayan', 3934, 0),
(2682, 169, 'Sokan', 3935, 0),
(2683, 169, 'Tanah Pinoh', 3936, 0),
(2684, 169, 'Tanah Pinoh Barat', 3937, 0),
(2685, 170, 'Anjongan', 5092, 0),
(2686, 170, 'Mempawah Hilir', 5093, 0),
(2687, 170, 'Mempawah Timur', 5094, 0),
(2688, 170, 'Sadaniang', 5095, 0),
(2689, 170, 'Segedong', 5096, 0),
(2690, 170, 'Sei/Sungai Kunyit', 5097, 0),
(2691, 170, 'Sei/Sungai Pinyuh', 5098, 0),
(2692, 170, 'Siantan', 5099, 0),
(2693, 170, 'Toho', 5100, 0),
(2694, 171, 'Pontianak Barat', 5101, 0),
(2695, 171, 'Pontianak Kota', 5102, 0),
(2696, 171, 'Pontianak Selatan', 5103, 0),
(2697, 171, 'Pontianak Tenggara', 5104, 0),
(2698, 171, 'Pontianak Timur', 5105, 0),
(2699, 171, 'Pontianak Utara', 5106, 0),
(2700, 172, 'Galing', 5366, 0),
(2701, 172, 'Jawai', 5367, 0),
(2702, 172, 'Jawai Selatan', 5368, 0),
(2703, 172, 'Paloh', 5369, 0),
(2704, 172, 'Pemangkat', 5370, 0),
(2705, 172, 'Sajad', 5371, 0),
(2706, 172, 'Sajingan Besar', 5372, 0),
(2707, 172, 'Salatiga', 5373, 0),
(2708, 172, 'Sambas', 5374, 0),
(2709, 172, 'Sebawi', 5375, 0),
(2710, 172, 'Sejangkung', 5376, 0),
(2711, 172, 'Selakau', 5377, 0),
(2712, 172, 'Selakau Timur', 5378, 0),
(2713, 172, 'Semparuk', 5379, 0),
(2714, 172, 'Subah', 5380, 0),
(2715, 172, 'Tangaran', 5381, 0),
(2716, 172, 'Tebas', 5382, 0),
(2717, 172, 'Tekarang', 5383, 0),
(2718, 172, 'Teluk Keramat', 5384, 0),
(2719, 173, 'Balai', 5408, 0),
(2720, 173, 'Beduai (Beduwai)', 5409, 0),
(2721, 173, 'Bonti', 5410, 0),
(2722, 173, 'Entikong', 5411, 0),
(2723, 173, 'Jangkang', 5412, 0),
(2724, 173, 'Kapuas (Sanggau Kapuas)', 5413, 0),
(2725, 173, 'Kembayan', 5414, 0),
(2726, 173, 'Meliau', 5415, 0),
(2727, 173, 'Mukok', 5416, 0),
(2728, 173, 'Noyan', 5417, 0),
(2729, 173, 'Parindu', 5418, 0),
(2730, 173, 'Sekayam', 5419, 0),
(2731, 173, 'Tayan Hilir', 5420, 0),
(2732, 173, 'Tayan Hulu', 5421, 0),
(2733, 173, 'Toba', 5422, 0),
(2734, 174, 'Belitang', 5447, 0),
(2735, 174, 'Belitang Hilir', 5448, 0),
(2736, 174, 'Belitang Hulu', 5449, 0),
(2737, 174, 'Nanga Mahap', 5450, 0),
(2738, 174, 'Nanga Taman', 5451, 0),
(2739, 174, 'Sekadau Hilir', 5452, 0),
(2740, 174, 'Sekadau Hulu', 5453, 0),
(2741, 175, 'Singkawang Barat', 5734, 0),
(2742, 175, 'Singkawang Selatan', 5735, 0),
(2743, 175, 'Singkawang Tengah', 5736, 0),
(2744, 175, 'Singkawang Timur', 5737, 0),
(2745, 175, 'Singkawang Utara', 5738, 0),
(2746, 176, 'Ambalau', 5748, 0),
(2747, 176, 'Binjai Hulu', 5749, 0),
(2748, 176, 'Dedai', 5750, 0),
(2749, 176, 'Kayan Hilir', 5751, 0),
(2750, 176, 'Kayan Hulu', 5752, 0),
(2751, 176, 'Kelam Permai', 5753, 0),
(2752, 176, 'Ketungau Hilir', 5754, 0),
(2753, 176, 'Ketungau Hulu', 5755, 0),
(2754, 176, 'Ketungau Tengah', 5756, 0),
(2755, 176, 'Sepauk', 5757, 0),
(2756, 176, 'Serawai (Nanga Serawai)', 5758, 0),
(2757, 176, 'Sintang', 5759, 0),
(2758, 176, 'Sungai Tebelian', 5760, 0),
(2759, 176, 'Tempunak', 5761, 0),
(2760, 177, 'Awayan', 264, 0),
(2761, 177, 'Batu Mandi', 265, 0),
(2762, 177, 'Halong', 266, 0),
(2763, 177, 'Juai', 267, 0),
(2764, 177, 'Lampihong', 268, 0),
(2765, 177, 'Paringin', 269, 0),
(2766, 177, 'Paringin Selatan', 270, 0),
(2767, 177, 'Tebing Tinggi', 271, 0),
(2768, 178, 'Aluh-Aluh', 476, 0),
(2769, 178, 'Aranio', 477, 0),
(2770, 178, 'Astambul', 478, 0),
(2771, 178, 'Beruntung Baru', 479, 0),
(2772, 178, 'Gambut', 480, 0),
(2773, 178, 'Karang Intan', 481, 0),
(2774, 178, 'Kertak Hanyar', 482, 0),
(2775, 178, 'Martapura Barat', 483, 0),
(2776, 178, 'Martapura Kota', 484, 0),
(2777, 178, 'Martapura Timur', 485, 0),
(2778, 178, 'Mataraman', 486, 0),
(2779, 178, 'Pengaron', 487, 0),
(2780, 178, 'Peramasan', 488, 0),
(2781, 178, 'Sambung Makmur', 489, 0),
(2782, 178, 'Sei/Sungai Pinang', 490, 0),
(2783, 178, 'Sei/Sungai Tabuk', 491, 0),
(2784, 178, 'Simpang Empat', 492, 0),
(2785, 178, 'Tatah Makmur', 493, 0),
(2786, 178, 'Telaga Bauntung', 494, 0),
(2787, 179, 'Banjar Baru Selatan', 499, 0),
(2788, 179, 'Banjar Baru Utara', 500, 0),
(2789, 179, 'Cempaka', 501, 0),
(2790, 179, 'Landasan Ulin', 502, 0),
(2791, 179, 'Liang Anggang', 503, 0),
(2792, 180, 'Banjarmasin Barat', 504, 0),
(2793, 180, 'Banjarmasin Selatan', 505, 0),
(2794, 180, 'Banjarmasin Tengah', 506, 0),
(2795, 180, 'Banjarmasin Timur', 507, 0),
(2796, 180, 'Banjarmasin Utara', 508, 0),
(2797, 181, 'Alalak', 624, 0),
(2798, 181, 'Anjir Muara', 625, 0),
(2799, 181, 'Anjir Pasar', 626, 0),
(2800, 181, 'Bakumpai', 627, 0),
(2801, 181, 'Barambai', 628, 0),
(2802, 181, 'Belawang', 629, 0),
(2803, 181, 'Cerbon', 630, 0),
(2804, 181, 'Jejangkit', 631, 0),
(2805, 181, 'Kuripan', 632, 0),
(2806, 181, 'Mandastana', 633, 0),
(2807, 181, 'Marabahan', 634, 0),
(2808, 181, 'Mekar Sari', 635, 0),
(2809, 181, 'Rantau Badauh', 636, 0),
(2810, 181, 'Tabukan', 637, 0),
(2811, 181, 'Tabunganen', 638, 0),
(2812, 181, 'Tamban', 639, 0),
(2813, 181, 'Wanaraya', 640, 0),
(2814, 182, 'Angkinang', 1974, 0),
(2815, 182, 'Daha Barat', 1975, 0),
(2816, 182, 'Daha Selatan', 1976, 0),
(2817, 182, 'Daha Utara', 1977, 0),
(2818, 182, 'Kalumpang (Kelumpang)', 1978, 0),
(2819, 182, 'Kandangan', 1979, 0),
(2820, 182, 'Loksado', 1980, 0),
(2821, 182, 'Padang Batung', 1981, 0),
(2822, 182, 'Simpur', 1982, 0),
(2823, 182, 'Sungai Raya', 1983, 0),
(2824, 182, 'Telaga Langsat', 1984, 0),
(2825, 183, 'Barabai', 1985, 0),
(2826, 183, 'Batang Alai Selatan', 1986, 0),
(2827, 183, 'Batang Alai Timur', 1987, 0),
(2828, 183, 'Batang Alai Utara', 1988, 0),
(2829, 183, 'Batu Benawa', 1989, 0),
(2830, 183, 'Hantakan', 1990, 0),
(2831, 183, 'Haruyan', 1991, 0),
(2832, 183, 'Labuan Amas Selatan', 1992, 0),
(2833, 183, 'Labuan Amas Utara', 1993, 0),
(2834, 183, 'Limpasu', 1994, 0),
(2835, 183, 'Pandawan', 1995, 0),
(2836, 184, 'Amuntai Selatan', 1996, 0),
(2837, 184, 'Amuntai Tengah', 1997, 0),
(2838, 184, 'Amuntai Utara', 1998, 0),
(2839, 184, 'Babirik', 1999, 0),
(2840, 184, 'Banjang', 2000, 0),
(2841, 184, 'Danau Panggang', 2001, 0),
(2842, 184, 'Haur Gading', 2002, 0),
(2843, 184, 'Paminggir', 2003, 0),
(2844, 184, 'Sungai Pandan', 2004, 0),
(2845, 184, 'Sungai Tabukan', 2005, 0),
(2846, 185, 'Hampang', 2849, 0),
(2847, 185, 'Kelumpang Barat', 2850, 0),
(2848, 185, 'Kelumpang Hilir', 2851, 0),
(2849, 185, 'Kelumpang Hulu', 2852, 0),
(2850, 185, 'Kelumpang Selatan', 2853, 0),
(2851, 185, 'Kelumpang Tengah', 2854, 0),
(2852, 185, 'Kelumpang Utara', 2855, 0),
(2853, 185, 'Pamukan Barat', 2856, 0),
(2854, 185, 'Pamukan Selatan', 2857, 0),
(2855, 185, 'Pamukan Utara', 2858, 0),
(2856, 185, 'Pulau Laut Barat', 2859, 0),
(2857, 185, 'Pulau Laut Kepulauan', 2860, 0),
(2858, 185, 'Pulau Laut Selatan', 2861, 0),
(2859, 185, 'Pulau Laut Tanjung Selayar', 2862, 0),
(2860, 185, 'Pulau Laut Tengah', 2863, 0),
(2861, 185, 'Pulau Laut Timur', 2864, 0),
(2862, 185, 'Pulau Laut Utara', 2865, 0),
(2863, 185, 'Pulau Sebuku', 2866, 0),
(2864, 185, 'Pulau Sembilan', 2867, 0),
(2865, 185, 'Sampanahan', 2868, 0),
(2866, 185, 'Sungai Durian', 2869, 0),
(2867, 186, 'Banua Lawas', 6167, 0),
(2868, 186, 'Bintang Ara', 6168, 0),
(2869, 186, 'Haruai', 6169, 0),
(2870, 186, 'Jaro', 6170, 0),
(2871, 186, 'Kelua (Klua)', 6171, 0),
(2872, 186, 'Muara Harus', 6172, 0),
(2873, 186, 'Muara Uya', 6173, 0),
(2874, 186, 'Murung Pudak', 6174, 0),
(2875, 186, 'Pugaan', 6175, 0),
(2876, 186, 'Tanjung', 6176, 0),
(2877, 186, 'Tanta', 6177, 0),
(2878, 186, 'Upau', 6178, 0),
(2879, 187, 'Angsana', 6233, 0),
(2880, 187, 'Batulicin', 6234, 0),
(2881, 187, 'Karang Bintang', 6235, 0),
(2882, 187, 'Kuranji', 6236, 0),
(2883, 187, 'Kusan Hilir', 6237, 0),
(2884, 187, 'Kusan Hulu', 6238, 0),
(2885, 187, 'Mantewe', 6239, 0),
(2886, 187, 'Satui', 6240, 0),
(2887, 187, 'Simpang Empat', 6241, 0),
(2888, 187, 'Sungai Loban', 6242, 0),
(2889, 188, 'Bajuin', 6257, 0),
(2890, 188, 'Bati-Bati', 6258, 0),
(2891, 188, 'Batu Ampar', 6259, 0),
(2892, 188, 'Bumi Makmur', 6260, 0),
(2893, 188, 'Jorong', 6261, 0),
(2894, 188, 'Kintap', 6262, 0),
(2895, 188, 'Kurau', 6263, 0),
(2896, 188, 'Panyipatan', 6264, 0),
(2897, 188, 'Pelaihari', 6265, 0),
(2898, 188, 'Takisung', 6266, 0),
(2899, 188, 'Tambang Ulang', 6267, 0),
(2900, 189, 'Bakarangan', 6420, 0),
(2901, 189, 'Binuang', 6421, 0),
(2902, 189, 'Bungur', 6422, 0),
(2903, 189, 'Candi Laras Selatan', 6423, 0),
(2904, 189, 'Candi Laras Utara', 6424, 0),
(2905, 189, 'Hatungun', 6425, 0),
(2906, 189, 'Lokpaikat', 6426, 0),
(2907, 189, 'Piani', 6427, 0),
(2908, 189, 'Salam Babaris', 6428, 0),
(2909, 189, 'Tapin Selatan', 6429, 0),
(2910, 189, 'Tapin Tengah', 6430, 0),
(2911, 189, 'Tapin Utara', 6431, 0),
(2912, 190, 'Dusun Hilir', 641, 0),
(2913, 190, 'Dusun Selatan', 642, 0),
(2914, 190, 'Dusun Utara', 643, 0),
(2915, 190, 'Gunung Bintang Awai', 644, 0),
(2916, 190, 'Jenamas', 645, 0),
(2917, 190, 'Karau Kuala', 646, 0),
(2918, 191, 'Awang', 647, 0),
(2919, 191, 'Benua Lima', 648, 0),
(2920, 191, 'Dusun Tengah', 649, 0),
(2921, 191, 'Dusun Timur', 650, 0),
(2922, 191, 'Karusen Janang', 651, 0),
(2923, 191, 'Paju Epat', 652, 0),
(2924, 191, 'Paku', 653, 0),
(2925, 191, 'Patangkep Tutui', 654, 0),
(2926, 191, 'Pematang Karau', 655, 0),
(2927, 191, 'Raren Batuah', 656, 0),
(2928, 192, 'Gunung Purei', 657, 0),
(2929, 192, 'Gunung Timang', 658, 0),
(2930, 192, 'Lahei', 659, 0),
(2931, 192, 'Lahei Barat', 660, 0),
(2932, 192, 'Montallat (Montalat)', 661, 0),
(2933, 192, 'Teweh Baru', 662, 0),
(2934, 192, 'Teweh Selatan', 663, 0),
(2935, 192, 'Teweh Tengah', 664, 0),
(2936, 192, 'Teweh Timur', 665, 0),
(2937, 193, 'Damang Batu', 1883, 0),
(2938, 193, 'Kahayan Hulu Utara', 1884, 0),
(2939, 193, 'Kurun', 1885, 0),
(2940, 193, 'Manuhing', 1886, 0),
(2941, 193, 'Manuhing Raya', 1887, 0),
(2942, 193, 'Mihing Raya', 1888, 0),
(2943, 193, 'Miri Manasa', 1889, 0),
(2944, 193, 'Rungan', 1890, 0),
(2945, 193, 'Rungan Barat', 1891, 0),
(2946, 193, 'Rungan Hulu', 1892, 0),
(2947, 193, 'Sepang (Sepang Simin)', 1893, 0),
(2948, 193, 'Tewah', 1894, 0),
(2949, 194, 'Basarang', 2313, 0),
(2950, 194, 'Bataguh', 2314, 0),
(2951, 194, 'Dadahup', 2315, 0),
(2952, 194, 'Kapuas Barat', 2316, 0),
(2953, 194, 'Kapuas Hilir', 2317, 0),
(2954, 194, 'Kapuas Hulu', 2318, 0),
(2955, 194, 'Kapuas Kuala', 2319, 0),
(2956, 194, 'Kapuas Murung', 2320, 0),
(2957, 194, 'Kapuas Tengah', 2321, 0),
(2958, 194, 'Kapuas Timur', 2322, 0),
(2959, 194, 'Mandau Talawang', 2323, 0),
(2960, 194, 'Mantangai', 2324, 0),
(2961, 194, 'Pasak Talawang', 2325, 0),
(2962, 194, 'Pulau Petak', 2326, 0),
(2963, 194, 'Selat', 2327, 0),
(2964, 194, 'Tamban Catur', 2328, 0),
(2965, 194, 'Timpah', 2329, 0),
(2966, 195, 'Bukit Raya', 2437, 0),
(2967, 195, 'Kamipang', 2438, 0),
(2968, 195, 'Katingan Hilir', 2439, 0),
(2969, 195, 'Katingan Hulu', 2440, 0),
(2970, 195, 'Katingan Kuala', 2441, 0),
(2971, 195, 'Katingan Tengah', 2442, 0),
(2972, 195, 'Marikit', 2443, 0),
(2973, 195, 'Mendawai', 2444, 0),
(2974, 195, 'Petak Malai', 2445, 0),
(2975, 195, 'Pulau Malan', 2446, 0),
(2976, 195, 'Sanaman Mantikei (Senamang Mantikei)', 2447, 0),
(2977, 195, 'Tasik Payawan', 2448, 0),
(2978, 195, 'Tewang Sanggalang Garing (Sangalang)', 2449, 0),
(2979, 196, 'Arut Selatan', 2874, 0),
(2980, 196, 'Arut Utara', 2875, 0),
(2981, 196, 'Kotawaringin Lama', 2876, 0),
(2982, 196, 'Kumai', 2877, 0),
(2983, 196, 'Pangkalan Banteng', 2878, 0),
(2984, 196, 'Pangkalan Lada', 2879, 0),
(2985, 197, 'Antang Kalang', 2880, 0),
(2986, 197, 'Baamang', 2881, 0),
(2987, 197, 'Bukit Santuei', 2882, 0),
(2988, 197, 'Cempaga', 2883, 0),
(2989, 197, 'Cempaga Hulu', 2884, 0),
(2990, 197, 'Kota Besi', 2885, 0),
(2991, 197, 'Mentawa Baru (Ketapang)', 2886, 0),
(2992, 197, 'Mentaya Hilir Selatan', 2887, 0),
(2993, 197, 'Mentaya Hilir Utara', 2888, 0),
(2994, 197, 'Mentaya Hulu', 2889, 0),
(2995, 197, 'Parenggean', 2890, 0),
(2996, 197, 'Pulau Hanaut', 2891, 0),
(2997, 197, 'Seranau', 2892, 0),
(2998, 197, 'Telaga Antang', 2893, 0),
(2999, 197, 'Telawang', 2894, 0),
(3000, 197, 'Teluk Sampit', 2895, 0),
(3001, 197, 'Tualan Hulu', 2896, 0),
(3002, 198, 'Batangkawa', 3105, 0),
(3003, 198, 'Belantikan Raya', 3106, 0),
(3004, 198, 'Bulik', 3107, 0),
(3005, 198, 'Bulik Timur', 3108, 0),
(3006, 198, 'Delang', 3109, 0),
(3007, 198, 'Lamandau', 3110, 0),
(3008, 198, 'Menthobi Raya', 3111, 0),
(3009, 198, 'Sematu Jaya', 3112, 0),
(3010, 199, 'Barito Tuhup Raya', 4190, 0),
(3011, 199, 'Laung Tuhup', 4191, 0),
(3012, 199, 'Murung', 4192, 0),
(3013, 199, 'Permata Intan', 4193, 0),
(3014, 199, 'Seribu Riam', 4194, 0),
(3015, 199, 'Sumber Barito', 4195, 0),
(3016, 199, 'Sungai Babuat', 4196, 0),
(3017, 199, 'Tanah Siang', 4197, 0),
(3018, 199, 'Tanah Siang Selatan', 4198, 0),
(3019, 199, 'Uut Murung', 4199, 0),
(3020, 200, 'Bukit Batu', 4604, 0),
(3021, 200, 'Jekan Raya', 4605, 0),
(3022, 200, 'Pahandut', 4606, 0),
(3023, 200, 'Rakumpit', 4607, 0),
(3024, 200, 'Sebangau', 4608, 0),
(3025, 201, 'Banama Tingang', 5170, 0),
(3026, 201, 'Jabiren Raya', 5171, 0),
(3027, 201, 'Kahayan Hilir', 5172, 0),
(3028, 201, 'Kahayan Kuala', 5173, 0),
(3029, 201, 'Kahayan Tengah', 5174, 0),
(3030, 201, 'Maliku', 5175, 0),
(3031, 201, 'Pandih Batu', 5176, 0),
(3032, 201, 'Sebangau Kuala', 5177, 0),
(3033, 202, 'Batu Ampar', 5592, 0),
(3034, 202, 'Danau Seluluk', 5593, 0),
(3035, 202, 'Danau Sembuluh', 5594, 0),
(3036, 202, 'Hanau', 5595, 0),
(3037, 202, 'Seruyan Hilir', 5596, 0),
(3038, 202, 'Seruyan Hilir Timur', 5597, 0),
(3039, 202, 'Seruyan Hulu', 5598, 0),
(3040, 202, 'Seruyan Raya', 5599, 0),
(3041, 202, 'Seruyan Tengah', 5600, 0),
(3042, 202, 'Suling Tambun', 5601, 0),
(3043, 203, 'Balai Riam', 5972, 0),
(3044, 203, 'Jelai', 5973, 0),
(3045, 203, 'Pantai Lunci', 5974, 0),
(3046, 203, 'Permata Kecubung', 5975, 0),
(3047, 203, 'Sukamara', 5976, 0),
(3048, 204, 'Balikpapan Barat', 272, 0),
(3049, 204, 'Balikpapan Kota', 273, 0),
(3050, 204, 'Balikpapan Selatan', 274, 0),
(3051, 204, 'Balikpapan Tengah', 275, 0),
(3052, 204, 'Balikpapan Timur', 276, 0),
(3053, 204, 'Balikpapan Utara', 277, 0),
(3054, 205, 'Batu Putih', 879, 0),
(3055, 205, 'Biatan', 880, 0),
(3056, 205, 'Biduk-Biduk', 881, 0),
(3057, 205, 'Derawan (Pulau Derawan)', 882, 0),
(3058, 205, 'Gunung Tabur', 883, 0),
(3059, 205, 'Kelay', 884, 0),
(3060, 205, 'Maratua', 885, 0),
(3061, 205, 'Sambaliung', 886, 0),
(3062, 205, 'Segah', 887, 0),
(3063, 205, 'Tabalar', 888, 0),
(3064, 205, 'Talisayan', 889, 0),
(3065, 205, 'Tanjung Redeb', 890, 0),
(3066, 205, 'Teluk Bayur', 891, 0),
(3067, 206, 'Bontang Barat', 1217, 0),
(3068, 206, 'Bontang Selatan', 1218, 0),
(3069, 206, 'Bontang Utara', 1219, 0),
(3070, 207, 'Barong Tongkok', 3004, 0),
(3071, 207, 'Bentian Besar', 3005, 0),
(3072, 207, 'Bongan', 3006, 0),
(3073, 207, 'Damai', 3007, 0),
(3074, 207, 'Jempang', 3008, 0),
(3075, 207, 'Laham', 3009, 0),
(3076, 207, 'Linggang Bigung', 3010, 0),
(3077, 207, 'Long Apari', 3011, 0),
(3078, 207, 'Long Bagun', 3012, 0),
(3079, 207, 'Long Hubung', 3013, 0),
(3080, 207, 'Long Iram', 3014, 0),
(3081, 207, 'Long Pahangai', 3015, 0),
(3082, 207, 'Manor Bulatin (Mook Manaar Bulatn)', 3016, 0),
(3083, 207, 'Melak', 3017, 0),
(3084, 207, 'Muara Lawa', 3018, 0),
(3085, 207, 'Muara Pahu', 3019, 0),
(3086, 207, 'Nyuatan', 3020, 0),
(3087, 207, 'Penyinggahan', 3021, 0),
(3088, 207, 'Sekolaq Darat', 3022, 0),
(3089, 207, 'Siluq Ngurai', 3023, 0),
(3090, 207, 'Tering', 3024, 0),
(3091, 208, 'Anggana', 3025, 0),
(3092, 208, 'Kembang Janggut', 3026, 0),
(3093, 208, 'Kenohan', 3027, 0),
(3094, 208, 'Kota Bangun', 3028, 0),
(3095, 208, 'Loa Janan', 3029, 0),
(3096, 208, 'Loa Kulu', 3030, 0),
(3097, 208, 'Marang Kayu', 3031, 0),
(3098, 208, 'Muara Badak', 3032, 0),
(3099, 208, 'Muara Jawa', 3033, 0),
(3100, 208, 'Muara Kaman', 3034, 0),
(3101, 208, 'Muara Muntai', 3035, 0),
(3102, 208, 'Muara Wis', 3036, 0);
INSERT INTO `tb_kec` (`idkec`, `idkab`, `nama`, `rajaongkir`, `kodepos`) VALUES
(3103, 208, 'Samboja (Semboja)', 3037, 0),
(3104, 208, 'Sanga-Sanga', 3038, 0),
(3105, 208, 'Sebulu', 3039, 0),
(3106, 208, 'Tabang', 3040, 0),
(3107, 208, 'Tenggarong', 3041, 0),
(3108, 208, 'Tenggarong Seberang', 3042, 0),
(3109, 209, 'Batu Ampar', 3043, 0),
(3110, 209, 'Bengalon', 3044, 0),
(3111, 209, 'Busang', 3045, 0),
(3112, 209, 'Kaliorang', 3046, 0),
(3113, 209, 'Karangan', 3047, 0),
(3114, 209, 'Kaubun', 3048, 0),
(3115, 209, 'Kongbeng', 3049, 0),
(3116, 209, 'Long Mesangat (Mesengat)', 3050, 0),
(3117, 209, 'Muara Ancalong', 3051, 0),
(3118, 209, 'Muara Bengkal', 3052, 0),
(3119, 209, 'Muara Wahau', 3053, 0),
(3120, 209, 'Rantau Pulung', 3054, 0),
(3121, 209, 'Sandaran', 3055, 0),
(3122, 209, 'Sangatta Selatan', 3056, 0),
(3123, 209, 'Sangatta Utara', 3057, 0),
(3124, 209, 'Sangkulirang', 3058, 0),
(3125, 209, 'Telen', 3059, 0),
(3126, 209, 'Teluk Pandan', 3060, 0),
(3127, 210, 'Batu Engau', 4783, 0),
(3128, 210, 'Batu Sopang', 4784, 0),
(3129, 210, 'Kuaro', 4785, 0),
(3130, 210, 'Long Ikis', 4786, 0),
(3131, 210, 'Long Kali', 4787, 0),
(3132, 210, 'Muara Komam', 4788, 0),
(3133, 210, 'Muara Samu', 4789, 0),
(3134, 210, 'Pasir Belengkong', 4790, 0),
(3135, 210, 'Tanah Grogot', 4791, 0),
(3136, 210, 'Tanjung Harapan', 4792, 0),
(3137, 211, 'Babulu', 4960, 0),
(3138, 211, 'Penajam', 4961, 0),
(3139, 211, 'Sepaku', 4962, 0),
(3140, 211, 'Waru', 4963, 0),
(3141, 212, 'Loa Janan Ilir', 5356, 0),
(3142, 212, 'Palaran', 5357, 0),
(3143, 212, 'Samarinda Ilir', 5358, 0),
(3144, 212, 'Samarinda Kota', 5359, 0),
(3145, 212, 'Samarinda Seberang', 5360, 0),
(3146, 212, 'Samarinda Ulu', 5361, 0),
(3147, 212, 'Samarinda Utara', 5362, 0),
(3148, 212, 'Sambutan', 5363, 0),
(3149, 212, 'Sungai Kunjang', 5364, 0),
(3150, 212, 'Sungai Pinang', 5365, 0),
(3151, 213, 'Peso', 1298, 0),
(3152, 213, 'Peso Hilir/Ilir', 1299, 0),
(3153, 213, 'Pulau Bunyu', 1300, 0),
(3154, 213, 'Sekatak', 1301, 0),
(3155, 213, 'Tanjung Palas', 1302, 0),
(3156, 213, 'Tanjung Palas Barat', 1303, 0),
(3157, 213, 'Tanjung Palas Tengah', 1304, 0),
(3158, 213, 'Tanjung Palas Timur', 1305, 0),
(3159, 213, 'Tanjung Palas Utara', 1306, 0),
(3160, 213, 'Tanjung Selor', 1307, 0),
(3161, 214, 'Bahau Hulu', 3639, 0),
(3162, 214, 'Kayan Hilir', 3640, 0),
(3163, 214, 'Kayan Hulu', 3641, 0),
(3164, 214, 'Kayan Selatan', 3642, 0),
(3165, 214, 'Malinau Barat', 3643, 0),
(3166, 214, 'Malinau Kota', 3644, 0),
(3167, 214, 'Malinau Selatan', 3645, 0),
(3168, 214, 'Malinau Selatan Hilir', 3646, 0),
(3169, 214, 'Malinau Selatan Hulu', 3647, 0),
(3170, 214, 'Malinau Utara', 3648, 0),
(3171, 214, 'Mentarang', 3649, 0),
(3172, 214, 'Mentarang Hulu', 3650, 0),
(3173, 214, 'Pujungan', 3651, 0),
(3174, 214, 'Sungai Boh', 3652, 0),
(3175, 214, 'Sungai Tubu', 3653, 0),
(3176, 215, 'Krayan', 4422, 0),
(3177, 215, 'Krayan Selatan', 4423, 0),
(3178, 215, 'Lumbis', 4424, 0),
(3179, 215, 'Lumbis Ogong', 4425, 0),
(3180, 215, 'Nunukan', 4426, 0),
(3181, 215, 'Nunukan Selatan', 4427, 0),
(3182, 215, 'Sebatik', 4428, 0),
(3183, 215, 'Sebatik Barat', 4429, 0),
(3184, 215, 'Sebatik Tengah', 4430, 0),
(3185, 215, 'Sebatik Timur', 4431, 0),
(3186, 215, 'Sebatik Utara', 4432, 0),
(3187, 215, 'Sebuku', 4433, 0),
(3188, 215, 'Sei Menggaris', 4434, 0),
(3189, 215, 'Sembakung', 4435, 0),
(3190, 215, 'Tulin Onsoi', 4436, 0),
(3191, 216, 'Betayau', 6210, 0),
(3192, 216, 'Sesayap', 6211, 0),
(3193, 216, 'Sesayap Hilir', 6212, 0),
(3194, 216, 'Tana Lia (Tanah Lia)', 6213, 0),
(3195, 217, 'Tarakan Barat', 6432, 0),
(3196, 217, 'Tarakan Tengah', 6433, 0),
(3197, 217, 'Tarakan Timur', 6434, 0),
(3198, 217, 'Tarakan Utara', 6435, 0),
(3199, 218, 'Batam Kota', 673, 0),
(3200, 218, 'Batu Aji', 674, 0),
(3201, 218, 'Batu Ampar', 675, 0),
(3202, 218, 'Belakang Padang', 676, 0),
(3203, 218, 'Bengkong', 677, 0),
(3204, 218, 'Bulang', 678, 0),
(3205, 218, 'Galang', 679, 0),
(3206, 218, 'Lubuk Baja', 680, 0),
(3207, 218, 'Nongsa', 681, 0),
(3208, 218, 'Sagulung', 682, 0),
(3209, 218, 'Sei/Sungai Beduk', 683, 0),
(3210, 218, 'Sekupang', 684, 0),
(3211, 219, 'Bintan Pesisir', 939, 0),
(3212, 219, 'Bintan Timur', 940, 0),
(3213, 219, 'Bintan Utara', 941, 0),
(3214, 219, 'Gunung Kijang', 942, 0),
(3215, 219, 'Mantang', 943, 0),
(3216, 219, 'Seri/Sri Kuala Lobam', 944, 0),
(3217, 219, 'Tambelan', 945, 0),
(3218, 219, 'Teluk Bintan', 946, 0),
(3219, 219, 'Teluk Sebong', 947, 0),
(3220, 219, 'Toapaya', 948, 0),
(3221, 220, 'Belat', 2408, 0),
(3222, 220, 'Buru', 2409, 0),
(3223, 220, 'Durai', 2410, 0),
(3224, 220, 'Karimun', 2411, 0),
(3225, 220, 'Kundur', 2412, 0),
(3226, 220, 'Kundur Barat', 2413, 0),
(3227, 220, 'Kundur Utara', 2414, 0),
(3228, 220, 'Meral', 2415, 0),
(3229, 220, 'Meral Barat', 2416, 0),
(3230, 220, 'Moro', 2417, 0),
(3231, 220, 'Tebing', 2418, 0),
(3232, 220, 'Ungar', 2419, 0),
(3233, 221, 'Jemaja', 2571, 0),
(3234, 221, 'Jemaja Timur', 2572, 0),
(3235, 221, 'Palmatak', 2573, 0),
(3236, 221, 'Siantan', 2574, 0),
(3237, 221, 'Siantan Selatan', 2575, 0),
(3238, 221, 'Siantan Tengah', 2576, 0),
(3239, 221, 'Siantan Timur', 2577, 0),
(3240, 222, 'Lingga', 3364, 0),
(3241, 222, 'Lingga Timur', 3365, 0),
(3242, 222, 'Lingga Utara', 3366, 0),
(3243, 222, 'Selayar', 3367, 0),
(3244, 222, 'Senayang', 3368, 0),
(3245, 222, 'Singkep', 3369, 0),
(3246, 222, 'Singkep Barat', 3370, 0),
(3247, 222, 'Singkep Pesisir', 3371, 0),
(3248, 223, 'Bunguran Barat', 4267, 0),
(3249, 223, 'Bunguran Selatan', 4268, 0),
(3250, 223, 'Bunguran Tengah', 4269, 0),
(3251, 223, 'Bunguran Timur', 4270, 0),
(3252, 223, 'Bunguran Timur Laut', 4271, 0),
(3253, 223, 'Bunguran Utara', 4272, 0),
(3254, 223, 'Midai', 4273, 0),
(3255, 223, 'Pulau Laut', 4274, 0),
(3256, 223, 'Pulau Tiga', 4275, 0),
(3257, 223, 'Serasan', 4276, 0),
(3258, 223, 'Serasan Timur', 4277, 0),
(3259, 223, 'Subi', 4278, 0),
(3260, 224, 'Bukit Bestari', 6367, 0),
(3261, 224, 'Tanjung Pinang Barat', 6368, 0),
(3262, 224, 'Tanjung Pinang Kota', 6369, 0),
(3263, 224, 'Tanjung Pinang Timur', 6370, 0),
(3264, 225, 'Bumi Waras', 287, 0),
(3265, 225, 'Enggal', 288, 0),
(3266, 225, 'Kedamaian', 289, 0),
(3267, 225, 'Kedaton', 290, 0),
(3268, 225, 'Kemiling', 291, 0),
(3269, 225, 'Labuhan Ratu', 292, 0),
(3270, 225, 'Langkapura', 293, 0),
(3271, 225, 'Panjang', 294, 0),
(3272, 225, 'Rajabasa', 295, 0),
(3273, 225, 'Sukabumi', 296, 0),
(3274, 225, 'Sukarame', 297, 0),
(3275, 225, 'Tanjung Karang Barat', 298, 0),
(3276, 225, 'Tanjung Karang Pusat', 299, 0),
(3277, 225, 'Tanjung Karang Timur', 300, 0),
(3278, 225, 'Tanjung Senang', 301, 0),
(3279, 225, 'Telukbetung Barat', 302, 0),
(3280, 225, 'Telukbetung Selatan', 303, 0),
(3281, 225, 'Telukbetung Timur', 304, 0),
(3282, 225, 'Telukbetung Utara', 305, 0),
(3283, 225, 'Way Halim', 306, 0),
(3284, 226, 'Air Hitam', 3140, 0),
(3285, 226, 'Balik Bukit', 3141, 0),
(3286, 226, 'Bandar Negeri Suoh', 3142, 0),
(3287, 226, 'Batu Brak', 3143, 0),
(3288, 226, 'Batu Ketulis', 3144, 0),
(3289, 226, 'Belalau', 3145, 0),
(3290, 226, 'Gedung Surian', 3146, 0),
(3291, 226, 'Kebun Tebu', 3147, 0),
(3292, 226, 'Lumbok Seminung', 3148, 0),
(3293, 226, 'Pagar Dewa', 3149, 0),
(3294, 226, 'Sekincau', 3150, 0),
(3295, 226, 'Sukau', 3151, 0),
(3296, 226, 'Sumber Jaya', 3152, 0),
(3297, 226, 'Suoh', 3153, 0),
(3298, 226, 'Way Tenong', 3154, 0),
(3299, 227, 'Bakauheni', 3155, 0),
(3300, 227, 'Candipuro', 3156, 0),
(3301, 227, 'Jati Agung', 3157, 0),
(3302, 227, 'Kalianda', 3158, 0),
(3303, 227, 'Katibung', 3159, 0),
(3304, 227, 'Ketapang', 3160, 0),
(3305, 227, 'Merbau Mataram', 3161, 0),
(3306, 227, 'Natar', 3162, 0),
(3307, 227, 'Palas', 3163, 0),
(3308, 227, 'Penengahan', 3164, 0),
(3309, 227, 'Rajabasa', 3165, 0),
(3310, 227, 'Sidomulyo', 3166, 0),
(3311, 227, 'Sragi', 3167, 0),
(3312, 227, 'Tanjung Bintang', 3168, 0),
(3313, 227, 'Tanjung Sari', 3169, 0),
(3314, 227, 'Way Panji', 3170, 0),
(3315, 227, 'Way Sulan', 3171, 0),
(3316, 228, 'Anak Ratu Aji', 3172, 0),
(3317, 228, 'Anak Tuha', 3173, 0),
(3318, 228, 'Bandar Mataram', 3174, 0),
(3319, 228, 'Bandar Surabaya', 3175, 0),
(3320, 228, 'Bangunrejo', 3176, 0),
(3321, 228, 'Bekri', 3177, 0),
(3322, 228, 'Bumi Nabung', 3178, 0),
(3323, 228, 'Bumi Ratu Nuban', 3179, 0),
(3324, 228, 'Gunung Sugih', 3180, 0),
(3325, 228, 'Kalirejo', 3181, 0),
(3326, 228, 'Kota Gajah', 3182, 0),
(3327, 228, 'Padang Ratu', 3183, 0),
(3328, 228, 'Pubian', 3184, 0),
(3329, 228, 'Punggur', 3185, 0),
(3330, 228, 'Putra Rumbia', 3186, 0),
(3331, 228, 'Rumbia', 3187, 0),
(3332, 228, 'Selagai Lingga', 3188, 0),
(3333, 228, 'Sendang Agung', 3189, 0),
(3334, 228, 'Seputih Agung', 3190, 0),
(3335, 228, 'Seputih Banyak', 3191, 0),
(3336, 228, 'Seputih Mataram', 3192, 0),
(3337, 228, 'Seputih Raman', 3193, 0),
(3338, 228, 'Seputih Surabaya', 3194, 0),
(3339, 228, 'Terbanggi Besar', 3195, 0),
(3340, 228, 'Terusan Nunyai', 3196, 0),
(3341, 228, 'Trimurjo', 3197, 0),
(3342, 228, 'Way Pangubuan (Pengubuan)', 3198, 0),
(3343, 228, 'Way Seputih', 3199, 0),
(3344, 229, 'Bandar Sribawono', 3200, 0),
(3345, 229, 'Batanghari', 3201, 0),
(3346, 229, 'Batanghari Nuban', 3202, 0),
(3347, 229, 'Braja Slebah', 3203, 0),
(3348, 229, 'Bumi Agung', 3204, 0),
(3349, 229, 'Gunung Pelindung', 3205, 0),
(3350, 229, 'Jabung', 3206, 0),
(3351, 229, 'Labuhan Maringgai', 3207, 0),
(3352, 229, 'Labuhan Ratu', 3208, 0),
(3353, 229, 'Marga Sekampung', 3209, 0),
(3354, 229, 'Margatiga', 3210, 0),
(3355, 229, 'Mataram Baru', 3211, 0),
(3356, 229, 'Melinting', 3212, 0),
(3357, 229, 'Metro Kibang', 3213, 0),
(3358, 229, 'Pasir Sakti', 3214, 0),
(3359, 229, 'Pekalongan', 3215, 0),
(3360, 229, 'Purbolinggo', 3216, 0),
(3361, 229, 'Raman Utara', 3217, 0),
(3362, 229, 'Sekampung', 3218, 0),
(3363, 229, 'Sekampung Udik', 3219, 0),
(3364, 229, 'Sukadana', 3220, 0),
(3365, 229, 'Waway Karya', 3221, 0),
(3366, 229, 'Way Bungur (Purbolinggo Utara)', 3222, 0),
(3367, 229, 'Way Jepara', 3223, 0),
(3368, 230, 'Abung Barat', 3224, 0),
(3369, 230, 'Abung Kunang', 3225, 0),
(3370, 230, 'Abung Pekurun', 3226, 0),
(3371, 230, 'Abung Selatan', 3227, 0),
(3372, 230, 'Abung Semuli', 3228, 0),
(3373, 230, 'Abung Surakarta', 3229, 0),
(3374, 230, 'Abung Tengah', 3230, 0),
(3375, 230, 'Abung Timur', 3231, 0),
(3376, 230, 'Abung Tinggi', 3232, 0),
(3377, 230, 'Blambangan Pagar', 3233, 0),
(3378, 230, 'Bukit Kemuning', 3234, 0),
(3379, 230, 'Bunga Mayang', 3235, 0),
(3380, 230, 'Hulu Sungkai', 3236, 0),
(3381, 230, 'Kotabumi', 3237, 0),
(3382, 230, 'Kotabumi Selatan', 3238, 0),
(3383, 230, 'Kotabumi Utara', 3239, 0),
(3384, 230, 'Muara Sungkai', 3240, 0),
(3385, 230, 'Sungkai Barat', 3241, 0),
(3386, 230, 'Sungkai Jaya', 3242, 0),
(3387, 230, 'Sungkai Selatan', 3243, 0),
(3388, 230, 'Sungkai Tengah', 3244, 0),
(3389, 230, 'Sungkai Utara', 3245, 0),
(3390, 230, 'Tanjung Raja', 3246, 0),
(3391, 231, 'Mesuji', 3982, 0),
(3392, 231, 'Mesuji Timur', 3983, 0),
(3393, 231, 'Panca Jaya', 3984, 0),
(3394, 231, 'Rawa Jitu Utara', 3985, 0),
(3395, 231, 'Simpang Pematang', 3986, 0),
(3396, 231, 'Tanjung Raya', 3987, 0),
(3397, 231, 'Way Serdang', 3988, 0),
(3398, 232, 'Metro Barat', 3989, 0),
(3399, 232, 'Metro Pusat', 3990, 0),
(3400, 232, 'Metro Selatan', 3991, 0),
(3401, 232, 'Metro Timur', 3992, 0),
(3402, 232, 'Metro Utara', 3993, 0),
(3403, 233, 'Gedong Tataan (Gedung Tataan)', 4964, 0),
(3404, 233, 'Kedondong', 4965, 0),
(3405, 233, 'Marga Punduh', 4966, 0),
(3406, 233, 'Negeri Katon', 4967, 0),
(3407, 233, 'Padang Cermin', 4968, 0),
(3408, 233, 'Punduh Pidada (Pedada)', 4969, 0),
(3409, 233, 'Tegineneng', 4970, 0),
(3410, 233, 'Way Khilau', 4971, 0),
(3411, 233, 'Way Lima', 4972, 0),
(3412, 234, 'Bengkunat', 4973, 0),
(3413, 234, 'Bengkunat Belimbing', 4974, 0),
(3414, 234, 'Karya Penggawa', 4975, 0),
(3415, 234, 'Krui Selatan', 4976, 0),
(3416, 234, 'Lemong', 4977, 0),
(3417, 234, 'Ngambur', 4978, 0),
(3418, 234, 'Pesisir Selatan', 4979, 0),
(3419, 234, 'Pesisir Tengah', 4980, 0),
(3420, 234, 'Pesisir Utara', 4981, 0),
(3421, 234, 'Pulau Pisang', 4982, 0),
(3422, 234, 'Way Krui', 4983, 0),
(3423, 235, 'Adi Luwih', 5132, 0),
(3424, 235, 'Ambarawa', 5133, 0),
(3425, 235, 'Banyumas', 5134, 0),
(3426, 235, 'Gading Rejo', 5135, 0),
(3427, 235, 'Pagelaran', 5136, 0),
(3428, 235, 'Pagelaran Utara', 5137, 0),
(3429, 235, 'Pardasuka', 5138, 0),
(3430, 235, 'Pringsewu', 5139, 0),
(3431, 235, 'Sukoharjo', 5140, 0),
(3432, 236, 'Air Naningan', 6317, 0),
(3433, 236, 'Bandar Negeri Semuong', 6318, 0),
(3434, 236, 'Bulok', 6319, 0),
(3435, 236, 'Cukuh Balak', 6320, 0),
(3436, 236, 'Gisting', 6321, 0),
(3437, 236, 'Gunung Alip', 6322, 0),
(3438, 236, 'Kelumbayan', 6323, 0),
(3439, 236, 'Kelumbayan Barat', 6324, 0),
(3440, 236, 'Kota Agung (Kota Agung Pusat)', 6325, 0),
(3441, 236, 'Kota Agung Barat', 6326, 0),
(3442, 236, 'Kota Agung Timur', 6327, 0),
(3443, 236, 'Limau', 6328, 0),
(3444, 236, 'Pematang Sawa', 6329, 0),
(3445, 236, 'Pugung', 6330, 0),
(3446, 236, 'Pulau Panggung', 6331, 0),
(3447, 236, 'Semaka', 6332, 0),
(3448, 236, 'Sumberejo', 6333, 0),
(3449, 236, 'Talang Padang', 6334, 0),
(3450, 236, 'Ulubelu', 6335, 0),
(3451, 236, 'Wonosobo', 6336, 0),
(3452, 237, 'Banjar Agung', 6798, 0),
(3453, 237, 'Banjar Baru', 6799, 0),
(3454, 237, 'Banjar Margo', 6800, 0),
(3455, 237, 'Dente Teladas', 6801, 0),
(3456, 237, 'Gedung Aji', 6802, 0),
(3457, 237, 'Gedung Aji Baru', 6803, 0),
(3458, 237, 'Gedung Meneng', 6804, 0),
(3459, 237, 'Menggala', 6805, 0),
(3460, 237, 'Menggala Timur', 6806, 0),
(3461, 237, 'Meraksa Aji', 6807, 0),
(3462, 237, 'Penawar Aji', 6808, 0),
(3463, 237, 'Penawar Tama', 6809, 0),
(3464, 237, 'Rawa Pitu', 6810, 0),
(3465, 237, 'Rawajitu Selatan', 6811, 0),
(3466, 237, 'Rawajitu Timur', 6812, 0),
(3467, 238, 'Gunung Agung', 6813, 0),
(3468, 238, 'Gunung Terang', 6814, 0),
(3469, 238, 'Lambu Kibang', 6815, 0),
(3470, 238, 'Pagar Dewa', 6816, 0),
(3471, 238, 'Tulang Bawang Tengah', 6817, 0),
(3472, 238, 'Tulang Bawang Udik', 6818, 0),
(3473, 238, 'Tumijajar', 6819, 0),
(3474, 238, 'Way Kenanga', 6820, 0),
(3475, 239, 'Bahuga', 6871, 0),
(3476, 239, 'Banjit', 6872, 0),
(3477, 239, 'Baradatu', 6873, 0),
(3478, 239, 'Blambangan Umpu', 6874, 0),
(3479, 239, 'Buay Bahuga', 6875, 0),
(3480, 239, 'Bumi Agung', 6876, 0),
(3481, 239, 'Gunung Labuhan', 6877, 0),
(3482, 239, 'Kasui', 6878, 0),
(3483, 239, 'Negara Batin', 6879, 0),
(3484, 239, 'Negeri Agung', 6880, 0),
(3485, 239, 'Negeri Besar', 6881, 0),
(3486, 239, 'Pakuan Ratu', 6882, 0),
(3487, 239, 'Rebang Tangkas', 6883, 0),
(3488, 239, 'Way Tuba', 6884, 0),
(3489, 240, 'Baguala', 209, 0),
(3490, 240, 'Leitimur Selatan', 210, 0),
(3491, 240, 'Nusaniwe (Nusanive)', 211, 0),
(3492, 240, 'Sirimau', 212, 0),
(3493, 240, 'Teluk Ambon', 213, 0),
(3494, 241, 'Airbuaya', 1336, 0),
(3495, 241, 'Batabual', 1337, 0),
(3496, 241, 'Fena Leisela', 1338, 0),
(3497, 241, 'Lilialy', 1339, 0),
(3498, 241, 'Lolong Guba', 1340, 0),
(3499, 241, 'Namlea', 1341, 0),
(3500, 241, 'Teluk Kaiely', 1342, 0),
(3501, 241, 'Waeapo', 1343, 0),
(3502, 241, 'Waelata', 1344, 0),
(3503, 241, 'Waplau', 1345, 0),
(3504, 242, 'Ambalau', 1346, 0),
(3505, 242, 'Fena Fafan', 1347, 0),
(3506, 242, 'Kepala Madan', 1348, 0),
(3507, 242, 'Leksula', 1349, 0),
(3508, 242, 'Namrole', 1350, 0),
(3509, 242, 'Waesama', 1351, 0),
(3510, 243, 'Aru Selatan', 2578, 0),
(3511, 243, 'Aru Selatan Timur', 2579, 0),
(3512, 243, 'Aru Selatan Utara', 2580, 0),
(3513, 243, 'Aru Tengah', 2581, 0),
(3514, 243, 'Aru Tengah Selatan', 2582, 0),
(3515, 243, 'Aru Tengah Timur', 2583, 0),
(3516, 243, 'Aru Utara', 2584, 0),
(3517, 243, 'Aru Utara Timur Batuley', 2585, 0),
(3518, 243, 'Pulau-Pulau Aru', 2586, 0),
(3519, 243, 'Sir-Sir', 2587, 0),
(3520, 244, 'Damer', 3654, 0),
(3521, 244, 'Dawelor Dawera', 3655, 0),
(3522, 244, 'Kepulauan Romang', 3656, 0),
(3523, 244, 'Kisar Utara', 3657, 0),
(3524, 244, 'Mdona Hyera/Hiera', 3658, 0),
(3525, 244, 'Moa Lakor', 3659, 0),
(3526, 244, 'Pulau Lakor', 3660, 0),
(3527, 244, 'Pulau Letti (Leti Moa Lakor)', 3661, 0),
(3528, 244, 'Pulau Masela', 3662, 0),
(3529, 244, 'Pulau Pulau Babar', 3663, 0),
(3530, 244, 'Pulau Pulau Terselatan', 3664, 0),
(3531, 244, 'Pulau Wetang', 3665, 0),
(3532, 244, 'Pulau-Pulau Babar Timur', 3666, 0),
(3533, 244, 'Wetar', 3667, 0),
(3534, 244, 'Wetar Barat', 3668, 0),
(3535, 244, 'Wetar Timur', 3669, 0),
(3536, 244, 'Wetar Utara', 3670, 0),
(3537, 245, 'Amahai', 3671, 0),
(3538, 245, 'Banda', 3672, 0),
(3539, 245, 'Leihitu', 3673, 0),
(3540, 245, 'Leihitu Barat', 3674, 0),
(3541, 245, 'Masohi Kota', 3675, 0),
(3542, 245, 'Nusalaut', 3676, 0),
(3543, 245, 'Pulau Haruku', 3677, 0),
(3544, 245, 'Salahutu', 3678, 0),
(3545, 245, 'Saparua', 3679, 0),
(3546, 245, 'Saparua Timur', 3680, 0),
(3547, 245, 'Seram Utara', 3681, 0),
(3548, 245, 'Seram Utara Barat', 3682, 0),
(3549, 245, 'Seram Utara Timur Kobi', 3683, 0),
(3550, 245, 'Seram Utara Timur Seti', 3684, 0),
(3551, 245, 'Tehoru', 3685, 0),
(3552, 245, 'Teluk Elpaputih', 3686, 0),
(3553, 245, 'Telutih', 3687, 0),
(3554, 245, 'Teon Nila Serua', 3688, 0),
(3555, 246, 'Hoat Sorbay', 3689, 0),
(3556, 246, 'Kei Besar', 3690, 0),
(3557, 246, 'Kei Besar Selatan', 3691, 0),
(3558, 246, 'Kei Besar Selatan Barat', 3692, 0),
(3559, 246, 'Kei Besar Utara Barat', 3693, 0),
(3560, 246, 'Kei Besar Utara Timur', 3694, 0),
(3561, 246, 'Kei Kecil', 3695, 0),
(3562, 246, 'Kei Kecil Barat', 3696, 0),
(3563, 246, 'Kei Kecil Timur', 3697, 0),
(3564, 246, 'Kei Kecil Timur Selatan', 3698, 0),
(3565, 246, 'Manyeuw', 3699, 0),
(3566, 247, 'Kormomolin', 3700, 0),
(3567, 247, 'Molu Maru', 3701, 0),
(3568, 247, 'Nirunmas', 3702, 0),
(3569, 247, 'Selaru', 3703, 0),
(3570, 247, 'Tanimbar Selatan', 3704, 0),
(3571, 247, 'Tanimbar Utara', 3705, 0),
(3572, 247, 'Wermakatian (Wer Maktian)', 3706, 0),
(3573, 247, 'Wertamrian', 3707, 0),
(3574, 247, 'Wuarlabobar', 3708, 0),
(3575, 247, 'Yaru', 3709, 0),
(3576, 248, 'Amalatu', 5514, 0),
(3577, 248, 'Elpaputih', 5515, 0),
(3578, 248, 'Huamual', 5516, 0),
(3579, 248, 'Huamual Belakang (Waisala)', 5517, 0),
(3580, 248, 'Inamosol', 5518, 0),
(3581, 248, 'Kairatu', 5519, 0),
(3582, 248, 'Kairatu Barat', 5520, 0),
(3583, 248, 'Kepulauan Manipa', 5521, 0),
(3584, 248, 'Seram Barat', 5522, 0),
(3585, 248, 'Taniwel', 5523, 0),
(3586, 248, 'Taniwel Timur', 5524, 0),
(3587, 249, 'Bula', 5525, 0),
(3588, 249, 'Bula Barat', 5526, 0),
(3589, 249, 'Gorom Timur', 5527, 0),
(3590, 249, 'Kian Darat', 5528, 0),
(3591, 249, 'Kilmury', 5529, 0),
(3592, 249, 'Pulau Gorong (Gorom)', 5530, 0),
(3593, 249, 'Pulau Panjang', 5531, 0),
(3594, 249, 'Seram Timur', 5532, 0),
(3595, 249, 'Siritaun Wida Timur', 5533, 0),
(3596, 249, 'Siwalalat', 5534, 0),
(3597, 249, 'Teluk Waru', 5535, 0),
(3598, 249, 'Teor', 5536, 0),
(3599, 249, 'Tutuk Tolu', 5537, 0),
(3600, 249, 'Wakate', 5538, 0),
(3601, 249, 'Werinama', 5539, 0),
(3602, 250, 'Kur Selatan', 6773, 0),
(3603, 250, 'Pulau Dullah Selatan', 6774, 0),
(3604, 250, 'Pulau Dullah Utara', 6775, 0),
(3605, 250, 'Pulau Tayando Tam', 6776, 0),
(3606, 250, 'Pulau-Pulau Kur', 6777, 0),
(3607, 251, 'Ibu', 1901, 0),
(3608, 251, 'Ibu Selatan', 1902, 0),
(3609, 251, 'Ibu Utara', 1903, 0),
(3610, 251, 'Jailolo', 1904, 0),
(3611, 251, 'Jailolo Selatan', 1905, 0),
(3612, 251, 'Loloda', 1906, 0),
(3613, 251, 'Sahu', 1907, 0),
(3614, 251, 'Sahu Timur', 1908, 0),
(3615, 252, 'Bacan', 1909, 0),
(3616, 252, 'Bacan Barat', 1910, 0),
(3617, 252, 'Bacan Barat Utara', 1911, 0),
(3618, 252, 'Bacan Selatan', 1912, 0),
(3619, 252, 'Bacan Timur', 1913, 0),
(3620, 252, 'Bacan Timur Selatan', 1914, 0),
(3621, 252, 'Bacan Timur Tengah', 1915, 0),
(3622, 252, 'Gane Barat', 1916, 0),
(3623, 252, 'Gane Barat Selatan', 1917, 0),
(3624, 252, 'Gane Barat Utara', 1918, 0),
(3625, 252, 'Gane Timur', 1919, 0),
(3626, 252, 'Gane Timur Selatan', 1920, 0),
(3627, 252, 'Gane Timur Tengah', 1921, 0),
(3628, 252, 'Kasiruta Barat', 1922, 0),
(3629, 252, 'Kasiruta Timur', 1923, 0),
(3630, 252, 'Kayoa', 1924, 0),
(3631, 252, 'Kayoa Barat', 1925, 0),
(3632, 252, 'Kayoa Selatan', 1926, 0),
(3633, 252, 'Kayoa Utara', 1927, 0),
(3634, 252, 'Kepulauan Botanglomang', 1928, 0),
(3635, 252, 'Kepulauan Joronga', 1929, 0),
(3636, 252, 'Makian (Pulau Makian)', 1930, 0),
(3637, 252, 'Makian Barat (Pulau Makian)', 1931, 0),
(3638, 252, 'Mandioli Selatan', 1932, 0),
(3639, 252, 'Mandioli Utara', 1933, 0),
(3640, 252, 'Obi', 1934, 0),
(3641, 252, 'Obi Barat', 1935, 0),
(3642, 252, 'Obi Selatan', 1936, 0),
(3643, 252, 'Obi Timur', 1937, 0),
(3644, 252, 'Obi Utara', 1938, 0),
(3645, 253, 'Patani', 1939, 0),
(3646, 253, 'Patani Barat', 1940, 0),
(3647, 253, 'Patani Utara', 1941, 0),
(3648, 253, 'Pulau Gebe', 1942, 0),
(3649, 253, 'Weda', 1943, 0),
(3650, 253, 'Weda Selatan', 1944, 0),
(3651, 253, 'Weda Tengah', 1945, 0),
(3652, 253, 'Weda Utara', 1946, 0),
(3653, 254, 'Kota Maba', 1947, 0),
(3654, 254, 'Maba', 1948, 0),
(3655, 254, 'Maba Selatan', 1949, 0),
(3656, 254, 'Maba Tengah', 1950, 0),
(3657, 254, 'Maba Utara', 1951, 0),
(3658, 254, 'Wasile', 1952, 0),
(3659, 254, 'Wasile Selatan', 1953, 0),
(3660, 254, 'Wasile Tengah', 1954, 0),
(3661, 254, 'Wasile Timur', 1955, 0),
(3662, 254, 'Wasile Utara', 1956, 0),
(3663, 255, 'Galela', 1957, 0),
(3664, 255, 'Galela Barat', 1958, 0),
(3665, 255, 'Galela Selatan', 1959, 0),
(3666, 255, 'Galela Utara', 1960, 0),
(3667, 255, 'Kao', 1961, 0),
(3668, 255, 'Kao Barat', 1962, 0),
(3669, 255, 'Kao Teluk', 1963, 0),
(3670, 255, 'Kao Utara', 1964, 0),
(3671, 255, 'Loloda Kepulauan', 1965, 0),
(3672, 255, 'Loloda Utara', 1966, 0),
(3673, 255, 'Malifut', 1967, 0),
(3674, 255, 'Tobelo', 1968, 0),
(3675, 255, 'Tobelo Barat', 1969, 0),
(3676, 255, 'Tobelo Selatan', 1970, 0),
(3677, 255, 'Tobelo Tengah', 1971, 0),
(3678, 255, 'Tobelo Timur', 1972, 0),
(3679, 255, 'Tobelo Utara', 1973, 0),
(3680, 256, 'Lede', 2634, 0),
(3681, 256, 'Mangoli Barat', 2635, 0),
(3682, 256, 'Mangoli Selatan', 2636, 0),
(3683, 256, 'Mangoli Tengah', 2637, 0),
(3684, 256, 'Mangoli Timur', 2638, 0),
(3685, 256, 'Mangoli Utara', 2639, 0),
(3686, 256, 'Mangoli Utara Timur', 2640, 0),
(3687, 256, 'Sanana', 2641, 0),
(3688, 256, 'Sanana Utara', 2642, 0),
(3689, 256, 'Sulabesi Barat', 2643, 0),
(3690, 256, 'Sulabesi Selatan', 2644, 0),
(3691, 256, 'Sulabesi Tengah', 2645, 0),
(3692, 256, 'Sulabesi Timur', 2646, 0),
(3693, 256, 'Taliabu Barat', 2647, 0),
(3694, 256, 'Taliabu Barat Laut', 2648, 0),
(3695, 256, 'Taliabu Selatan', 2649, 0),
(3696, 256, 'Taliabu Timur', 2650, 0),
(3697, 256, 'Taliabu Timur Selatan', 2651, 0),
(3698, 256, 'Taliabu Utara', 2652, 0),
(3699, 257, 'Morotai Jaya', 5178, 0),
(3700, 257, 'Morotai Selatan', 5179, 0),
(3701, 257, 'Morotai Selatan Barat', 5180, 0),
(3702, 257, 'Morotai Timur', 5181, 0),
(3703, 257, 'Morotai Utara', 5182, 0),
(3704, 258, 'Moti (Pulau Moti)', 6581, 0),
(3705, 258, 'Pulau Batang Dua', 6582, 0),
(3706, 258, 'Pulau Hiri', 6583, 0),
(3707, 258, 'Pulau Ternate', 6584, 0),
(3708, 258, 'Ternate Selatan (Kota)', 6585, 0),
(3709, 258, 'Ternate Tengah (Kota)', 6586, 0),
(3710, 258, 'Ternate Utara (Kota)', 6587, 0),
(3711, 259, 'Oba', 6588, 0),
(3712, 259, 'Oba Selatan', 6589, 0),
(3713, 259, 'Oba Tengah', 6590, 0),
(3714, 259, 'Oba Utara', 6591, 0),
(3715, 259, 'Tidore (Pulau Tidore)', 6592, 0),
(3716, 259, 'Tidore Selatan', 6593, 0),
(3717, 259, 'Tidore Timur (Pulau Tidore)', 6594, 0),
(3718, 259, 'Tidore Utara', 6595, 0),
(3719, 260, 'Arongan Lambalek', 1, 0),
(3720, 260, 'Bubon', 2, 0),
(3721, 260, 'Johan Pahlawan', 3, 0),
(3722, 260, 'Kaway XVI', 4, 0),
(3723, 260, 'Meureubo', 5, 0),
(3724, 260, 'Pante Ceureumen (Pantai Ceuremen)', 6, 0),
(3725, 260, 'Panton Reu', 7, 0),
(3726, 260, 'Samatiga', 8, 0),
(3727, 260, 'Sungai Mas', 9, 0),
(3728, 260, 'Woyla', 10, 0),
(3729, 260, 'Woyla Barat', 11, 0),
(3730, 260, 'Woyla Timur', 12, 0),
(3731, 261, 'Babah Rot', 13, 0),
(3732, 261, 'Blang Pidie', 14, 0),
(3733, 261, 'Jeumpa', 15, 0),
(3734, 261, 'Kuala Batee', 16, 0),
(3735, 261, 'Lembah Sabil', 17, 0),
(3736, 261, 'Manggeng', 18, 0),
(3737, 261, 'Setia', 19, 0),
(3738, 261, 'Susoh', 20, 0),
(3739, 261, 'Tangan-Tangan', 21, 0),
(3740, 262, 'Baitussalam', 22, 0),
(3741, 262, 'Blank Bintang', 23, 0),
(3742, 262, 'Darul Imarah', 24, 0),
(3743, 262, 'Darul Kamal', 25, 0),
(3744, 262, 'Darussalam', 26, 0),
(3745, 262, 'Indrapuri', 27, 0),
(3746, 262, 'Ingin Jaya', 28, 0),
(3747, 262, 'Kota Cot Glie (Kuta Cot Glie)', 29, 0),
(3748, 262, 'Kota Jantho', 30, 0),
(3749, 262, 'Kota Malaka (Kuta Malaka)', 31, 0),
(3750, 262, 'Krueng Barona Jaya', 32, 0),
(3751, 262, 'Kuta Baro', 33, 0),
(3752, 262, 'Lembah Seulawah', 34, 0),
(3753, 262, 'Leupung', 35, 0),
(3754, 262, 'Lhoknga (Lho\'nga)', 36, 0),
(3755, 262, 'Lhoong', 37, 0),
(3756, 262, 'Mantasiek (Montasik)', 38, 0),
(3757, 262, 'Mesjid Raya', 39, 0),
(3758, 262, 'Peukan Bada', 40, 0),
(3759, 262, 'Pulo Aceh', 41, 0),
(3760, 262, 'Seulimeum', 42, 0),
(3761, 262, 'Simpang Tiga', 43, 0),
(3762, 262, 'Suka Makmur', 44, 0),
(3763, 263, 'Darul Hikmah', 45, 0),
(3764, 263, 'Indra Jaya', 46, 0),
(3765, 263, 'Jaya', 47, 0),
(3766, 263, 'Keude Panga', 48, 0),
(3767, 263, 'Krueng Sabee', 49, 0),
(3768, 263, 'Pasie Raya', 50, 0),
(3769, 263, 'Sampoiniet', 51, 0),
(3770, 263, 'Setia Bakti', 52, 0),
(3771, 263, 'Teunom', 53, 0),
(3772, 264, 'Bakongan', 54, 0),
(3773, 264, 'Bakongan Timur', 55, 0),
(3774, 264, 'Kluet Selatan', 56, 0),
(3775, 264, 'Kluet Tengah', 57, 0),
(3776, 264, 'Kluet Timur', 58, 0),
(3777, 264, 'Kluet Utara', 59, 0),
(3778, 264, 'Kota Bahagia', 60, 0),
(3779, 264, 'Labuhan Haji', 61, 0),
(3780, 264, 'Labuhan Haji Barat', 62, 0),
(3781, 264, 'Labuhan Haji Timur', 63, 0),
(3782, 264, 'Meukek', 64, 0),
(3783, 264, 'Pasie Raja', 65, 0),
(3784, 264, 'Sama Dua', 66, 0),
(3785, 264, 'Sawang', 67, 0),
(3786, 264, 'Tapak Tuan', 68, 0),
(3787, 264, 'Trumon', 69, 0),
(3788, 264, 'Trumon Tengah', 70, 0),
(3789, 264, 'Trumon Timur', 71, 0),
(3790, 265, 'Danau Paris', 72, 0),
(3791, 265, 'Gunung Meriah (Mariah)', 73, 0),
(3792, 265, 'Kota Baharu', 74, 0),
(3793, 265, 'Kuala Baru', 75, 0),
(3794, 265, 'Pulau Banyak', 76, 0),
(3795, 265, 'Pulau Banyak Barat', 77, 0),
(3796, 265, 'Simpang Kanan', 78, 0),
(3797, 265, 'Singkil', 79, 0),
(3798, 265, 'Singkil Utara', 80, 0),
(3799, 265, 'Singkohor', 81, 0),
(3800, 265, 'Suro Makmur', 82, 0),
(3801, 266, 'Banda Mulia', 83, 0),
(3802, 266, 'Bandar Pusaka', 84, 0),
(3803, 266, 'Bendahara', 85, 0),
(3804, 266, 'Karang Baru', 86, 0),
(3805, 266, 'Kejuruan Muda', 87, 0),
(3806, 266, 'Kota Kuala Simpang', 88, 0),
(3807, 266, 'Manyak Payed', 89, 0),
(3808, 266, 'Rantau', 90, 0),
(3809, 266, 'Sekerak', 91, 0),
(3810, 266, 'Seruway', 92, 0),
(3811, 266, 'Tamiang Hulu', 93, 0),
(3812, 266, 'Tenggulun', 94, 0),
(3813, 267, 'Atu Lintang', 95, 0),
(3814, 267, 'Bebesen', 96, 0),
(3815, 267, 'Bies', 97, 0),
(3816, 267, 'Bintang', 98, 0),
(3817, 267, 'Celala', 99, 0),
(3818, 267, 'Jagong Jeget', 100, 0),
(3819, 267, 'Kebayakan', 101, 0),
(3820, 267, 'Ketol', 102, 0),
(3821, 267, 'Kute Panang', 103, 0),
(3822, 267, 'Linge', 104, 0),
(3823, 267, 'Lut Tawar', 105, 0),
(3824, 267, 'Pegasing', 106, 0),
(3825, 267, 'Rusip Antara', 107, 0),
(3826, 267, 'Silih Nara', 108, 0),
(3827, 268, 'Babul Makmur', 109, 0),
(3828, 268, 'Babul Rahmah', 110, 0),
(3829, 268, 'Babussalam', 111, 0),
(3830, 268, 'Badar', 112, 0),
(3831, 268, 'Bambel', 113, 0),
(3832, 268, 'Bukit Tusam', 114, 0),
(3833, 268, 'Darul Hasanah', 115, 0),
(3834, 268, 'Deleng Pokhisen', 116, 0),
(3835, 268, 'Ketambe', 117, 0),
(3836, 268, 'Lawe Alas', 118, 0),
(3837, 268, 'Lawe Bulan', 119, 0),
(3838, 268, 'Lawe Sigala-Gala', 120, 0),
(3839, 268, 'Lawe Sumur', 121, 0),
(3840, 268, 'Leuser', 122, 0),
(3841, 268, 'Semadam', 123, 0),
(3842, 268, 'Tanah Alas', 124, 0),
(3843, 269, 'Banda Alam', 125, 0),
(3844, 269, 'Birem Bayeun', 126, 0),
(3845, 269, 'Darul Aman', 127, 0),
(3846, 269, 'Darul Falah', 128, 0),
(3847, 269, 'Darul Iksan (Ihsan)', 129, 0),
(3848, 269, 'Idi Rayeuk', 130, 0),
(3849, 269, 'Idi Timur', 131, 0),
(3850, 269, 'Idi Tunong', 132, 0),
(3851, 269, 'Indra Makmur', 133, 0),
(3852, 269, 'Julok', 134, 0),
(3853, 269, 'Madat', 135, 0),
(3854, 269, 'Nurussalam', 136, 0),
(3855, 269, 'Pante Bidari (Beudari)', 137, 0),
(3856, 269, 'Peudawa', 138, 0),
(3857, 269, 'Peunaron', 139, 0),
(3858, 269, 'Peureulak', 140, 0),
(3859, 269, 'Peureulak Barat', 141, 0),
(3860, 269, 'Peureulak Timur', 142, 0),
(3861, 269, 'Rantau Selamat', 143, 0),
(3862, 269, 'Ranto Peureulak', 144, 0),
(3863, 269, 'Serba Jadi', 145, 0),
(3864, 269, 'Simpang Jernih', 146, 0),
(3865, 269, 'Simpang Ulim', 147, 0),
(3866, 269, 'Sungai Raya', 148, 0),
(3867, 270, 'Baktiya', 149, 0),
(3868, 270, 'Baktiya Barat', 150, 0),
(3869, 270, 'Banda Baro', 151, 0),
(3870, 270, 'Cot Girek', 152, 0),
(3871, 270, 'Dewantara', 153, 0),
(3872, 270, 'Geuredong Pase', 154, 0),
(3873, 270, 'Kuta Makmur', 155, 0),
(3874, 270, 'Langkahan', 156, 0),
(3875, 270, 'Lapang', 157, 0),
(3876, 270, 'Lhoksukon', 158, 0),
(3877, 270, 'Matangkuli', 159, 0),
(3878, 270, 'Meurah Mulia', 160, 0),
(3879, 270, 'Muara Batu', 161, 0),
(3880, 270, 'Nibong', 162, 0),
(3881, 270, 'Nisam', 163, 0),
(3882, 270, 'Nisam Antara', 164, 0),
(3883, 270, 'Paya Bakong', 165, 0),
(3884, 270, 'Pirak Timur', 166, 0),
(3885, 270, 'Samudera', 167, 0),
(3886, 270, 'Sawang', 168, 0),
(3887, 270, 'Seunuddon (Seunudon)', 169, 0),
(3888, 270, 'Simpang Kramat (Keramat)', 170, 0),
(3889, 270, 'Syamtalira Aron', 171, 0),
(3890, 270, 'Syamtalira Bayu', 172, 0),
(3891, 270, 'Tanah Jambo Aye', 173, 0),
(3892, 270, 'Tanah Luas', 174, 0),
(3893, 270, 'Tanah Pasir', 175, 0),
(3894, 271, 'Baiturrahman', 278, 0),
(3895, 271, 'Banda Raya', 279, 0),
(3896, 271, 'Jaya Baru', 280, 0),
(3897, 271, 'Kuta Alam', 281, 0),
(3898, 271, 'Kuta Raja', 282, 0),
(3899, 271, 'Lueng Bata', 283, 0),
(3900, 271, 'Meuraxa', 284, 0),
(3901, 271, 'Syiah Kuala', 285, 0),
(3902, 271, 'Ulee Kareng', 286, 0),
(3903, 272, 'Bandar', 797, 0),
(3904, 272, 'Bener Kelipah', 798, 0),
(3905, 272, 'Bukit', 799, 0),
(3906, 272, 'Gajah Putih', 800, 0),
(3907, 272, 'Mesidah', 801, 0),
(3908, 272, 'Permata', 802, 0),
(3909, 272, 'Pintu Rime Gayo', 803, 0),
(3910, 272, 'Syiah Utama', 804, 0),
(3911, 272, 'Timang Gajah', 805, 0),
(3912, 272, 'Wih Pesam', 806, 0),
(3913, 273, 'Ganda Pura', 949, 0),
(3914, 273, 'Jangka', 950, 0),
(3915, 273, 'Jeumpa', 951, 0),
(3916, 273, 'Jeunieb', 952, 0),
(3917, 273, 'Juli', 953, 0),
(3918, 273, 'Kota Juang', 954, 0),
(3919, 273, 'Kuala', 955, 0),
(3920, 273, 'Kuta Blang', 956, 0),
(3921, 273, 'Makmur', 957, 0),
(3922, 273, 'Pandrah', 958, 0),
(3923, 273, 'Peudada', 959, 0),
(3924, 273, 'Peulimbang (Plimbang)', 960, 0),
(3925, 273, 'Peusangan', 961, 0),
(3926, 273, 'Peusangan Selatan', 962, 0),
(3927, 273, 'Peusangan Siblah Krueng', 963, 0),
(3928, 273, 'Samalanga', 964, 0),
(3929, 273, 'Simpang Mamplam', 965, 0),
(3930, 274, 'Blang Jerango', 1753, 0),
(3931, 274, 'Blang Kejeren', 1754, 0),
(3932, 274, 'Blang Pegayon', 1755, 0),
(3933, 274, 'Dabun Gelang (Debun Gelang)', 1756, 0),
(3934, 274, 'Kuta Panjang', 1757, 0),
(3935, 274, 'Pantan Cuaca', 1758, 0),
(3936, 274, 'Pining (Pinding)', 1759, 0),
(3937, 274, 'Putri Betung', 1760, 0),
(3938, 274, 'Rikit Gaib', 1761, 0),
(3939, 274, 'Terangun (Terangon)', 1762, 0),
(3940, 274, 'Teripe/Tripe Jaya', 1763, 0),
(3941, 275, 'Langsa Barat', 3283, 0),
(3942, 275, 'Langsa Baro', 3284, 0),
(3943, 275, 'Langsa Kota', 3285, 0),
(3944, 275, 'Langsa Lama', 3286, 0),
(3945, 275, 'Langsa Timur', 3287, 0),
(3946, 276, 'Banda Sakti', 3347, 0),
(3947, 276, 'Blang Mangat', 3348, 0),
(3948, 276, 'Muara Dua', 3349, 0),
(3949, 276, 'Muara Satu', 3350, 0),
(3950, 277, 'Beutong', 4250, 0),
(3951, 277, 'Beutong Ateuh Banggalang', 4251, 0),
(3952, 277, 'Darul Makmur', 4252, 0),
(3953, 277, 'Kuala', 4253, 0),
(3954, 277, 'Kuala Pesisir', 4254, 0),
(3955, 277, 'Seunagan', 4255, 0),
(3956, 277, 'Seunagan Timur', 4256, 0),
(3957, 277, 'Suka Makmue', 4257, 0),
(3958, 277, 'Tadu Raya', 4258, 0),
(3959, 277, 'Tripa Makmur', 4259, 0),
(3960, 278, 'Batee', 4999, 0),
(3961, 278, 'Delima', 5000, 0),
(3962, 278, 'Geumpang', 5001, 0),
(3963, 278, 'Glumpang Baro', 5002, 0),
(3964, 278, 'Glumpang Tiga (Geulumpang Tiga)', 5003, 0),
(3965, 278, 'Grong Grong', 5004, 0),
(3966, 278, 'Indrajaya', 5005, 0),
(3967, 278, 'Kembang Tanjong (Tanjung)', 5006, 0),
(3968, 278, 'Keumala', 5007, 0),
(3969, 278, 'Kota Sigli', 5008, 0),
(3970, 278, 'Mane', 5009, 0),
(3971, 278, 'Mila', 5010, 0),
(3972, 278, 'Muara Tiga', 5011, 0),
(3973, 278, 'Mutiara', 5012, 0),
(3974, 278, 'Mutiara Timur', 5013, 0),
(3975, 278, 'Padang Tiji', 5014, 0),
(3976, 278, 'Peukan Baro', 5015, 0),
(3977, 278, 'Pidie', 5016, 0),
(3978, 278, 'Sakti', 5017, 0),
(3979, 278, 'Simpang Tiga', 5018, 0),
(3980, 278, 'Tangse', 5019, 0),
(3981, 278, 'Tiro/Truseb', 5020, 0),
(3982, 278, 'Titeue', 5021, 0),
(3983, 279, 'Bandar Baru', 5022, 0),
(3984, 279, 'Bandar Dua', 5023, 0),
(3985, 279, 'Jangka Buya', 5024, 0),
(3986, 279, 'Meurah Dua', 5025, 0),
(3987, 279, 'Meureudu', 5026, 0),
(3988, 279, 'Panteraja', 5027, 0),
(3989, 279, 'Trienggadeng', 5028, 0),
(3990, 279, 'Ulim', 5029, 0),
(3991, 280, 'Sukajaya', 5344, 0),
(3992, 280, 'Sukakarya', 5345, 0),
(3993, 281, 'Alapan (Alafan)', 5724, 0),
(3994, 281, 'Salang', 5725, 0),
(3995, 281, 'Simeuleu Barat', 5726, 0),
(3996, 281, 'Simeuleu Tengah', 5727, 0),
(3997, 281, 'Simeuleu Timur', 5728, 0),
(3998, 281, 'Simeulue Cut', 5729, 0),
(3999, 281, 'Teluk Dalam', 5730, 0),
(4000, 281, 'Teupah Barat', 5731, 0),
(4001, 281, 'Teupah Selatan', 5732, 0),
(4002, 281, 'Teupah Tengah', 5733, 0),
(4003, 282, 'Longkib', 5913, 0),
(4004, 282, 'Penanggalan', 5914, 0),
(4005, 282, 'Rundeng', 5915, 0),
(4006, 282, 'Simpang Kiri', 5916, 0),
(4007, 282, 'Sultan Daulat', 5917, 0),
(4008, 283, 'Ambalawi', 911, 0),
(4009, 283, 'Belo', 912, 0),
(4010, 283, 'Bolo', 913, 0),
(4011, 283, 'Donggo', 914, 0),
(4012, 283, 'Lambitu', 915, 0),
(4013, 283, 'Lambu', 916, 0),
(4014, 283, 'Langgudu', 917, 0),
(4015, 283, 'Madapangga', 918, 0),
(4016, 283, 'Monta', 919, 0),
(4017, 283, 'Palibelo', 920, 0),
(4018, 283, 'Parado', 921, 0),
(4019, 283, 'Sanggar', 922, 0),
(4020, 283, 'Sape', 923, 0),
(4021, 283, 'Soromandi', 924, 0),
(4022, 283, 'Tambora', 925, 0),
(4023, 283, 'Wawo', 926, 0),
(4024, 283, 'Wera', 927, 0),
(4025, 283, 'Woha', 928, 0),
(4026, 284, 'Asakota', 929, 0),
(4027, 284, 'Mpunda', 930, 0),
(4028, 284, 'Raba', 931, 0),
(4029, 284, 'Rasanae Barat', 932, 0),
(4030, 284, 'Rasanae Timur', 933, 0),
(4031, 285, 'Dompu', 1609, 0),
(4032, 285, 'Hu\'u', 1610, 0),
(4033, 285, 'Kempo', 1611, 0),
(4034, 285, 'Kilo', 1612, 0),
(4035, 285, 'Menggelewa (Manggelewa)', 1613, 0),
(4036, 285, 'Pajo', 1614, 0),
(4037, 285, 'Pekat', 1615, 0),
(4038, 285, 'Woja', 1616, 0),
(4039, 286, 'Batu Layar', 3372, 0),
(4040, 286, 'Gerung', 3373, 0),
(4041, 286, 'Gunungsari', 3374, 0),
(4042, 286, 'Kediri', 3375, 0),
(4043, 286, 'Kuripan', 3376, 0),
(4044, 286, 'Labuapi', 3377, 0),
(4045, 286, 'Lembar', 3378, 0),
(4046, 286, 'Lingsar', 3379, 0),
(4047, 286, 'Narmada', 3380, 0),
(4048, 286, 'Sekotong', 3381, 0),
(4049, 287, 'Batukliang', 3382, 0),
(4050, 287, 'Batukliang Utara', 3383, 0),
(4051, 287, 'Janapria', 3384, 0),
(4052, 287, 'Jonggat', 3385, 0),
(4053, 287, 'Kopang', 3386, 0),
(4054, 287, 'Praya', 3387, 0),
(4055, 287, 'Praya Barat', 3388, 0),
(4056, 287, 'Praya Barat Daya', 3389, 0),
(4057, 287, 'Praya Tengah', 3390, 0),
(4058, 287, 'Praya Timur', 3391, 0),
(4059, 287, 'Pringgarata', 3392, 0),
(4060, 287, 'Pujut', 3393, 0),
(4061, 288, 'Aikmel', 3394, 0),
(4062, 288, 'Jerowaru', 3395, 0),
(4063, 288, 'Keruak', 3396, 0),
(4064, 288, 'Labuhan Haji', 3397, 0),
(4065, 288, 'Masbagik', 3398, 0),
(4066, 288, 'Montong Gading', 3399, 0),
(4067, 288, 'Pringgabaya', 3400, 0),
(4068, 288, 'Pringgasela', 3401, 0),
(4069, 288, 'Sakra', 3402, 0),
(4070, 288, 'Sakra Barat', 3403, 0),
(4071, 288, 'Sakra Timur', 3404, 0),
(4072, 288, 'Sambalia (Sambelia)', 3405, 0),
(4073, 288, 'Selong', 3406, 0),
(4074, 288, 'Sembalun', 3407, 0),
(4075, 288, 'Sikur', 3408, 0),
(4076, 288, 'Suela (Suwela)', 3409, 0),
(4077, 288, 'Sukamulia', 3410, 0),
(4078, 288, 'Suralaga', 3411, 0),
(4079, 288, 'Terara', 3412, 0),
(4080, 288, 'Wanasaba', 3413, 0),
(4081, 289, 'Bayan', 3414, 0),
(4082, 289, 'Gangga', 3415, 0),
(4083, 289, 'Kayangan', 3416, 0),
(4084, 289, 'Pemenang', 3417, 0),
(4085, 289, 'Tanjung', 3418, 0),
(4086, 290, 'Ampenan', 3876, 0),
(4087, 290, 'Cakranegara', 3877, 0),
(4088, 290, 'Mataram', 3878, 0),
(4089, 290, 'Sandubaya (Sandujaya)', 3879, 0),
(4090, 290, 'Sekarbela', 3880, 0),
(4091, 290, 'Selaparang (Selaprang)', 3881, 0),
(4092, 291, 'Alas', 6033, 0),
(4093, 291, 'Alas Barat', 6034, 0),
(4094, 291, 'Batulanteh', 6035, 0),
(4095, 291, 'Buer', 6036, 0),
(4096, 291, 'Empang', 6037, 0),
(4097, 291, 'Labangka', 6038, 0),
(4098, 291, 'Labuhan Badas', 6039, 0),
(4099, 291, 'Lantung', 6040, 0),
(4100, 291, 'Lape (Lape Lopok)', 6041, 0),
(4101, 291, 'Lenangguar', 6042, 0),
(4102, 291, 'Lopok', 6043, 0),
(4103, 291, 'Lunyuk', 6044, 0),
(4104, 291, 'Maronge', 6045, 0),
(4105, 291, 'Moyo Hilir', 6046, 0),
(4106, 291, 'Moyo Hulu', 6047, 0),
(4107, 291, 'Moyo Utara', 6048, 0),
(4108, 291, 'Orong Telu', 6049, 0),
(4109, 291, 'Plampang', 6050, 0),
(4110, 291, 'Rhee', 6051, 0),
(4111, 291, 'Ropang', 6052, 0),
(4112, 291, 'Sumbawa', 6053, 0),
(4113, 291, 'Tarano', 6054, 0),
(4114, 291, 'Unter Iwes (Unterwiris)', 6055, 0),
(4115, 291, 'Utan', 6056, 0),
(4116, 292, 'Brang Ene', 6057, 0),
(4117, 292, 'Brang Rea', 6058, 0),
(4118, 292, 'Jereweh', 6059, 0),
(4119, 292, 'Maluk', 6060, 0),
(4120, 292, 'Poto Tano', 6061, 0),
(4121, 292, 'Sateluk (Seteluk)', 6062, 0),
(4122, 292, 'Sekongkang', 6063, 0),
(4123, 292, 'Taliwang', 6064, 0),
(4124, 293, 'Alor Barat Daya', 192, 0),
(4125, 293, 'Alor Barat Laut', 193, 0),
(4126, 293, 'Alor Selatan', 194, 0),
(4127, 293, 'Alor Tengah Utara', 195, 0),
(4128, 293, 'Alor Timur', 196, 0),
(4129, 293, 'Alor Timur Laut', 197, 0),
(4130, 293, 'Kabola', 198, 0),
(4131, 293, 'Lembur', 199, 0),
(4132, 293, 'Mataru', 200, 0),
(4133, 293, 'Pantar', 201, 0),
(4134, 293, 'Pantar Barat', 202, 0),
(4135, 293, 'Pantar Barat Laut', 203, 0),
(4136, 293, 'Pantar Tengah', 204, 0),
(4137, 293, 'Pantar Timur', 205, 0),
(4138, 293, 'Pulau Pura', 206, 0),
(4139, 293, 'Pureman', 207, 0),
(4140, 293, 'Teluk Mutiara', 208, 0),
(4141, 294, 'Atambua Barat', 773, 0),
(4142, 294, 'Atambua Kota', 774, 0),
(4143, 294, 'Atambua Selatan', 775, 0),
(4144, 294, 'Botin Leo Bele', 776, 0),
(4145, 294, 'Io Kufeu', 777, 0),
(4146, 294, 'Kakuluk Mesak', 778, 0),
(4147, 294, 'Kobalima', 779, 0),
(4148, 294, 'Kobalima Timur', 780, 0),
(4149, 294, 'Laen Manen', 781, 0),
(4150, 294, 'Lamaknen', 782, 0),
(4151, 294, 'Lamaknen Selatan', 783, 0),
(4152, 294, 'Lasiolat', 784, 0),
(4153, 294, 'Malaka Barat', 785, 0),
(4154, 294, 'Malaka Tengah', 786, 0),
(4155, 294, 'Malaka Timur', 787, 0),
(4156, 294, 'Nanaet Duabesi', 788, 0),
(4157, 294, 'Raihat', 789, 0),
(4158, 294, 'Raimanuk', 790, 0),
(4159, 294, 'Rinhat', 791, 0),
(4160, 294, 'Sasitamean', 792, 0),
(4161, 294, 'Tasifeto Barat', 793, 0),
(4162, 294, 'Tasifeto Timur', 794, 0),
(4163, 294, 'Weliman', 795, 0),
(4164, 294, 'Wewiku', 796, 0),
(4165, 295, 'Detukeli', 1650, 0),
(4166, 295, 'Detusoko', 1651, 0),
(4167, 295, 'Ende', 1652, 0),
(4168, 295, 'Ende Selatan', 1653, 0),
(4169, 295, 'Ende Tengah', 1654, 0),
(4170, 295, 'Ende Timur', 1655, 0),
(4171, 295, 'Ende Utara', 1656, 0),
(4172, 295, 'Kelimutu', 1657, 0),
(4173, 295, 'Kotabaru', 1658, 0),
(4174, 295, 'Lepembusu Kelisoke', 1659, 0),
(4175, 295, 'Lio Timur', 1660, 0),
(4176, 295, 'Maukaro', 1661, 0),
(4177, 295, 'Maurole', 1662, 0),
(4178, 295, 'Nangapanda', 1663, 0),
(4179, 295, 'Ndona', 1664, 0),
(4180, 295, 'Ndona Timur', 1665, 0),
(4181, 295, 'Ndori', 1666, 0),
(4182, 295, 'Pulau Ende', 1667, 0),
(4183, 295, 'Wewaria', 1668, 0),
(4184, 295, 'Wolojita', 1669, 0),
(4185, 295, 'Wolowaru', 1670, 0),
(4186, 296, 'Adonara', 1692, 0),
(4187, 296, 'Adonara Barat', 1693, 0),
(4188, 296, 'Adonara Tengah', 1694, 0),
(4189, 296, 'Adonara Timur', 1695, 0),
(4190, 296, 'Demon Pagong', 1696, 0),
(4191, 296, 'Ile Boleng', 1697, 0),
(4192, 296, 'Ile Bura', 1698, 0),
(4193, 296, 'Ile Mandiri', 1699, 0),
(4194, 296, 'Kelubagolit (Klubagolit)', 1700, 0),
(4195, 296, 'Larantuka', 1701, 0),
(4196, 296, 'Lewolema', 1702, 0),
(4197, 296, 'Solor Barat', 1703, 0),
(4198, 296, 'Solor Selatan', 1704, 0),
(4199, 296, 'Solor Timur', 1705, 0),
(4200, 296, 'Tanjung Bunga', 1706, 0),
(4201, 296, 'Titehena', 1707, 0),
(4202, 296, 'Witihama (Watihama)', 1708, 0),
(4203, 296, 'Wotan Ulumado', 1709, 0),
(4204, 296, 'Wulanggitang', 1710, 0),
(4205, 297, 'Amabi Oefeto', 2974, 0),
(4206, 297, 'Amabi Oefeto Timur', 2975, 0),
(4207, 297, 'Amarasi', 2976, 0),
(4208, 297, 'Amarasi Barat', 2977, 0),
(4209, 297, 'Amarasi Selatan', 2978, 0),
(4210, 297, 'Amarasi Timur', 2979, 0),
(4211, 297, 'Amfoang Barat Daya', 2980, 0),
(4212, 297, 'Amfoang Barat Laut', 2981, 0),
(4213, 297, 'Amfoang Selatan', 2982, 0),
(4214, 297, 'Amfoang Tengah', 2983, 0),
(4215, 297, 'Amfoang Timur', 2984, 0),
(4216, 297, 'Amfoang Utara', 2985, 0),
(4217, 297, 'Fatuleu', 2986, 0),
(4218, 297, 'Fatuleu Barat', 2987, 0),
(4219, 297, 'Fatuleu Tengah', 2988, 0),
(4220, 297, 'Kupang Barat', 2989, 0),
(4221, 297, 'Kupang Tengah', 2990, 0),
(4222, 297, 'Kupang Timur', 2991, 0),
(4223, 297, 'Nekamese', 2992, 0),
(4224, 297, 'Semau', 2993, 0),
(4225, 297, 'Semau Selatan', 2994, 0),
(4226, 297, 'Sulamu', 2995, 0),
(4227, 297, 'Taebenu', 2996, 0),
(4228, 297, 'Takari', 2997, 0),
(4229, 298, 'Alak', 2998, 0),
(4230, 298, 'Kelapa Lima', 2999, 0),
(4231, 298, 'Kota Lama', 3000, 0),
(4232, 298, 'Kota Raja', 3001, 0),
(4233, 298, 'Maulafa', 3002, 0),
(4234, 298, 'Oebobo', 3003, 0),
(4235, 299, 'Atadei', 3338, 0),
(4236, 299, 'Buyasuri (Buyasari)', 3339, 0),
(4237, 299, 'Ile Ape', 3340, 0),
(4238, 299, 'Ile Ape Timur', 3341, 0),
(4239, 299, 'Lebatukan', 3342, 0),
(4240, 299, 'Nagawutung', 3343, 0),
(4241, 299, 'Nubatukan', 3344, 0),
(4242, 299, 'Omesuri', 3345, 0),
(4243, 299, 'Wulandoni (Wulandioni)', 3346, 0),
(4244, 300, 'Cibal', 3802, 0),
(4245, 300, 'Cibal Barat', 3803, 0),
(4246, 300, 'Langke Rembong', 3804, 0),
(4247, 300, 'Lelak', 3805, 0),
(4248, 300, 'Rahong Utara', 3806, 0),
(4249, 300, 'Reok', 3807, 0),
(4250, 300, 'Reok Barat', 3808, 0),
(4251, 300, 'Ruteng', 3809, 0),
(4252, 300, 'Satar Mese', 3810, 0),
(4253, 300, 'Satar Mese Barat', 3811, 0),
(4254, 300, 'Wae Rii', 3812, 0),
(4255, 301, 'Boleng', 3813, 0),
(4256, 301, 'Komodo', 3814, 0),
(4257, 301, 'Kuwus', 3815, 0),
(4258, 301, 'Lembor', 3816, 0),
(4259, 301, 'Lembor Selatan', 3817, 0),
(4260, 301, 'Macang Pacar', 3818, 0),
(4261, 301, 'Mbeliling', 3819, 0),
(4262, 301, 'Ndoso', 3820, 0),
(4263, 301, 'Sano Nggoang', 3821, 0),
(4264, 301, 'Welak', 3822, 0),
(4265, 302, 'Borong', 3823, 0),
(4266, 302, 'Elar', 3824, 0),
(4267, 302, 'Elar Selatan', 3825, 0),
(4268, 302, 'Kota Komba', 3826, 0),
(4269, 302, 'Lamba Leda', 3827, 0),
(4270, 302, 'Poco Ranaka', 3828, 0),
(4271, 302, 'Poco Ranaka Timur', 3829, 0),
(4272, 302, 'Rana Mese', 3830, 0),
(4273, 302, 'Sambi Rampas', 3831, 0),
(4274, 303, 'Aesesa', 4260, 0),
(4275, 303, 'Aesesa Selatan', 4261, 0),
(4276, 303, 'Boawae', 4262, 0),
(4277, 303, 'Keo Tengah', 4263, 0),
(4278, 303, 'Mauponggo', 4264, 0),
(4279, 303, 'Nangaroro', 4265, 0),
(4280, 303, 'Wolowae', 4266, 0),
(4281, 304, 'Aimere', 4311, 0),
(4282, 304, 'Bajawa', 4312, 0),
(4283, 304, 'Bajawa Utara', 4313, 0),
(4284, 304, 'Golewa', 4314, 0),
(4285, 304, 'Golewa Barat', 4315, 0),
(4286, 304, 'Golewa Selatan', 4316, 0),
(4287, 304, 'Inerie', 4317, 0),
(4288, 304, 'Jerebuu', 4318, 0),
(4289, 304, 'Riung', 4319, 0),
(4290, 304, 'Riung Barat', 4320, 0),
(4291, 304, 'Soa', 4321, 0),
(4292, 304, 'Wolomeze (Riung Selatan)', 4322, 0),
(4293, 305, 'Landu Leko', 5334, 0),
(4294, 305, 'Lobalain', 5335, 0),
(4295, 305, 'Ndao Nuse', 5336, 0),
(4296, 305, 'Pantai Baru', 5337, 0),
(4297, 305, 'Rote Barat', 5338, 0),
(4298, 305, 'Rote Barat Daya', 5339, 0),
(4299, 305, 'Rote Barat Laut', 5340, 0),
(4300, 305, 'Rote Selatan', 5341, 0),
(4301, 305, 'Rote Tengah', 5342, 0),
(4302, 305, 'Rote Timur', 5343, 0),
(4303, 306, 'Hawu Mehara', 5346, 0),
(4304, 306, 'Raijua', 5347, 0),
(4305, 306, 'Sabu Barat', 5348, 0),
(4306, 306, 'Sabu Liae', 5349, 0),
(4307, 306, 'Sabu Tengah', 5350, 0),
(4308, 306, 'Sabu Timur', 5351, 0),
(4309, 307, 'Alok', 5672, 0),
(4310, 307, 'Alok Barat', 5673, 0),
(4311, 307, 'Alok Timur', 5674, 0),
(4312, 307, 'Bola', 5675, 0),
(4313, 307, 'Doreng', 5676, 0),
(4314, 307, 'Hewokloang', 5677, 0),
(4315, 307, 'Kangae', 5678, 0),
(4316, 307, 'Kewapante', 5679, 0),
(4317, 307, 'Koting', 5680, 0),
(4318, 307, 'Lela', 5681, 0),
(4319, 307, 'Magepanda', 5682, 0),
(4320, 307, 'Mapitara', 5683, 0),
(4321, 307, 'Mego', 5684, 0),
(4322, 307, 'Nelle (Maumerei)', 5685, 0),
(4323, 307, 'Nita', 5686, 0),
(4324, 307, 'Paga', 5687, 0),
(4325, 307, 'Palue', 5688, 0),
(4326, 307, 'Talibura', 5689, 0),
(4327, 307, 'Tana Wawo', 5690, 0),
(4328, 307, 'Waiblama', 5691, 0),
(4329, 307, 'Waigete', 5692, 0),
(4330, 308, 'Kota Waikabubak', 5989, 0),
(4331, 308, 'Lamboya', 5990, 0),
(4332, 308, 'Lamboya Barat', 5991, 0),
(4333, 308, 'Loli', 5992, 0),
(4334, 308, 'Tana Righu', 5993, 0),
(4335, 308, 'Wanokaka', 5994, 0),
(4336, 309, 'Kodi', 5995, 0),
(4337, 309, 'Kodi Balaghar', 5996, 0),
(4338, 309, 'Kodi Bangedo', 5997, 0),
(4339, 309, 'Kodi Utara', 5998, 0),
(4340, 309, 'Kota Tambolaka', 5999, 0),
(4341, 309, 'Loura (Laura)', 6000, 0),
(4342, 309, 'Wewewa Barat', 6001, 0),
(4343, 309, 'Wewewa Selatan', 6002, 0),
(4344, 309, 'Wewewa Tengah (Wewera Tengah)', 6003, 0),
(4345, 309, 'Wewewa Timur', 6004, 0),
(4346, 309, 'Wewewa Utara', 6005, 0),
(4347, 310, 'Katikutana', 6006, 0),
(4348, 310, 'Katikutana Selatan', 6007, 0),
(4349, 310, 'Mamboro', 6008, 0),
(4350, 310, 'Umbu Ratu Nggay', 6009, 0),
(4351, 310, 'Umbu Ratu Nggay Barat', 6010, 0),
(4352, 311, 'Haharu', 6011, 0),
(4353, 311, 'Kahaunguweti (Kahaungu Eti)', 6012, 0),
(4354, 311, 'Kambata Mapambuhang', 6013, 0),
(4355, 311, 'Kambera', 6014, 0),
(4356, 311, 'Kanatang', 6015, 0),
(4357, 311, 'Karera', 6016, 0),
(4358, 311, 'Katala Hamu Lingu', 6017, 0),
(4359, 311, 'Kota Waingapu', 6018, 0),
(4360, 311, 'Lewa', 6019, 0),
(4361, 311, 'Lewa Tidahu', 6020, 0),
(4362, 311, 'Mahu', 6021, 0),
(4363, 311, 'Matawai Lappau (La Pawu)', 6022, 0),
(4364, 311, 'Ngadu Ngala', 6023, 0),
(4365, 311, 'Nggaha Oriangu', 6024, 0),
(4366, 311, 'Paberiwai', 6025, 0),
(4367, 311, 'Pahunga Lodu', 6026, 0),
(4368, 311, 'Pandawai', 6027, 0),
(4369, 311, 'Pinupahar (Pirapahar)', 6028, 0),
(4370, 311, 'Rindi', 6029, 0),
(4371, 311, 'Tabundung', 6030, 0),
(4372, 311, 'Umalulu', 6031, 0),
(4373, 311, 'Wula Waijelu', 6032, 0),
(4374, 312, 'Amanatun Selatan', 6596, 0),
(4375, 312, 'Amanatun Utara', 6597, 0),
(4376, 312, 'Amanuban Barat', 6598, 0),
(4377, 312, 'Amanuban Selatan', 6599, 0),
(4378, 312, 'Amanuban Tengah', 6600, 0),
(4379, 312, 'Amanuban Timur', 6601, 0),
(4380, 312, 'Batu Putih', 6602, 0),
(4381, 312, 'Boking', 6603, 0),
(4382, 312, 'Fatukopa', 6604, 0),
(4383, 312, 'Fatumnasi', 6605, 0),
(4384, 312, 'Fautmolo', 6606, 0),
(4385, 312, 'Kie (Ki\'e)', 6607, 0),
(4386, 312, 'Kok Baun', 6608, 0),
(4387, 312, 'Kolbano', 6609, 0),
(4388, 312, 'Kot Olin', 6610, 0),
(4389, 312, 'Kota Soe', 6611, 0),
(4390, 312, 'Kualin', 6612, 0),
(4391, 312, 'Kuanfatu', 6613, 0),
(4392, 312, 'Kuatnana', 6614, 0),
(4393, 312, 'Mollo Barat', 6615, 0),
(4394, 312, 'Mollo Selatan', 6616, 0),
(4395, 312, 'Mollo Tengah', 6617, 0),
(4396, 312, 'Mollo Utara', 6618, 0),
(4397, 312, 'Noebana', 6619, 0),
(4398, 312, 'Noebeba', 6620, 0),
(4399, 312, 'Nunbena', 6621, 0),
(4400, 312, 'Nunkolo', 6622, 0),
(4401, 312, 'Oenino', 6623, 0),
(4402, 312, 'Polen', 6624, 0),
(4403, 312, 'Santian', 6625, 0),
(4404, 312, 'Tobu', 6626, 0),
(4405, 312, 'Toianas', 6627, 0),
(4406, 313, 'Biboki Anleu', 6628, 0),
(4407, 313, 'Biboki Feotleu', 6629, 0),
(4408, 313, 'Biboki Moenleu', 6630, 0),
(4409, 313, 'Biboki Selatan', 6631, 0),
(4410, 313, 'Biboki Tan Pah', 6632, 0),
(4411, 313, 'Biboki Utara', 6633, 0),
(4412, 313, 'Bikomi Nilulat', 6634, 0),
(4413, 313, 'Bikomi Selatan', 6635, 0),
(4414, 313, 'Bikomi Tengah', 6636, 0),
(4415, 313, 'Bikomi Utara', 6637, 0),
(4416, 313, 'Insana', 6638, 0),
(4417, 313, 'Insana Barat', 6639, 0),
(4418, 313, 'Insana Fafinesu', 6640, 0),
(4419, 313, 'Insana Tengah', 6641, 0),
(4420, 313, 'Insana Utara', 6642, 0),
(4421, 313, 'Kota Kefamenanu', 6643, 0),
(4422, 313, 'Miomaffo Barat', 6644, 0),
(4423, 313, 'Miomaffo Tengah', 6645, 0),
(4424, 313, 'Miomaffo Timur', 6646, 0),
(4425, 313, 'Musi', 6647, 0),
(4426, 313, 'Mutis', 6648, 0),
(4427, 313, 'Naibenu', 6649, 0),
(4428, 313, 'Noemuti', 6650, 0),
(4429, 313, 'Noemuti Timur', 6651, 0),
(4430, 314, 'Agats', 239, 0),
(4431, 314, 'Akat', 240, 0),
(4432, 314, 'Atsy / Atsj', 241, 0),
(4433, 314, 'Ayip', 242, 0),
(4434, 314, 'Betcbamu', 243, 0),
(4435, 314, 'Der Koumur', 244, 0),
(4436, 314, 'Fayit', 245, 0),
(4437, 314, 'Jetsy', 246, 0),
(4438, 314, 'Joerat', 247, 0),
(4439, 314, 'Kolf Braza', 248, 0),
(4440, 314, 'Kopay', 249, 0),
(4441, 314, 'Pantai Kasuari', 250, 0),
(4442, 314, 'Pulau Tiga', 251, 0),
(4443, 314, 'Safan', 252, 0),
(4444, 314, 'Sawa Erma', 253, 0),
(4445, 314, 'Sirets', 254, 0),
(4446, 314, 'Suator', 255, 0),
(4447, 314, 'Suru-suru', 256, 0),
(4448, 314, 'Unir Sirau', 257, 0),
(4449, 315, 'Aimando Padaido', 892, 0),
(4450, 315, 'Andey (Andei)', 893, 0),
(4451, 315, 'Biak Barat', 894, 0),
(4452, 315, 'Biak Kota', 895, 0),
(4453, 315, 'Biak Timur', 896, 0),
(4454, 315, 'Biak Utara', 897, 0),
(4455, 315, 'Bondifuar', 898, 0),
(4456, 315, 'Bruyadori', 899, 0),
(4457, 315, 'Numfor Barat', 900, 0),
(4458, 315, 'Numfor Timur', 901, 0),
(4459, 315, 'Oridek', 902, 0),
(4460, 315, 'Orkeri', 903, 0),
(4461, 315, 'Padaido', 904, 0),
(4462, 315, 'Poiru', 905, 0),
(4463, 315, 'Samofa', 906, 0),
(4464, 315, 'Swandiwe', 907, 0),
(4465, 315, 'Warsa', 908, 0),
(4466, 315, 'Yawosi', 909, 0),
(4467, 315, 'Yendidori', 910, 0),
(4468, 316, 'Ambatkwi (Ambatkui)', 1220, 0),
(4469, 316, 'Arimop', 1221, 0),
(4470, 316, 'Bomakia', 1222, 0),
(4471, 316, 'Firiwage', 1223, 0),
(4472, 316, 'Fofi', 1224, 0),
(4473, 316, 'Iniyandit', 1225, 0),
(4474, 316, 'Jair', 1226, 0),
(4475, 316, 'Kawagit', 1227, 0),
(4476, 316, 'Ki', 1228, 0),
(4477, 316, 'Kombay', 1229, 0),
(4478, 316, 'Kombut', 1230, 0),
(4479, 316, 'Kouh', 1231, 0),
(4480, 316, 'Mandobo', 1232, 0),
(4481, 316, 'Manggelum', 1233, 0),
(4482, 316, 'Mindiptana', 1234, 0),
(4483, 316, 'Ninati', 1235, 0),
(4484, 316, 'Sesnuk', 1236, 0),
(4485, 316, 'Subur', 1237, 0),
(4486, 316, 'Waropko', 1238, 0),
(4487, 316, 'Yaniruma', 1239, 0),
(4488, 317, 'Bowobado', 1532, 0),
(4489, 317, 'Kapiraya', 1533, 0),
(4490, 317, 'Tigi', 1534, 0),
(4491, 317, 'Tigi Barat', 1535, 0),
(4492, 317, 'Tigi Timur', 1536, 0),
(4493, 318, 'Dogiyai', 1599, 0),
(4494, 318, 'Kamu', 1600, 0),
(4495, 318, 'Kamu Selatan', 1601, 0),
(4496, 318, 'Kamu Timur', 1602, 0),
(4497, 318, 'Kamu Utara (Ikrar/Ikrat)', 1603, 0),
(4498, 318, 'Mapia', 1604, 0),
(4499, 318, 'Mapia Barat', 1605, 0),
(4500, 318, 'Mapia Tengah', 1606, 0),
(4501, 318, 'Piyaiye (Sukikai)', 1607, 0),
(4502, 318, 'Sukikai Selatan', 1608, 0),
(4503, 319, 'Agisiga', 2081, 0),
(4504, 319, 'Biandoga', 2082, 0),
(4505, 319, 'Hitadipa', 2083, 0),
(4506, 319, 'Homeo (Homeyo)', 2084, 0),
(4507, 319, 'Sugapa', 2085, 0),
(4508, 319, 'Wandai', 2086, 0),
(4509, 320, 'Airu', 2137, 0),
(4510, 320, 'Demta', 2138, 0),
(4511, 320, 'Depapre', 2139, 0),
(4512, 320, 'Ebungfau (Ebungfa)', 2140, 0),
(4513, 320, 'Gresi Selatan', 2141, 0),
(4514, 320, 'Kaureh', 2142, 0),
(4515, 320, 'Kemtuk', 2143, 0),
(4516, 320, 'Kemtuk Gresi', 2144, 0),
(4517, 320, 'Nambluong', 2145, 0),
(4518, 320, 'Nimbokrang', 2146, 0),
(4519, 320, 'Nimboran', 2147, 0),
(4520, 320, 'Ravenirara', 2148, 0),
(4521, 320, 'Sentani', 2149, 0),
(4522, 320, 'Sentani Barat', 2150, 0),
(4523, 320, 'Sentani Timur', 2151, 0),
(4524, 320, 'Unurum Guay', 2152, 0),
(4525, 320, 'Waibu', 2153, 0),
(4526, 320, 'Yapsi', 2154, 0),
(4527, 320, 'Yokari', 2155, 0),
(4528, 321, 'Abepura', 2156, 0),
(4529, 321, 'Heram', 2157, 0),
(4530, 321, 'Jayapura Selatan', 2158, 0),
(4531, 321, 'Jayapura Utara', 2159, 0),
(4532, 321, 'Muara Tami', 2160, 0),
(4533, 322, 'Asologaima (Asalogaima)', 2161, 0),
(4534, 322, 'Asolokobal', 2162, 0),
(4535, 322, 'Asotipo', 2163, 0),
(4536, 322, 'Bolakme', 2164, 0),
(4537, 322, 'Bpiri', 2165, 0),
(4538, 322, 'Bugi', 2166, 0),
(4539, 322, 'Hubikiak', 2167, 0),
(4540, 322, 'Hubikosi (Hobikosi)', 2168, 0),
(4541, 322, 'Ibele', 2169, 0),
(4542, 322, 'Itlay Hisage', 2170, 0),
(4543, 322, 'Koragi', 2171, 0),
(4544, 322, 'Kurulu', 2172, 0),
(4545, 322, 'Libarek', 2173, 0),
(4546, 322, 'Maima', 2174, 0),
(4547, 322, 'Molagalome', 2175, 0),
(4548, 322, 'Muliama', 2176, 0),
(4549, 322, 'Musatfak', 2177, 0),
(4550, 322, 'Napua', 2178, 0),
(4551, 322, 'Pelebaga', 2179, 0),
(4552, 322, 'Piramid', 2180, 0);
INSERT INTO `tb_kec` (`idkec`, `idkab`, `nama`, `rajaongkir`, `kodepos`) VALUES
(4553, 322, 'Pisugi', 2181, 0),
(4554, 322, 'Popugoba', 2182, 0),
(4555, 322, 'Siepkosi', 2183, 0),
(4556, 322, 'Silo Karno Doga', 2184, 0),
(4557, 322, 'Taelarek', 2185, 0),
(4558, 322, 'Tagime', 2186, 0),
(4559, 322, 'Tagineri', 2187, 0),
(4560, 322, 'Trikora', 2188, 0),
(4561, 322, 'Usilimo', 2189, 0),
(4562, 322, 'Wadangku', 2190, 0),
(4563, 322, 'Walaik', 2191, 0),
(4564, 322, 'Walelagama', 2192, 0),
(4565, 322, 'Wame', 2193, 0),
(4566, 322, 'Wamena', 2194, 0),
(4567, 322, 'Welesi', 2195, 0),
(4568, 322, 'Wesaput', 2196, 0),
(4569, 322, 'Wita Waya', 2197, 0),
(4570, 322, 'Wollo (Wolo)', 2198, 0),
(4571, 322, 'Wouma', 2199, 0),
(4572, 322, 'Yalengga', 2200, 0),
(4573, 323, 'Arso', 2526, 0),
(4574, 323, 'Arso Timur', 2527, 0),
(4575, 323, 'Senggi', 2528, 0),
(4576, 323, 'Skamto (Skanto)', 2529, 0),
(4577, 323, 'Towe', 2530, 0),
(4578, 323, 'Waris', 2531, 0),
(4579, 323, 'Web', 2532, 0),
(4580, 324, 'Angkaisera', 2672, 0),
(4581, 324, 'Kepulauan Ambai', 2673, 0),
(4582, 324, 'Kosiwo', 2674, 0),
(4583, 324, 'Poom', 2675, 0),
(4584, 324, 'Pulau Kurudu', 2676, 0),
(4585, 324, 'Pulau Yerui', 2677, 0),
(4586, 324, 'Raimbawi', 2678, 0),
(4587, 324, 'Teluk Ampimoi', 2679, 0),
(4588, 324, 'Windesi', 2680, 0),
(4589, 324, 'Wonawa', 2681, 0),
(4590, 324, 'Yapen Barat', 2682, 0),
(4591, 324, 'Yapen Selatan', 2683, 0),
(4592, 324, 'Yapen Timur', 2684, 0),
(4593, 324, 'Yapen Utara', 2685, 0),
(4594, 325, 'Balingga', 3288, 0),
(4595, 325, 'Dimba', 3289, 0),
(4596, 325, 'Gamelia', 3290, 0),
(4597, 325, 'Kuyawage', 3291, 0),
(4598, 325, 'Makki (Maki)', 3292, 0),
(4599, 325, 'Malagaineri (Malagineri)', 3293, 0),
(4600, 325, 'Pirime', 3294, 0),
(4601, 325, 'Poga', 3295, 0),
(4602, 325, 'Tiom', 3296, 0),
(4603, 325, 'Tiomneri', 3297, 0),
(4604, 326, 'Benuki', 3727, 0),
(4605, 326, 'Mamberamo Hilir/Ilir', 3728, 0),
(4606, 326, 'Mamberamo Hulu/Ulu', 3729, 0),
(4607, 326, 'Mamberamo Tengah', 3730, 0),
(4608, 326, 'Mamberamo Tengah Timur', 3731, 0),
(4609, 326, 'Rofaer (Rufaer)', 3732, 0),
(4610, 326, 'Sawai', 3733, 0),
(4611, 326, 'Waropen Atas', 3734, 0),
(4612, 327, 'Eragayam', 3735, 0),
(4613, 327, 'Ilugwa', 3736, 0),
(4614, 327, 'Kelila', 3737, 0),
(4615, 327, 'Kobakma', 3738, 0),
(4616, 327, 'Megabilis (Megambilis)', 3739, 0),
(4617, 328, 'Assue', 3847, 0),
(4618, 328, 'Bamgi', 3848, 0),
(4619, 328, 'Citakmitak', 3849, 0),
(4620, 328, 'Edera', 3850, 0),
(4621, 328, 'Haju', 3851, 0),
(4622, 328, 'Kaibar', 3852, 0),
(4623, 328, 'Minyamur', 3853, 0),
(4624, 328, 'Nambioman Bapai (Mambioman)', 3854, 0),
(4625, 328, 'Obaa', 3855, 0),
(4626, 328, 'Passue', 3856, 0),
(4627, 328, 'Passue Bawah', 3857, 0),
(4628, 328, 'Syahcame', 3858, 0),
(4629, 328, 'Ti Zain', 3859, 0),
(4630, 328, 'Venaha', 3860, 0),
(4631, 328, 'Yakomi', 3861, 0),
(4632, 329, 'Animha', 3962, 0),
(4633, 329, 'Eligobel', 3963, 0),
(4634, 329, 'Ilyawab', 3964, 0),
(4635, 329, 'Jagebob', 3965, 0),
(4636, 329, 'Kaptel', 3966, 0),
(4637, 329, 'Kimaam', 3967, 0),
(4638, 329, 'Kurik', 3968, 0),
(4639, 329, 'Malind', 3969, 0),
(4640, 329, 'Merauke', 3970, 0),
(4641, 329, 'Muting', 3971, 0),
(4642, 329, 'Naukenjerai', 3972, 0),
(4643, 329, 'Ngguti (Nggunti)', 3973, 0),
(4644, 329, 'Okaba', 3974, 0),
(4645, 329, 'Semangga', 3975, 0),
(4646, 329, 'Sota', 3976, 0),
(4647, 329, 'Tabonji', 3977, 0),
(4648, 329, 'Tanah Miring', 3978, 0),
(4649, 329, 'Tubang', 3979, 0),
(4650, 329, 'Ulilin', 3980, 0),
(4651, 329, 'Waan', 3981, 0),
(4652, 330, 'Agimuga', 3994, 0),
(4653, 330, 'Jila', 3995, 0),
(4654, 330, 'Jita', 3996, 0),
(4655, 330, 'Kuala Kencana', 3997, 0),
(4656, 330, 'Mimika Barat (Mibar)', 3998, 0),
(4657, 330, 'Mimika Barat Jauh', 3999, 0),
(4658, 330, 'Mimika Barat Tengah', 4000, 0),
(4659, 330, 'Mimika Baru', 4001, 0),
(4660, 330, 'Mimika Timur', 4002, 0),
(4661, 330, 'Mimika Timur Jauh', 4003, 0),
(4662, 330, 'Mimika Timur Tengah', 4004, 0),
(4663, 330, 'Tembagapura', 4005, 0),
(4664, 331, 'Dipa', 4235, 0),
(4665, 331, 'Makimi', 4236, 0),
(4666, 331, 'Menou', 4237, 0),
(4667, 331, 'Moora', 4238, 0),
(4668, 331, 'Nabire', 4239, 0),
(4669, 331, 'Nabire Barat', 4240, 0),
(4670, 331, 'Napan', 4241, 0),
(4671, 331, 'Siriwo', 4242, 0),
(4672, 331, 'Teluk Kimi', 4243, 0),
(4673, 331, 'Teluk Umar', 4244, 0),
(4674, 331, 'Uwapa', 4245, 0),
(4675, 331, 'Wanggar', 4246, 0),
(4676, 331, 'Wapoga', 4247, 0),
(4677, 331, 'Yaro (Yaro Kabisay)', 4248, 0),
(4678, 331, 'Yaur', 4249, 0),
(4679, 332, 'Alama', 4279, 0),
(4680, 332, 'Dal', 4280, 0),
(4681, 332, 'Embetpen', 4281, 0),
(4682, 332, 'Gearek', 4282, 0),
(4683, 332, 'Geselma (Geselema)', 4283, 0),
(4684, 332, 'Inikgal', 4284, 0),
(4685, 332, 'Iniye', 4285, 0),
(4686, 332, 'Kegayem', 4286, 0),
(4687, 332, 'Kenyam', 4287, 0),
(4688, 332, 'Kilmid', 4288, 0),
(4689, 332, 'Kora', 4289, 0),
(4690, 332, 'Koroptak', 4290, 0),
(4691, 332, 'Krepkuri', 4291, 0),
(4692, 332, 'Mam', 4292, 0),
(4693, 332, 'Mapenduma', 4293, 0),
(4694, 332, 'Mbua (Mbuga)', 4294, 0),
(4695, 332, 'Mbua Tengah', 4295, 0),
(4696, 332, 'Mbulmu Yalma', 4296, 0),
(4697, 332, 'Mebarok', 4297, 0),
(4698, 332, 'Moba', 4298, 0),
(4699, 332, 'Mugi', 4299, 0),
(4700, 332, 'Nenggeagin', 4300, 0),
(4701, 332, 'Nirkuri', 4301, 0),
(4702, 332, 'Paro', 4302, 0),
(4703, 332, 'Pasir Putih', 4303, 0),
(4704, 332, 'Pija', 4304, 0),
(4705, 332, 'Wosak', 4305, 0),
(4706, 332, 'Wusi', 4306, 0),
(4707, 332, 'Wutpaga', 4307, 0),
(4708, 332, 'Yal', 4308, 0),
(4709, 332, 'Yenggelo', 4309, 0),
(4710, 332, 'Yigi', 4310, 0),
(4711, 333, 'Aradide', 4720, 0),
(4712, 333, 'Bibida', 4721, 0),
(4713, 333, 'Bogobaida', 4722, 0),
(4714, 333, 'Dumadama', 4723, 0),
(4715, 333, 'Ekadide', 4724, 0),
(4716, 333, 'Kebo', 4725, 0),
(4717, 333, 'Paniai Barat', 4726, 0),
(4718, 333, 'Paniai Timur', 4727, 0),
(4719, 333, 'Siriwo', 4728, 0),
(4720, 333, 'Yatamo', 4729, 0),
(4721, 334, 'Aboy', 4857, 0),
(4722, 334, 'Alemsom', 4858, 0),
(4723, 334, 'Awinbon', 4859, 0),
(4724, 334, 'Batani', 4860, 0),
(4725, 334, 'Batom', 4861, 0),
(4726, 334, 'Bime', 4862, 0),
(4727, 334, 'Borme', 4863, 0),
(4728, 334, 'Eipumek', 4864, 0),
(4729, 334, 'Iwur (Okiwur)', 4865, 0),
(4730, 334, 'Jetfa', 4866, 0),
(4731, 334, 'Kalomdol', 4867, 0),
(4732, 334, 'Kawor', 4868, 0),
(4733, 334, 'Kiwirok', 4869, 0),
(4734, 334, 'Kiwirok Timur', 4870, 0),
(4735, 334, 'Mofinop', 4871, 0),
(4736, 334, 'Murkim', 4872, 0),
(4737, 334, 'Nongme', 4873, 0),
(4738, 334, 'Ok Aom', 4874, 0),
(4739, 334, 'Okbab', 4875, 0),
(4740, 334, 'Okbape', 4876, 0),
(4741, 334, 'Okbemtau', 4877, 0),
(4742, 334, 'Okbibab', 4878, 0),
(4743, 334, 'Okhika', 4879, 0),
(4744, 334, 'Oklip', 4880, 0),
(4745, 334, 'Oksamol', 4881, 0),
(4746, 334, 'Oksebang', 4882, 0),
(4747, 334, 'Oksibil', 4883, 0),
(4748, 334, 'Oksop', 4884, 0),
(4749, 334, 'Pamek', 4885, 0),
(4750, 334, 'Pepera', 4886, 0),
(4751, 334, 'Serambakon', 4887, 0),
(4752, 334, 'Tarup', 4888, 0),
(4753, 334, 'Teiraplu', 4889, 0),
(4754, 334, 'Weime', 4890, 0),
(4755, 335, 'Agadugume', 5183, 0),
(4756, 335, 'Beoga', 5184, 0),
(4757, 335, 'Doufu', 5185, 0),
(4758, 335, 'Gome', 5186, 0),
(4759, 335, 'Ilaga', 5187, 0),
(4760, 335, 'Pogoma', 5188, 0),
(4761, 335, 'Sinak', 5189, 0),
(4762, 335, 'Wangbe', 5190, 0),
(4763, 336, 'Fawi', 5191, 0),
(4764, 336, 'Ilu', 5192, 0),
(4765, 336, 'Jigonikme', 5193, 0),
(4766, 336, 'Mewoluk (Mewulok)', 5194, 0),
(4767, 336, 'Mulia', 5195, 0),
(4768, 336, 'Tingginambut', 5196, 0),
(4769, 336, 'Torere', 5197, 0),
(4770, 336, 'Yamo', 5198, 0),
(4771, 337, 'Apawer Hulu', 5423, 0),
(4772, 337, 'Bonggo', 5424, 0),
(4773, 337, 'Bonggo Timur', 5425, 0),
(4774, 337, 'Pantai Barat', 5426, 0),
(4775, 337, 'Pantai Timur', 5427, 0),
(4776, 337, 'Pantai Timur Barat', 5428, 0),
(4777, 337, 'Sarmi', 5429, 0),
(4778, 337, 'Sarmi Selatan', 5430, 0),
(4779, 337, 'Sarmi Timur', 5431, 0),
(4780, 337, 'Tor Atas', 5432, 0),
(4781, 338, 'Kepulauan Aruri', 6126, 0),
(4782, 338, 'Supiori Barat', 6127, 0),
(4783, 338, 'Supiori Selatan', 6128, 0),
(4784, 338, 'Supiori Timur', 6129, 0),
(4785, 338, 'Supiori Utara', 6130, 0),
(4786, 339, 'Airgaram', 6687, 0),
(4787, 339, 'Anawi', 6688, 0),
(4788, 339, 'Aweku', 6689, 0),
(4789, 339, 'Bewani', 6690, 0),
(4790, 339, 'Biuk', 6691, 0),
(4791, 339, 'Bogonuk', 6692, 0),
(4792, 339, 'Bokondini', 6693, 0),
(4793, 339, 'Bokoneri', 6694, 0),
(4794, 339, 'Danime', 6695, 0),
(4795, 339, 'Dow', 6696, 0),
(4796, 339, 'Dundu (Ndundu)', 6697, 0),
(4797, 339, 'Egiam', 6698, 0),
(4798, 339, 'Geya', 6699, 0),
(4799, 339, 'Gika', 6700, 0),
(4800, 339, 'Gilubandu (Gilumbandu/Gilimbandu)', 6701, 0),
(4801, 339, 'Goyage', 6702, 0),
(4802, 339, 'Gundagi (Gudage)', 6703, 0),
(4803, 339, 'Kai', 6704, 0),
(4804, 339, 'Kamboneri', 6705, 0),
(4805, 339, 'Kanggime (Kanggima )', 6706, 0),
(4806, 339, 'Karubaga', 6707, 0),
(4807, 339, 'Kembu', 6708, 0),
(4808, 339, 'Kondaga (Konda)', 6709, 0),
(4809, 339, 'Kuari', 6710, 0),
(4810, 339, 'Kubu', 6711, 0),
(4811, 339, 'Li Anogomma', 6712, 0),
(4812, 339, 'Nabunage', 6713, 0),
(4813, 339, 'Nelawi', 6714, 0),
(4814, 339, 'Numba', 6715, 0),
(4815, 339, 'Nunggawi (Munggawi)', 6716, 0),
(4816, 339, 'Panaga', 6717, 0),
(4817, 339, 'Poganeri', 6718, 0),
(4818, 339, 'Tagime', 6719, 0),
(4819, 339, 'Tagineri', 6720, 0),
(4820, 339, 'Telenggeme', 6721, 0),
(4821, 339, 'Timori', 6722, 0),
(4822, 339, 'Umagi', 6723, 0),
(4823, 339, 'Wakuwo', 6724, 0),
(4824, 339, 'Wari (Taiyeve)', 6725, 0),
(4825, 339, 'Wenam', 6726, 0),
(4826, 339, 'Wina', 6727, 0),
(4827, 339, 'Wonoki (Woniki)', 6728, 0),
(4828, 339, 'Wugi', 6729, 0),
(4829, 339, 'Wunin (Wumin)', 6730, 0),
(4830, 339, 'Yuko', 6731, 0),
(4831, 339, 'Yuneri', 6732, 0),
(4832, 340, 'Demba Masirei', 6862, 0),
(4833, 340, 'Inggerus', 6863, 0),
(4834, 340, 'Kirihi', 6864, 0),
(4835, 340, 'Masirei', 6865, 0),
(4836, 340, 'Oudate Waropen', 6866, 0),
(4837, 340, 'Risei Sayati', 6867, 0),
(4838, 340, 'Ureifasei', 6868, 0),
(4839, 340, 'Wapoga Inggerus', 6869, 0),
(4840, 340, 'Waropen Bawah', 6870, 0),
(4841, 341, 'Amuma', 6925, 0),
(4842, 341, 'Anggruk', 6926, 0),
(4843, 341, 'Bomela', 6927, 0),
(4844, 341, 'Dekai', 6928, 0),
(4845, 341, 'Dirwemna (Diruwena)', 6929, 0),
(4846, 341, 'Duram', 6930, 0),
(4847, 341, 'Endomen', 6931, 0),
(4848, 341, 'Hereapini (Hereanini)', 6932, 0),
(4849, 341, 'Hilipuk', 6933, 0),
(4850, 341, 'Hogio (Hugio)', 6934, 0),
(4851, 341, 'Holuon', 6935, 0),
(4852, 341, 'Kabianggama (Kabianggema)', 6936, 0),
(4853, 341, 'Kayo', 6937, 0),
(4854, 341, 'Kona', 6938, 0),
(4855, 341, 'Koropun (Korupun)', 6939, 0),
(4856, 341, 'Kosarek', 6940, 0),
(4857, 341, 'Kurima', 6941, 0),
(4858, 341, 'Kwelemdua (Kwelamdua)', 6942, 0),
(4859, 341, 'Kwikma', 6943, 0),
(4860, 341, 'Langda', 6944, 0),
(4861, 341, 'Lolat', 6945, 0),
(4862, 341, 'Mugi', 6946, 0),
(4863, 341, 'Musaik', 6947, 0),
(4864, 341, 'Nalca', 6948, 0),
(4865, 341, 'Ninia', 6949, 0),
(4866, 341, 'Nipsan', 6950, 0),
(4867, 341, 'Obio', 6951, 0),
(4868, 341, 'Panggema', 6952, 0),
(4869, 341, 'Pasema', 6953, 0),
(4870, 341, 'Pronggoli (Proggoli)', 6954, 0),
(4871, 341, 'Puldama', 6955, 0),
(4872, 341, 'Samenage', 6956, 0),
(4873, 341, 'Sela', 6957, 0),
(4874, 341, 'Seredela (Seredala)', 6958, 0),
(4875, 341, 'Silimo', 6959, 0),
(4876, 341, 'Soba', 6960, 0),
(4877, 341, 'Sobaham', 6961, 0),
(4878, 341, 'Soloikma', 6962, 0),
(4879, 341, 'Sumo', 6963, 0),
(4880, 341, 'Suntamon', 6964, 0),
(4881, 341, 'Suru Suru', 6965, 0),
(4882, 341, 'Talambo', 6966, 0),
(4883, 341, 'Tangma', 6967, 0),
(4884, 341, 'Ubahak', 6968, 0),
(4885, 341, 'Ubalihi', 6969, 0),
(4886, 341, 'Ukha', 6970, 0),
(4887, 341, 'Walma', 6971, 0),
(4888, 341, 'Werima', 6972, 0),
(4889, 341, 'Wusuma', 6973, 0),
(4890, 341, 'Yahuliambut', 6974, 0),
(4891, 341, 'Yogosem', 6975, 0),
(4892, 342, 'Abenaho', 6976, 0),
(4893, 342, 'Apalapsili', 6977, 0),
(4894, 342, 'Benawa', 6978, 0),
(4895, 342, 'Elelim', 6979, 0),
(4896, 342, 'Welarek', 6980, 0),
(4897, 343, 'Bombarai (Bomberay)', 1683, 0),
(4898, 343, 'Fakfak', 1684, 0),
(4899, 343, 'Fakfak Barat', 1685, 0),
(4900, 343, 'Fakfak Tengah', 1686, 0),
(4901, 343, 'Fakfak Timur', 1687, 0),
(4902, 343, 'Karas', 1688, 0),
(4903, 343, 'Kokas', 1689, 0),
(4904, 343, 'Kramongmongga (Kramamongga)', 1690, 0),
(4905, 343, 'Teluk Patipi', 1691, 0),
(4906, 344, 'Buruway', 2285, 0),
(4907, 344, 'Kaimana', 2286, 0),
(4908, 344, 'Kambraw (Kamberau)', 2287, 0),
(4909, 344, 'Teluk Arguni Atas', 2288, 0),
(4910, 344, 'Teluk Arguni Bawah (Yerusi)', 2289, 0),
(4911, 344, 'Teluk Etna', 2290, 0),
(4912, 344, 'Yamor', 2291, 0),
(4913, 345, 'Manokwari Barat', 3832, 0),
(4914, 345, 'Manokwari Selatan', 3833, 0),
(4915, 345, 'Manokwari Timur', 3834, 0),
(4916, 345, 'Manokwari Utara', 3835, 0),
(4917, 345, 'Masni', 3836, 0),
(4918, 345, 'Prafi', 3837, 0),
(4919, 345, 'Sidey', 3838, 0),
(4920, 345, 'Tanah Rubuh', 3839, 0),
(4921, 345, 'Warmare', 3840, 0),
(4922, 346, 'Dataran Isim', 3841, 0),
(4923, 346, 'Momi Waren', 3842, 0),
(4924, 346, 'Neney (Nenei)', 3843, 0),
(4925, 346, 'Oransbari', 3844, 0),
(4926, 346, 'Ransiki', 3845, 0),
(4927, 346, 'Tahota (Tohota)', 3846, 0),
(4928, 347, 'Aifat', 3882, 0),
(4929, 347, 'Aifat Selatan', 3883, 0),
(4930, 347, 'Aifat Timur', 3884, 0),
(4931, 347, 'Aifat Timur Jauh', 3885, 0),
(4932, 347, 'Aifat Timur Selatan', 3886, 0),
(4933, 347, 'Aifat Timur Tengah', 3887, 0),
(4934, 347, 'Aifat Utara', 3888, 0),
(4935, 347, 'Aitinyo', 3889, 0),
(4936, 347, 'Aitinyo Barat', 3890, 0),
(4937, 347, 'Aitinyo Raya', 3891, 0),
(4938, 347, 'Aitinyo Tengah', 3892, 0),
(4939, 347, 'Aitinyo Utara', 3893, 0),
(4940, 347, 'Ayamaru', 3894, 0),
(4941, 347, 'Ayamaru Barat', 3895, 0),
(4942, 347, 'Ayamaru Jaya', 3896, 0),
(4943, 347, 'Ayamaru Selatan', 3897, 0),
(4944, 347, 'Ayamaru Selatan Jaya', 3898, 0),
(4945, 347, 'Ayamaru Tengah', 3899, 0),
(4946, 347, 'Ayamaru Timur', 3900, 0),
(4947, 347, 'Ayamaru Timur Selatan', 3901, 0),
(4948, 347, 'Ayamaru Utara', 3902, 0),
(4949, 347, 'Ayamaru Utara Timur', 3903, 0),
(4950, 347, 'Mare', 3904, 0),
(4951, 347, 'Mare Selatan', 3905, 0),
(4952, 348, 'Anggi', 4847, 0),
(4953, 348, 'Anggi Gida', 4848, 0),
(4954, 348, 'Catubouw', 4849, 0),
(4955, 348, 'Didohu', 4850, 0),
(4956, 348, 'Hingk', 4851, 0),
(4957, 348, 'Membey', 4852, 0),
(4958, 348, 'Menyambouw (Minyambouw)', 4853, 0),
(4959, 348, 'Sururey', 4854, 0),
(4960, 348, 'Taige', 4855, 0),
(4961, 348, 'Testega', 4856, 0),
(4962, 349, 'Ayau', 5250, 0),
(4963, 349, 'Batanta Selatan', 5251, 0),
(4964, 349, 'Batanta Utara', 5252, 0),
(4965, 349, 'Kepulauan Ayau', 5253, 0),
(4966, 349, 'Kepulauan Sembilan', 5254, 0),
(4967, 349, 'Kofiau', 5255, 0),
(4968, 349, 'Kota Waisai', 5256, 0),
(4969, 349, 'Meos Mansar', 5257, 0),
(4970, 349, 'Misool (Misool Utara)', 5258, 0),
(4971, 349, 'Misool Barat', 5259, 0),
(4972, 349, 'Misool Selatan', 5260, 0),
(4973, 349, 'Misool Timur', 5261, 0),
(4974, 349, 'Salawati Barat', 5262, 0),
(4975, 349, 'Salawati Tengah', 5263, 0),
(4976, 349, 'Salawati Utara (Samate)', 5264, 0),
(4977, 349, 'Supnin', 5265, 0),
(4978, 349, 'Teluk Mayalibit', 5266, 0),
(4979, 349, 'Tiplol Mayalibit', 5267, 0),
(4980, 349, 'Waigeo Barat', 5268, 0),
(4981, 349, 'Waigeo Barat Kepulauan', 5269, 0),
(4982, 349, 'Waigeo Selatan', 5270, 0),
(4983, 349, 'Waigeo Timur', 5271, 0),
(4984, 349, 'Waigeo Utara', 5272, 0),
(4985, 349, 'Warwabomi', 5273, 0),
(4986, 350, 'Aimas', 5827, 0),
(4987, 350, 'Beraur', 5828, 0),
(4988, 350, 'Klabot', 5829, 0),
(4989, 350, 'Klamono', 5830, 0),
(4990, 350, 'Klaso', 5831, 0),
(4991, 350, 'Klawak', 5832, 0),
(4992, 350, 'Klayili', 5833, 0),
(4993, 350, 'Makbon', 5834, 0),
(4994, 350, 'Mariat', 5835, 0),
(4995, 350, 'Maudus', 5836, 0),
(4996, 350, 'Mayamuk', 5837, 0),
(4997, 350, 'Moisegen', 5838, 0),
(4998, 350, 'Salawati', 5839, 0),
(4999, 350, 'Salawati Selatan', 5840, 0),
(5000, 350, 'Sayosa', 5841, 0),
(5001, 350, 'Seget', 5842, 0),
(5002, 350, 'Segun', 5843, 0),
(5003, 351, 'Sorong', 5844, 0),
(5004, 351, 'Sorong Barat', 5845, 0),
(5005, 351, 'Sorong Kepulauan', 5846, 0),
(5006, 351, 'Sorong Manoi', 5847, 0),
(5007, 351, 'Sorong Timur', 5848, 0),
(5008, 351, 'Sorong Utara', 5849, 0),
(5009, 352, 'Fokour', 5850, 0),
(5010, 352, 'Inanwatan (Inawatan)', 5851, 0),
(5011, 352, 'Kais (Matemani Kais)', 5852, 0),
(5012, 352, 'Kokoda', 5853, 0),
(5013, 352, 'Kokoda Utara', 5854, 0),
(5014, 352, 'Konda', 5855, 0),
(5015, 352, 'Matemani', 5856, 0),
(5016, 352, 'Moswaren', 5857, 0),
(5017, 352, 'Saifi', 5858, 0),
(5018, 352, 'Sawiat', 5859, 0),
(5019, 352, 'Seremuk', 5860, 0),
(5020, 352, 'Teminabuan', 5861, 0),
(5021, 352, 'Wayer', 5862, 0),
(5022, 353, 'Abun', 6198, 0),
(5023, 353, 'Amberbaken', 6199, 0),
(5024, 353, 'Fef (Peef)', 6200, 0),
(5025, 353, 'Kebar', 6201, 0),
(5026, 353, 'Kwoor', 6202, 0),
(5027, 353, 'Miyah (Meyah)', 6203, 0),
(5028, 353, 'Moraid', 6204, 0),
(5029, 353, 'Mubrani', 6205, 0),
(5030, 353, 'Sausapor', 6206, 0),
(5031, 353, 'Senopi', 6207, 0),
(5032, 353, 'Syujak', 6208, 0),
(5033, 353, 'Yembun', 6209, 0),
(5034, 354, 'Aranday', 6524, 0),
(5035, 354, 'Aroba', 6525, 0),
(5036, 354, 'Babo', 6526, 0),
(5037, 354, 'Bintuni', 6527, 0),
(5038, 354, 'Biscoop', 6528, 0),
(5039, 354, 'Dataran Beimes', 6529, 0),
(5040, 354, 'Fafurwar (Irorutu)', 6530, 0),
(5041, 354, 'Kaitaro', 6531, 0),
(5042, 354, 'Kamundan', 6532, 0),
(5043, 354, 'Kuri', 6533, 0),
(5044, 354, 'Manimeri', 6534, 0),
(5045, 354, 'Masyeta', 6535, 0),
(5046, 354, 'Mayado', 6536, 0),
(5047, 354, 'Merdey', 6537, 0),
(5048, 354, 'Moskona Barat', 6538, 0),
(5049, 354, 'Moskona Selatan', 6539, 0),
(5050, 354, 'Moskona Timur', 6540, 0),
(5051, 354, 'Moskona Utara', 6541, 0),
(5052, 354, 'Sumuri (Simuri)', 6542, 0),
(5053, 354, 'Tembuni', 6543, 0),
(5054, 354, 'Tomu', 6544, 0),
(5055, 354, 'Tuhiba', 6545, 0),
(5056, 354, 'Wamesa (Idoor)', 6546, 0),
(5057, 354, 'Weriagar', 6547, 0),
(5058, 355, 'Kuri Wamesa', 6548, 0),
(5059, 355, 'Naikere (Wasior Barat)', 6549, 0),
(5060, 355, 'Nikiwar', 6550, 0),
(5061, 355, 'Rasiei', 6551, 0),
(5062, 355, 'Roon', 6552, 0),
(5063, 355, 'Roswar', 6553, 0),
(5064, 355, 'Rumberpon', 6554, 0),
(5065, 355, 'Soug Jaya', 6555, 0),
(5066, 355, 'Teluk Duairi (Wasior Utara)', 6556, 0),
(5067, 355, 'Wamesa', 6557, 0),
(5068, 355, 'Wasior', 6558, 0),
(5069, 355, 'Windesi', 6559, 0),
(5070, 355, 'Wondiboy (Wasior Selatan)', 6560, 0),
(5071, 356, 'Bantan', 807, 0),
(5072, 356, 'Bengkalis', 808, 0),
(5073, 356, 'Bukit Batu', 809, 0),
(5074, 356, 'Mandau', 810, 0),
(5075, 356, 'Pinggir', 811, 0),
(5076, 356, 'Rupat', 812, 0),
(5077, 356, 'Rupat Utara', 813, 0),
(5078, 356, 'Siak Kecil', 814, 0),
(5079, 357, 'Bukit Kapur', 1633, 0),
(5080, 357, 'Dumai Barat', 1634, 0),
(5081, 357, 'Dumai Kota', 1635, 0),
(5082, 357, 'Dumai Selatan', 1636, 0),
(5083, 357, 'Dumai Timur', 1637, 0),
(5084, 357, 'Medang Kampai', 1638, 0),
(5085, 357, 'Sungai Sembilan', 1639, 0),
(5086, 358, 'Batang Tuaka', 2016, 0),
(5087, 358, 'Concong', 2017, 0),
(5088, 358, 'Enok', 2018, 0),
(5089, 358, 'Gaung', 2019, 0),
(5090, 358, 'Gaung Anak Serka', 2020, 0),
(5091, 358, 'Kateman', 2021, 0),
(5092, 358, 'Kempas', 2022, 0),
(5093, 358, 'Kemuning', 2023, 0),
(5094, 358, 'Keritang', 2024, 0),
(5095, 358, 'Kuala Indragiri', 2025, 0),
(5096, 358, 'Mandah', 2026, 0),
(5097, 358, 'Pelangiran', 2027, 0),
(5098, 358, 'Pulau Burung', 2028, 0),
(5099, 358, 'Reteh', 2029, 0),
(5100, 358, 'Sungai Batang', 2030, 0),
(5101, 358, 'Tanah Merah', 2031, 0),
(5102, 358, 'Teluk Belengkong', 2032, 0),
(5103, 358, 'Tembilahan', 2033, 0),
(5104, 358, 'Tembilahan Hulu', 2034, 0),
(5105, 358, 'Tempuling', 2035, 0),
(5106, 359, 'Batang Cenaku', 2036, 0),
(5107, 359, 'Batang Gansal', 2037, 0),
(5108, 359, 'Batang Peranap', 2038, 0),
(5109, 359, 'Kelayang', 2039, 0),
(5110, 359, 'Kuala Cenaku', 2040, 0),
(5111, 359, 'Lirik', 2041, 0),
(5112, 359, 'Lubuk Batu Jaya', 2042, 0),
(5113, 359, 'Pasir Penyu', 2043, 0),
(5114, 359, 'Peranap', 2044, 0),
(5115, 359, 'Rakit Kulim', 2045, 0),
(5116, 359, 'Rengat', 2046, 0),
(5117, 359, 'Rengat Barat', 2047, 0),
(5118, 359, 'Seberida', 2048, 0),
(5119, 359, 'Sungai Lala', 2049, 0),
(5120, 360, 'Bangkinang', 2292, 0),
(5121, 360, 'Bangkinang Seberang', 2293, 0),
(5122, 360, 'Gunung Sahilan', 2294, 0),
(5123, 360, 'Kampar', 2295, 0),
(5124, 360, 'Kampar Kiri', 2296, 0),
(5125, 360, 'Kampar Kiri Hilir', 2297, 0),
(5126, 360, 'Kampar Kiri Hulu', 2298, 0),
(5127, 360, 'Kampar Kiri Tengah', 2299, 0),
(5128, 360, 'Kampar Timur', 2300, 0),
(5129, 360, 'Kampar Utara', 2301, 0),
(5130, 360, 'Koto Kampar Hulu', 2302, 0),
(5131, 360, 'Kuok (Bangkinang Barat)', 2303, 0),
(5132, 360, 'Perhentian Raja', 2304, 0),
(5133, 360, 'Rumbio Jaya', 2305, 0),
(5134, 360, 'Salo', 2306, 0),
(5135, 360, 'Siak Hulu', 2307, 0),
(5136, 360, 'Tambang', 2308, 0),
(5137, 360, 'Tapung', 2309, 0),
(5138, 360, 'Tapung Hilir', 2310, 0),
(5139, 360, 'Tapung Hulu', 2311, 0),
(5140, 360, 'XIII Koto Kampar', 2312, 0),
(5141, 361, 'Merbau', 2598, 0),
(5142, 361, 'Pulaumerbau', 2599, 0),
(5143, 361, 'Rangsang', 2600, 0),
(5144, 361, 'Rangsang Barat', 2601, 0),
(5145, 361, 'Rangsang Pesisir', 2602, 0),
(5146, 361, 'Tasik Putri Puyu', 2603, 0),
(5147, 361, 'Tebing Tinggi', 2604, 0),
(5148, 361, 'Tebing Tinggi Barat', 2605, 0),
(5149, 361, 'Tebing Tinggi Timur', 2606, 0),
(5150, 362, 'Benai', 2897, 0),
(5151, 362, 'Cerenti', 2898, 0),
(5152, 362, 'Gunung Toar', 2899, 0),
(5153, 362, 'Hulu Kuantan', 2900, 0),
(5154, 362, 'Inuman', 2901, 0),
(5155, 362, 'Kuantan Hilir', 2902, 0),
(5156, 362, 'Kuantan Hilir Seberang', 2903, 0),
(5157, 362, 'Kuantan Mudik', 2904, 0),
(5158, 362, 'Kuantan Tengah', 2905, 0),
(5159, 362, 'Logas Tanah Darat', 2906, 0),
(5160, 362, 'Pangean', 2907, 0),
(5161, 362, 'Pucuk Rantau', 2908, 0),
(5162, 362, 'Sentajo Raya', 2909, 0),
(5163, 362, 'Singingi', 2910, 0),
(5164, 362, 'Singingi Hilir', 2911, 0),
(5165, 363, 'Bukit Raya', 4914, 0),
(5166, 363, 'Lima Puluh', 4915, 0),
(5167, 363, 'Marpoyan Damai', 4916, 0),
(5168, 363, 'Payung Sekaki', 4917, 0),
(5169, 363, 'Pekanbaru Kota', 4918, 0),
(5170, 363, 'Rumbai', 4919, 0),
(5171, 363, 'Rumbai Pesisir', 4920, 0),
(5172, 363, 'Sail', 4921, 0),
(5173, 363, 'Senapelan', 4922, 0),
(5174, 363, 'Sukajadi', 4923, 0),
(5175, 363, 'Tampan', 4924, 0),
(5176, 363, 'Tenayan Raya', 4925, 0),
(5177, 364, 'Bandar Petalangan', 4926, 0),
(5178, 364, 'Bandar Sei Kijang', 4927, 0),
(5179, 364, 'Bunut', 4928, 0),
(5180, 364, 'Kerumutan', 4929, 0),
(5181, 364, 'Kuala Kampar', 4930, 0),
(5182, 364, 'Langgam', 4931, 0),
(5183, 364, 'Pangkalan Kerinci', 4932, 0),
(5184, 364, 'Pangkalan Kuras', 4933, 0),
(5185, 364, 'Pangkalan Lesung', 4934, 0),
(5186, 364, 'Pelalawan', 4935, 0),
(5187, 364, 'Teluk Meranti', 4936, 0),
(5188, 364, 'Ukui', 4937, 0),
(5189, 365, 'Bagan Sinembah', 5303, 0),
(5190, 365, 'Bangko', 5304, 0),
(5191, 365, 'Bangko Pusaka (Pusako)', 5305, 0),
(5192, 365, 'Batu Hampar', 5306, 0),
(5193, 365, 'Kubu', 5307, 0),
(5194, 365, 'Kubu Babussalam', 5308, 0),
(5195, 365, 'Pasir Limau Kapas', 5309, 0),
(5196, 365, 'Pekaitan', 5310, 0),
(5197, 365, 'Pujud', 5311, 0),
(5198, 365, 'Rantau Kopar', 5312, 0),
(5199, 365, 'Rimba Melintang', 5313, 0),
(5200, 365, 'Simpang Kanan', 5314, 0),
(5201, 365, 'Sinaboi (Senaboi)', 5315, 0),
(5202, 365, 'Tanah Putih', 5316, 0),
(5203, 365, 'Tanah Putih Tanjung Melawan', 5317, 0),
(5204, 366, 'Bangun Purba', 5318, 0),
(5205, 366, 'Bonai Darussalam', 5319, 0),
(5206, 366, 'Kabun', 5320, 0),
(5207, 366, 'Kepenuhan', 5321, 0),
(5208, 366, 'Kepenuhan Hulu', 5322, 0),
(5209, 366, 'Kunto Darussalam', 5323, 0),
(5210, 366, 'Pagaran Tapah Darussalam', 5324, 0),
(5211, 366, 'Pendalian IV Koto', 5325, 0),
(5212, 366, 'Rambah', 5326, 0),
(5213, 366, 'Rambah Hilir', 5327, 0),
(5214, 366, 'Rambah Samo', 5328, 0),
(5215, 366, 'Rokan IV Koto', 5329, 0),
(5216, 366, 'Tambusai', 5330, 0),
(5217, 366, 'Tambusai Utara', 5331, 0),
(5218, 366, 'Tandun', 5332, 0),
(5219, 366, 'Ujung Batu', 5333, 0),
(5220, 367, 'Bunga Raya', 5602, 0),
(5221, 367, 'Dayun', 5603, 0),
(5222, 367, 'Kandis', 5604, 0),
(5223, 367, 'Kerinci Kanan', 5605, 0),
(5224, 367, 'Koto Gasib', 5606, 0),
(5225, 367, 'Lubuk Dalam', 5607, 0),
(5226, 367, 'Mempura', 5608, 0),
(5227, 367, 'Minas', 5609, 0),
(5228, 367, 'Pusako', 5610, 0),
(5229, 367, 'Sabak Auh', 5611, 0),
(5230, 367, 'Siak', 5612, 0),
(5231, 367, 'Sungai Apit', 5613, 0),
(5232, 367, 'Sungai Mandau', 5614, 0),
(5233, 367, 'Tualang', 5615, 0),
(5234, 368, 'Banggae', 3579, 0),
(5235, 368, 'Banggae Timur', 3580, 0),
(5236, 368, 'Malunda', 3581, 0),
(5237, 368, 'Pamboang', 3582, 0),
(5238, 368, 'Sendana', 3583, 0),
(5239, 368, 'Tammeredo Sendana', 3584, 0),
(5240, 368, 'Tubo (Tubo Sendana)', 3585, 0),
(5241, 368, 'Ulumunda', 3586, 0),
(5242, 369, 'Aralle (Arrale)', 3710, 0),
(5243, 369, 'Balla', 3711, 0),
(5244, 369, 'Bambang', 3712, 0),
(5245, 369, 'Buntumalangka', 3713, 0),
(5246, 369, 'Mamasa', 3714, 0),
(5247, 369, 'Mambi', 3715, 0),
(5248, 369, 'Mehalaan', 3716, 0),
(5249, 369, 'Messawa', 3717, 0),
(5250, 369, 'Nosu', 3718, 0),
(5251, 369, 'Pana', 3719, 0),
(5252, 369, 'Rantebulahan Timur', 3720, 0),
(5253, 369, 'Sesena Padang', 3721, 0),
(5254, 369, 'Sumarorong', 3722, 0),
(5255, 369, 'Tabang', 3723, 0),
(5256, 369, 'Tabulahan', 3724, 0),
(5257, 369, 'Tanduk Kalua', 3725, 0),
(5258, 369, 'Tawalian', 3726, 0),
(5259, 370, 'Bonehau', 3740, 0),
(5260, 370, 'Budong-Budong', 3741, 0),
(5261, 370, 'Kalukku', 3742, 0),
(5262, 370, 'Kalumpang', 3743, 0),
(5263, 370, 'Karossa', 3744, 0),
(5264, 370, 'Kep. Bala Balakang', 3745, 0),
(5265, 370, 'Mamuju', 3746, 0),
(5266, 370, 'Pangale', 3747, 0),
(5267, 370, 'Papalang', 3748, 0),
(5268, 370, 'Sampaga', 3749, 0),
(5269, 370, 'Simboro dan Kepulauan', 3750, 0),
(5270, 370, 'Tapalang', 3751, 0),
(5271, 370, 'Tapalang Barat', 3752, 0),
(5272, 370, 'Tobadak', 3753, 0),
(5273, 370, 'Tommo', 3754, 0),
(5274, 370, 'Topoyo', 3755, 0),
(5275, 371, 'Bambaira', 3756, 0),
(5276, 371, 'Bambalamotu', 3757, 0),
(5277, 371, 'Baras', 3758, 0),
(5278, 371, 'Bulu Taba', 3759, 0),
(5279, 371, 'Dapurang', 3760, 0),
(5280, 371, 'Duripoku', 3761, 0),
(5281, 371, 'Lariang', 3762, 0),
(5282, 371, 'Pasangkayu', 3763, 0),
(5283, 371, 'Pedongga', 3764, 0),
(5284, 371, 'Sarjo', 3765, 0),
(5285, 371, 'Sarudu', 3766, 0),
(5286, 371, 'Tikke Raya', 3767, 0),
(5287, 372, 'Alu (Allu)', 5055, 0),
(5288, 372, 'Anreapi', 5056, 0),
(5289, 372, 'Balanipa', 5057, 0),
(5290, 372, 'Binuang', 5058, 0),
(5291, 372, 'Bulo', 5059, 0),
(5292, 372, 'Campalagian', 5060, 0),
(5293, 372, 'Limboro', 5061, 0),
(5294, 372, 'Luyo', 5062, 0),
(5295, 372, 'Mapilli', 5063, 0),
(5296, 372, 'Matakali', 5064, 0),
(5297, 372, 'Matangnga', 5065, 0),
(5298, 372, 'Polewali', 5066, 0),
(5299, 372, 'Tapango', 5067, 0),
(5300, 372, 'Tinambung', 5068, 0),
(5301, 372, 'Tubbi Taramanu (Tutar/Tutallu)', 5069, 0),
(5302, 372, 'Wonomulyo', 5070, 0),
(5303, 373, 'Bantaeng', 529, 0),
(5304, 373, 'Bissappu', 530, 0),
(5305, 373, 'Eremerasa', 531, 0),
(5306, 373, 'Gantarang Keke (Gantareng Keke)', 532, 0),
(5307, 373, 'Pajukukang', 533, 0),
(5308, 373, 'Sinoa', 534, 0),
(5309, 373, 'Tompobulu', 535, 0),
(5310, 373, 'Uluere', 536, 0),
(5311, 374, 'Balusu', 666, 0),
(5312, 374, 'Barru', 667, 0),
(5313, 374, 'Mallusetasi', 668, 0),
(5314, 374, 'Pujananting', 669, 0),
(5315, 374, 'Soppeng Riaja', 670, 0),
(5316, 374, 'Tanete Riaja', 671, 0),
(5317, 374, 'Tanete Rilau', 672, 0),
(5318, 375, 'Ajangale', 1172, 0),
(5319, 375, 'Amali', 1173, 0),
(5320, 375, 'Awangpone', 1174, 0),
(5321, 375, 'Barebbo', 1175, 0),
(5322, 375, 'Bengo', 1176, 0),
(5323, 375, 'Bontocani', 1177, 0),
(5324, 375, 'Cenrana', 1178, 0),
(5325, 375, 'Cina', 1179, 0),
(5326, 375, 'Dua Boccoe', 1180, 0),
(5327, 375, 'Kahu', 1181, 0),
(5328, 375, 'Kajuara', 1182, 0),
(5329, 375, 'Lamuru', 1183, 0),
(5330, 375, 'Lappariaja', 1184, 0),
(5331, 375, 'Libureng', 1185, 0),
(5332, 375, 'Mare', 1186, 0),
(5333, 375, 'Palakka', 1187, 0),
(5334, 375, 'Patimpeng', 1188, 0),
(5335, 375, 'Ponre', 1189, 0),
(5336, 375, 'Salomekko', 1190, 0),
(5337, 375, 'Sibulue', 1191, 0),
(5338, 375, 'Tanete Riattang', 1192, 0),
(5339, 375, 'Tanete Riattang Barat', 1193, 0),
(5340, 375, 'Tanete Riattang Timur', 1194, 0),
(5341, 375, 'Tellu Limpoe', 1195, 0),
(5342, 375, 'Tellu Siattinge', 1196, 0),
(5343, 375, 'Tonra', 1197, 0),
(5344, 375, 'Ulaweng', 1198, 0),
(5345, 376, 'Bonto Bahari', 1288, 0),
(5346, 376, 'Bontotiro', 1289, 0),
(5347, 376, 'Bulukumba (Bulukumpa)', 1290, 0),
(5348, 376, 'Gantorang/Gantarang (Gangking)', 1291, 0),
(5349, 376, 'Hero Lange-Lange (Herlang)', 1292, 0),
(5350, 376, 'Kajang', 1293, 0),
(5351, 376, 'Kindang', 1294, 0),
(5352, 376, 'Rilau Ale', 1295, 0),
(5353, 376, 'Ujung Bulu', 1296, 0),
(5354, 376, 'Ujung Loe', 1297, 0),
(5355, 377, 'Alla', 1671, 0),
(5356, 377, 'Anggeraja', 1672, 0),
(5357, 377, 'Baraka', 1673, 0),
(5358, 377, 'Baroko', 1674, 0),
(5359, 377, 'Bungin', 1675, 0),
(5360, 377, 'Buntu Batu', 1676, 0),
(5361, 377, 'Cendana', 1677, 0),
(5362, 377, 'Curio', 1678, 0),
(5363, 377, 'Enrekang', 1679, 0),
(5364, 377, 'Maiwa', 1680, 0),
(5365, 377, 'Malua', 1681, 0),
(5366, 377, 'Masalle', 1682, 0),
(5367, 378, 'Bajeng', 1810, 0),
(5368, 378, 'Bajeng Barat', 1811, 0),
(5369, 378, 'Barombong', 1812, 0),
(5370, 378, 'Biringbulu', 1813, 0),
(5371, 378, 'Bontolempangang', 1814, 0),
(5372, 378, 'Bontomarannu', 1815, 0),
(5373, 378, 'Bontonompo', 1816, 0),
(5374, 378, 'Bontonompo Selatan', 1817, 0),
(5375, 378, 'Bungaya', 1818, 0),
(5376, 378, 'Manuju', 1819, 0),
(5377, 378, 'Pallangga', 1820, 0),
(5378, 378, 'Parangloe', 1821, 0),
(5379, 378, 'Parigi', 1822, 0),
(5380, 378, 'Pattallassang', 1823, 0),
(5381, 378, 'Somba Opu (Upu)', 1824, 0),
(5382, 378, 'Tinggimoncong', 1825, 0),
(5383, 378, 'Tombolo Pao', 1826, 0),
(5384, 378, 'Tompobulu', 1827, 0),
(5385, 379, 'Arungkeke', 2237, 0),
(5386, 379, 'Bangkala', 2238, 0),
(5387, 379, 'Bangkala Barat', 2239, 0),
(5388, 379, 'Batang', 2240, 0),
(5389, 379, 'Binamu', 2241, 0),
(5390, 379, 'Bontoramba', 2242, 0),
(5391, 379, 'Kelara', 2243, 0),
(5392, 379, 'Rumbia', 2244, 0),
(5393, 379, 'Tamalatea', 2245, 0),
(5394, 379, 'Tarowang', 2246, 0),
(5395, 379, 'Turatea', 2247, 0),
(5396, 380, 'Bajo', 3448, 0),
(5397, 380, 'Bajo Barat', 3449, 0),
(5398, 380, 'Basse Sangtempe Utara', 3450, 0),
(5399, 380, 'Bassesang Tempe (Bastem)', 3451, 0),
(5400, 380, 'Belopa', 3452, 0),
(5401, 380, 'Belopa Utara', 3453, 0),
(5402, 380, 'Bua', 3454, 0),
(5403, 380, 'Bua Ponrang (Bupon)', 3455, 0),
(5404, 380, 'Kamanre', 3456, 0),
(5405, 380, 'Lamasi', 3457, 0),
(5406, 380, 'Lamasi Timur', 3458, 0),
(5407, 380, 'Larompong', 3459, 0),
(5408, 380, 'Larompong Selatan', 3460, 0),
(5409, 380, 'Latimojong', 3461, 0),
(5410, 380, 'Ponrang', 3462, 0),
(5411, 380, 'Ponrang Selatan', 3463, 0),
(5412, 380, 'Suli', 3464, 0),
(5413, 380, 'Suli Barat', 3465, 0),
(5414, 380, 'Walenrang', 3466, 0),
(5415, 380, 'Walenrang Barat', 3467, 0),
(5416, 380, 'Walenrang Timur', 3468, 0),
(5417, 380, 'Walenrang Utara', 3469, 0),
(5418, 381, 'Angkona', 3470, 0),
(5419, 381, 'Burau', 3471, 0),
(5420, 381, 'Kalaena', 3472, 0),
(5421, 381, 'Malili', 3473, 0),
(5422, 381, 'Mangkutana', 3474, 0),
(5423, 381, 'Nuha', 3475, 0),
(5424, 381, 'Tomoni', 3476, 0),
(5425, 381, 'Tomoni Timur', 3477, 0),
(5426, 381, 'Towuti', 3478, 0),
(5427, 381, 'Wasuponda', 3479, 0),
(5428, 381, 'Wotu', 3480, 0),
(5429, 382, 'Baebunta', 3481, 0),
(5430, 382, 'Bone-Bone', 3482, 0),
(5431, 382, 'Limbong', 3483, 0),
(5432, 382, 'Malangke', 3484, 0),
(5433, 382, 'Malangke Barat', 3485, 0),
(5434, 382, 'Mappedeceng', 3486, 0),
(5435, 382, 'Masamba', 3487, 0),
(5436, 382, 'Rampi', 3488, 0),
(5437, 382, 'Sabbang', 3489, 0),
(5438, 382, 'Seko', 3490, 0),
(5439, 382, 'Sukamaju', 3491, 0),
(5440, 382, 'Tana Lili', 3492, 0),
(5441, 383, 'Biring Kanaya', 3587, 0),
(5442, 383, 'Bontoala', 3588, 0),
(5443, 383, 'Makassar', 3589, 0),
(5444, 383, 'Mamajang', 3590, 0),
(5445, 383, 'Manggala', 3591, 0),
(5446, 383, 'Mariso', 3592, 0),
(5447, 383, 'Panakkukang', 3593, 0),
(5448, 383, 'Rappocini', 3594, 0),
(5449, 383, 'Tallo', 3595, 0),
(5450, 383, 'Tamalanrea', 3596, 0),
(5451, 383, 'Tamalate', 3597, 0),
(5452, 383, 'Ujung Pandang', 3598, 0),
(5453, 383, 'Ujung Tanah', 3599, 0),
(5454, 383, 'Wajo', 3600, 0),
(5455, 384, 'Bantimurung', 3862, 0),
(5456, 384, 'Bontoa (Maros Utara)', 3863, 0),
(5457, 384, 'Camba', 3864, 0),
(5458, 384, 'Cenrana', 3865, 0),
(5459, 384, 'Lau', 3866, 0),
(5460, 384, 'Mallawa', 3867, 0),
(5461, 384, 'Mandai', 3868, 0),
(5462, 384, 'Maros Baru', 3869, 0),
(5463, 384, 'Marusu', 3870, 0),
(5464, 384, 'Moncongloe', 3871, 0),
(5465, 384, 'Simbang', 3872, 0),
(5466, 384, 'Tanralili', 3873, 0),
(5467, 384, 'Tompu Bulu', 3874, 0),
(5468, 384, 'Turikale', 3875, 0),
(5469, 385, 'Bara', 4625, 0),
(5470, 385, 'Mungkajang', 4626, 0),
(5471, 385, 'Sendana', 4627, 0),
(5472, 385, 'Telluwanua', 4628, 0),
(5473, 385, 'Wara', 4629, 0),
(5474, 385, 'Wara Barat', 4630, 0),
(5475, 385, 'Wara Selatan', 4631, 0),
(5476, 385, 'Wara Timur', 4632, 0),
(5477, 385, 'Wara Utara', 4633, 0),
(5478, 386, 'Balocci', 4700, 0),
(5479, 386, 'Bungoro', 4701, 0),
(5480, 386, 'Labakkang', 4702, 0),
(5481, 386, 'Liukang Kalmas (Kalukuang Masalima)', 4703, 0),
(5482, 386, 'Liukang Tangaya', 4704, 0),
(5483, 386, 'Liukang Tupabbiring', 4705, 0),
(5484, 386, 'Liukang Tupabbiring Utara', 4706, 0),
(5485, 386, 'Mandalle', 4707, 0),
(5486, 386, 'Marang (Ma Rang)', 4708, 0),
(5487, 386, 'Minasa Tene', 4709, 0),
(5488, 386, 'Pangkajene', 4710, 0),
(5489, 386, 'Segeri', 4711, 0),
(5490, 386, 'Tondong Tallasa', 4712, 0),
(5491, 387, 'Bacukiki', 4730, 0),
(5492, 387, 'Bacukiki Barat', 4731, 0),
(5493, 387, 'Soreang', 4732, 0),
(5494, 387, 'Ujung', 4733, 0),
(5495, 388, 'Batulappa', 5030, 0),
(5496, 388, 'Cempa', 5031, 0),
(5497, 388, 'Duampanua', 5032, 0),
(5498, 388, 'Lanrisang', 5033, 0),
(5499, 388, 'Lembang', 5034, 0),
(5500, 388, 'Mattiro Bulu', 5035, 0),
(5501, 388, 'Mattiro Sompe', 5036, 0),
(5502, 388, 'Paleteang', 5037, 0),
(5503, 388, 'Patampanua', 5038, 0),
(5504, 388, 'Suppa', 5039, 0),
(5505, 388, 'Tiroang', 5040, 0),
(5506, 388, 'Watang Sawitto', 5041, 0),
(5507, 389, 'Benteng', 5454, 0),
(5508, 389, 'Bontoharu', 5455, 0),
(5509, 389, 'Bontomanai', 5456, 0),
(5510, 389, 'Bontomatene', 5457, 0),
(5511, 389, 'Bontosikuyu', 5458, 0),
(5512, 389, 'Buki', 5459, 0),
(5513, 389, 'Pasilambena', 5460, 0),
(5514, 389, 'Pasimarannu', 5461, 0),
(5515, 389, 'Pasimassunggu', 5462, 0),
(5516, 389, 'Pasimasunggu Timur', 5463, 0),
(5517, 389, 'Takabonerate', 5464, 0),
(5518, 390, 'Baranti', 5620, 0),
(5519, 390, 'Dua Pitue', 5621, 0),
(5520, 390, 'Kulo', 5622, 0),
(5521, 390, 'Maritengngae', 5623, 0),
(5522, 390, 'Panca Lautan (Lautang)', 5624, 0),
(5523, 390, 'Panca Rijang', 5625, 0),
(5524, 390, 'Pitu Raise/Riase', 5626, 0),
(5525, 390, 'Pitu Riawa', 5627, 0),
(5526, 390, 'Tellu Limpoe', 5628, 0),
(5527, 390, 'Watang Pulu', 5629, 0),
(5528, 390, 'Wattang Sidenreng (Watang Sidenreng)', 5630, 0),
(5529, 391, 'Bulupoddo', 5739, 0),
(5530, 391, 'Pulau Sembilan', 5740, 0),
(5531, 391, 'Sinjai Barat', 5741, 0),
(5532, 391, 'Sinjai Borong', 5742, 0),
(5533, 391, 'Sinjai Selatan', 5743, 0),
(5534, 391, 'Sinjai Tengah', 5744, 0),
(5535, 391, 'Sinjai Timur', 5745, 0),
(5536, 391, 'Sinjai Utara', 5746, 0),
(5537, 391, 'Tellu Limpoe', 5747, 0),
(5538, 392, 'Citta', 5819, 0),
(5539, 392, 'Donri-Donri', 5820, 0),
(5540, 392, 'Ganra', 5821, 0),
(5541, 392, 'Lalabata', 5822, 0),
(5542, 392, 'Lili Rilau', 5823, 0),
(5543, 392, 'Liliraja (Lili Riaja)', 5824, 0),
(5544, 392, 'Mario Riawa', 5825, 0),
(5545, 392, 'Mario Riwawo', 5826, 0),
(5546, 393, 'Galesong', 6189, 0),
(5547, 393, 'Galesong Selatan', 6190, 0),
(5548, 393, 'Galesong Utara', 6191, 0),
(5549, 393, 'Mangara Bombang', 6192, 0),
(5550, 393, 'Mappakasunggu', 6193, 0),
(5551, 393, 'Patallassang', 6194, 0),
(5552, 393, 'Polombangkeng Selatan (Polobangkeng)', 6195, 0),
(5553, 393, 'Polombangkeng Utara (Polobangkeng)', 6196, 0),
(5554, 393, 'Sanrobone', 6197, 0),
(5555, 394, 'Bittuang', 6214, 0),
(5556, 394, 'Bonggakaradeng', 6215, 0),
(5557, 394, 'Gandang Batu Sillanan', 6216, 0),
(5558, 394, 'Kurra', 6217, 0),
(5559, 394, 'Makale', 6218, 0),
(5560, 394, 'Makale Selatan', 6219, 0),
(5561, 394, 'Makale Utara', 6220, 0),
(5562, 394, 'Malimbong Balepe', 6221, 0),
(5563, 394, 'Mappak', 6222, 0),
(5564, 394, 'Masanda', 6223, 0),
(5565, 394, 'Mengkendek', 6224, 0),
(5566, 394, 'Rano', 6225, 0),
(5567, 394, 'Rantetayo', 6226, 0),
(5568, 394, 'Rembon', 6227, 0),
(5569, 394, 'Saluputti', 6228, 0),
(5570, 394, 'Sangalla (Sanggala)', 6229, 0),
(5571, 394, 'Sangalla Selatan', 6230, 0),
(5572, 394, 'Sangalla Utara', 6231, 0),
(5573, 394, 'Simbuang', 6232, 0),
(5574, 395, 'Awan Rante Karua', 6738, 0),
(5575, 395, 'Balusu', 6739, 0),
(5576, 395, 'Bangkelekila', 6740, 0),
(5577, 395, 'Baruppu', 6741, 0),
(5578, 395, 'Buntao', 6742, 0),
(5579, 395, 'Buntu Pepasan', 6743, 0),
(5580, 395, 'Dende\' Piongan Napo', 6744, 0),
(5581, 395, 'Kapalla Pitu (Kapala Pitu)', 6745, 0),
(5582, 395, 'Kesu', 6746, 0),
(5583, 395, 'Nanggala', 6747, 0),
(5584, 395, 'Rantebua', 6748, 0),
(5585, 395, 'Rantepao', 6749, 0),
(5586, 395, 'Rindingallo', 6750, 0),
(5587, 395, 'Sa\'dan', 6751, 0),
(5588, 395, 'Sanggalangi', 6752, 0),
(5589, 395, 'Sesean', 6753, 0),
(5590, 395, 'Sesean Suloara', 6754, 0),
(5591, 395, 'Sopai', 6755, 0),
(5592, 395, 'Tallunglipu', 6756, 0),
(5593, 395, 'Tikala', 6757, 0),
(5594, 395, 'Tondon', 6758, 0),
(5595, 396, 'Belawa', 6840, 0),
(5596, 396, 'Bola', 6841, 0),
(5597, 396, 'Gilireng', 6842, 0),
(5598, 396, 'Keera', 6843, 0),
(5599, 396, 'Majauleng', 6844, 0),
(5600, 396, 'Maniang Pajo', 6845, 0),
(5601, 396, 'Pammana', 6846, 0),
(5602, 396, 'Penrang', 6847, 0),
(5603, 396, 'Pitumpanua', 6848, 0),
(5604, 396, 'Sabbang Paru', 6849, 0),
(5605, 396, 'Sajoanging', 6850, 0),
(5606, 396, 'Takkalalla', 6851, 0),
(5607, 396, 'Tana Sitolo', 6852, 0),
(5608, 396, 'Tempe', 6853, 0),
(5609, 397, 'Balantak', 384, 0),
(5610, 397, 'Balantak Selatan', 385, 0),
(5611, 397, 'Balantak Utara', 386, 0),
(5612, 397, 'Batui', 387, 0),
(5613, 397, 'Batui Selatan', 388, 0),
(5614, 397, 'Bualemo (Boalemo)', 389, 0),
(5615, 397, 'Bunta', 390, 0),
(5616, 397, 'Kintom', 391, 0),
(5617, 397, 'Lamala', 392, 0),
(5618, 397, 'Lobu', 393, 0),
(5619, 397, 'Luwuk', 394, 0),
(5620, 397, 'Luwuk Selatan', 395, 0),
(5621, 397, 'Luwuk Timur', 396, 0),
(5622, 397, 'Luwuk Utara', 397, 0),
(5623, 397, 'Mantoh', 398, 0),
(5624, 397, 'Masama', 399, 0),
(5625, 397, 'Moilong', 400, 0),
(5626, 397, 'Nambo', 401, 0),
(5627, 397, 'Nuhon', 402, 0),
(5628, 397, 'Pagimana', 403, 0),
(5629, 397, 'Simpang Raya', 404, 0),
(5630, 397, 'Toili', 405, 0),
(5631, 397, 'Toili Barat', 406, 0),
(5632, 398, 'Banggai', 407, 0),
(5633, 398, 'Banggai Selatan', 408, 0),
(5634, 398, 'Banggai Tengah', 409, 0),
(5635, 398, 'Banggai Utara', 410, 0),
(5636, 398, 'Bangkurung', 411, 0),
(5637, 398, 'Bokan Kepulauan', 412, 0),
(5638, 398, 'Buko', 413, 0),
(5639, 398, 'Buko Selatan', 414, 0),
(5640, 398, 'Bulagi', 415, 0),
(5641, 398, 'Bulagi Selatan', 416, 0),
(5642, 398, 'Bulagi Utara', 417, 0),
(5643, 398, 'Labobo (Lobangkurung)', 418, 0),
(5644, 398, 'Liang', 419, 0),
(5645, 398, 'Peling Tengah', 420, 0),
(5646, 398, 'Tinangkung', 421, 0),
(5647, 398, 'Tinangkung Selatan', 422, 0),
(5648, 398, 'Tinangkung Utara', 423, 0),
(5649, 398, 'Totikum (Totikung)', 424, 0),
(5650, 398, 'Totikum Selatan', 425, 0),
(5651, 399, 'Biau', 1325, 0),
(5652, 399, 'Bokat', 1326, 0),
(5653, 399, 'Bukal', 1327, 0),
(5654, 399, 'Bunobogu', 1328, 0),
(5655, 399, 'Gadung', 1329, 0),
(5656, 399, 'Karamat', 1330, 0),
(5657, 399, 'Lakea (Lipunoto)', 1331, 0),
(5658, 399, 'Momunu', 1332, 0),
(5659, 399, 'Paleleh', 1333, 0),
(5660, 399, 'Paleleh Barat', 1334, 0),
(5661, 399, 'Tiloan', 1335, 0),
(5662, 400, 'Balaesang', 1617, 0),
(5663, 400, 'Balaesang Tanjung', 1618, 0),
(5664, 400, 'Banawa', 1619, 0),
(5665, 400, 'Banawa Selatan', 1620, 0),
(5666, 400, 'Banawa Tengah', 1621, 0),
(5667, 400, 'Damsol (Dampelas Sojol)', 1622, 0),
(5668, 400, 'Labuan', 1623, 0),
(5669, 400, 'Pinembani', 1624, 0),
(5670, 400, 'Rio Pakava (Riopakawa)', 1625, 0),
(5671, 400, 'Sindue', 1626, 0),
(5672, 400, 'Sindue Tobata', 1627, 0),
(5673, 400, 'Sindue Tombusabora', 1628, 0),
(5674, 400, 'Sirenja', 1629, 0),
(5675, 400, 'Sojol', 1630, 0),
(5676, 400, 'Sojol Utara', 1631, 0),
(5677, 400, 'Tanantovea', 1632, 0),
(5678, 401, 'Bahodopi', 4090, 0),
(5679, 401, 'Bumi Raya', 4091, 0),
(5680, 401, 'Bungku Barat', 4092, 0),
(5681, 401, 'Bungku Pesisir', 4093, 0),
(5682, 401, 'Bungku Selatan', 4094, 0),
(5683, 401, 'Bungku Tengah', 4095, 0),
(5684, 401, 'Bungku Timur', 4096, 0),
(5685, 401, 'Bungku Utara', 4097, 0),
(5686, 401, 'Lembo', 4098, 0),
(5687, 401, 'Lembo Raya', 4099, 0),
(5688, 401, 'Mamosalato', 4100, 0),
(5689, 401, 'Menui Kepulauan', 4101, 0),
(5690, 401, 'Mori Atas', 4102, 0),
(5691, 401, 'Mori Utara', 4103, 0),
(5692, 401, 'Petasia', 4104, 0),
(5693, 401, 'Petasia Barat', 4105, 0),
(5694, 401, 'Petasia Timur', 4106, 0),
(5695, 401, 'Soyo Jaya', 4107, 0),
(5696, 401, 'Wita Ponda', 4108, 0),
(5697, 402, 'Mantikulore', 4634, 0),
(5698, 402, 'Palu Barat', 4635, 0),
(5699, 402, 'Palu Selatan', 4636, 0),
(5700, 402, 'Palu Timur', 4637, 0),
(5701, 402, 'Palu Utara', 4638, 0),
(5702, 402, 'Tatanga', 4639, 0),
(5703, 402, 'Tawaeli', 4640, 0),
(5704, 402, 'Ulujadi', 4641, 0),
(5705, 403, 'Ampibabo', 4738, 0),
(5706, 403, 'Balinggi', 4739, 0),
(5707, 403, 'Bolano', 4740, 0),
(5708, 403, 'Bolano Lambunu/Lambulu', 4741, 0),
(5709, 403, 'Kasimbar', 4742, 0),
(5710, 403, 'Mepanga', 4743, 0),
(5711, 403, 'Moutong', 4744, 0),
(5712, 403, 'Ongka Malino', 4745, 0),
(5713, 403, 'Palasa', 4746, 0),
(5714, 403, 'Parigi', 4747, 0),
(5715, 403, 'Parigi Barat', 4748, 0),
(5716, 403, 'Parigi Selatan', 4749, 0),
(5717, 403, 'Parigi Tengah', 4750, 0),
(5718, 403, 'Parigi Utara', 4751, 0),
(5719, 403, 'Sausu', 4752, 0),
(5720, 403, 'Siniu', 4753, 0),
(5721, 403, 'Taopa', 4754, 0),
(5722, 403, 'Tinombo', 4755, 0),
(5723, 403, 'Tinombo Selatan', 4756, 0),
(5724, 403, 'Tomini', 4757, 0),
(5725, 403, 'Toribulu', 4758, 0),
(5726, 403, 'Torue', 4759, 0),
(5727, 404, 'Lage', 5107, 0),
(5728, 404, 'Lore Barat', 5108, 0),
(5729, 404, 'Lore Piore', 5109, 0),
(5730, 404, 'Lore Selatan', 5110, 0),
(5731, 404, 'Lore Tengah', 5111, 0),
(5732, 404, 'Lore Timur', 5112, 0),
(5733, 404, 'Lore Utara', 5113, 0),
(5734, 404, 'Pamona Barat', 5114, 0),
(5735, 404, 'Pamona Puselemba', 5115, 0),
(5736, 404, 'Pamona Selatan', 5116, 0),
(5737, 404, 'Pamona Tenggara', 5117, 0),
(5738, 404, 'Pamona Timur', 5118, 0),
(5739, 404, 'Pamona Utara', 5119, 0),
(5740, 404, 'Poso Kota', 5120, 0),
(5741, 404, 'Poso Kota Selatan', 5121, 0),
(5742, 404, 'Poso Kota Utara', 5122, 0),
(5743, 404, 'Poso Pesisir', 5123, 0),
(5744, 404, 'Poso Pesisir Selatan', 5124, 0),
(5745, 404, 'Poso Pesisir Utara', 5125, 0),
(5746, 405, 'Dolo', 5649, 0),
(5747, 405, 'Dolo Barat', 5650, 0),
(5748, 405, 'Dolo Selatan', 5651, 0),
(5749, 405, 'Gumbasa', 5652, 0),
(5750, 405, 'Kinovaru', 5653, 0),
(5751, 405, 'Kulawi', 5654, 0),
(5752, 405, 'Kulawi Selatan', 5655, 0),
(5753, 405, 'Lindu', 5656, 0),
(5754, 405, 'Marawola', 5657, 0),
(5755, 405, 'Marawola Barat', 5658, 0),
(5756, 405, 'Nokilalaki', 5659, 0),
(5757, 405, 'Palolo', 5660, 0),
(5758, 405, 'Pipikoro', 5661, 0),
(5759, 405, 'Sigi Biromaru', 5662, 0),
(5760, 405, 'Tanambulava', 5663, 0),
(5761, 406, 'Ampana Kota', 6668, 0),
(5762, 406, 'Ampana Tete', 6669, 0),
(5763, 406, 'Togean', 6670, 0),
(5764, 406, 'Tojo', 6671, 0),
(5765, 406, 'Tojo Barat', 6672, 0),
(5766, 406, 'Ulu Bongka', 6673, 0),
(5767, 406, 'Una - Una', 6674, 0),
(5768, 406, 'Walea Besar', 6675, 0),
(5769, 406, 'Walea Kepulauan', 6676, 0),
(5770, 407, 'Baolan', 6677, 0),
(5771, 407, 'Basidondo', 6678, 0),
(5772, 407, 'Dako Pamean', 6679, 0),
(5773, 407, 'Dampal Selatan', 6680, 0),
(5774, 407, 'Dampal Utara', 6681, 0),
(5775, 407, 'Dondo', 6682, 0),
(5776, 407, 'Galang', 6683, 0),
(5777, 407, 'Lampasio', 6684, 0),
(5778, 407, 'Ogo Deide', 6685, 0),
(5779, 407, 'Tolitoli Utara', 6686, 0),
(5780, 408, 'Batupoaro', 718, 0),
(5781, 408, 'Betoambari', 719, 0),
(5782, 408, 'Bungi', 720, 0),
(5783, 408, 'Kokalukuna', 721, 0),
(5784, 408, 'Lea-Lea', 722, 0),
(5785, 408, 'Murhum', 723, 0),
(5786, 408, 'Sora Walio (Sorowalio)', 724, 0),
(5787, 408, 'Wolio', 725, 0),
(5788, 409, 'Kabaena', 1127, 0),
(5789, 409, 'Kabaena Barat', 1128, 0),
(5790, 409, 'Kabaena Selatan', 1129, 0),
(5791, 409, 'Kabaena Tengah', 1130, 0),
(5792, 409, 'Kabaena Timur', 1131, 0),
(5793, 409, 'Kabaena Utara', 1132, 0),
(5794, 409, 'Kepulauan Masaloka Raya', 1133, 0),
(5795, 409, 'Lentarai Jaya S. (Lantari Jaya)', 1134, 0),
(5796, 409, 'Mata Oleo', 1135, 0),
(5797, 409, 'Mata Usu', 1136, 0),
(5798, 409, 'Poleang', 1137, 0),
(5799, 409, 'Poleang Barat', 1138, 0),
(5800, 409, 'Poleang Selatan', 1139, 0),
(5801, 409, 'Poleang Tengah', 1140, 0),
(5802, 409, 'Poleang Tenggara', 1141, 0),
(5803, 409, 'Poleang Timur', 1142, 0),
(5804, 409, 'Poleang Utara', 1143, 0),
(5805, 409, 'Rarowatu', 1144, 0),
(5806, 409, 'Rarowatu Utara', 1145, 0),
(5807, 409, 'Rumbia', 1146, 0),
(5808, 409, 'Rumbia Tengah', 1147, 0),
(5809, 409, 'Tontonunu (Tontonuwu)', 1148, 0),
(5810, 410, 'Batauga', 1352, 0),
(5811, 410, 'Batu Atas', 1353, 0),
(5812, 410, 'Gu', 1354, 0),
(5813, 410, 'Kadatua', 1355, 0),
(5814, 410, 'Kapontori', 1356, 0),
(5815, 410, 'Lakudo', 1357, 0),
(5816, 410, 'Lapandewa', 1358, 0),
(5817, 410, 'Lasalimu', 1359, 0),
(5818, 410, 'Lasalimu Selatan', 1360, 0),
(5819, 410, 'Mawasangka', 1361, 0),
(5820, 410, 'Mawasangka Tengah', 1362, 0),
(5821, 410, 'Mawasangka Timur', 1363, 0),
(5822, 410, 'Pasar Wajo', 1364, 0),
(5823, 410, 'Sampolawa', 1365, 0),
(5824, 410, 'Sangia Mambulu', 1366, 0),
(5825, 410, 'Siompu', 1367, 0),
(5826, 410, 'Siompu Barat', 1368, 0),
(5827, 410, 'Siontapia (Siontapina)', 1369, 0),
(5828, 410, 'Talaga Raya (Telaga Raya)', 1370, 0),
(5829, 410, 'Wabula', 1371, 0),
(5830, 410, 'Wolowa', 1372, 0),
(5831, 411, 'Bonegunu', 1373, 0),
(5832, 411, 'Kambowa', 1374, 0),
(5833, 411, 'Kulisusu (Kalingsusu/Kalisusu)', 1375, 0),
(5834, 411, 'Kulisusu Barat', 1376, 0),
(5835, 411, 'Kulisusu Utara', 1377, 0),
(5836, 411, 'Wakorumba Utara', 1378, 0),
(5837, 412, 'Abeli', 2553, 0),
(5838, 412, 'Baruga', 2554, 0),
(5839, 412, 'Kadia', 2555, 0),
(5840, 412, 'Kambu', 2556, 0),
(5841, 412, 'Kendari', 2557, 0),
(5842, 412, 'Kendari Barat', 2558, 0),
(5843, 412, 'Mandonga', 2559, 0),
(5844, 412, 'Poasia', 2560, 0),
(5845, 412, 'Puuwatu', 2561, 0),
(5846, 412, 'Wua-Wua', 2562, 0),
(5847, 413, 'Baula', 2752, 0),
(5848, 413, 'Kolaka', 2753, 0),
(5849, 413, 'Ladongi', 2754, 0),
(5850, 413, 'Lalolae', 2755, 0),
(5851, 413, 'Lambandia (Lambadia)', 2756, 0),
(5852, 413, 'Latambaga', 2757, 0),
(5853, 413, 'Loea', 2758, 0),
(5854, 413, 'Mowewe', 2759, 0),
(5855, 413, 'Poli Polia', 2760, 0),
(5856, 413, 'Polinggona', 2761, 0),
(5857, 413, 'Pomalaa', 2762, 0),
(5858, 413, 'Samaturu', 2763, 0),
(5859, 413, 'Tanggetada', 2764, 0),
(5860, 413, 'Tinondo', 2765, 0),
(5861, 413, 'Tirawuta', 2766, 0),
(5862, 413, 'Toari', 2767, 0),
(5863, 413, 'Uluiwoi', 2768, 0),
(5864, 413, 'Watumbangga (Watubanggo)', 2769, 0),
(5865, 413, 'Wolo', 2770, 0),
(5866, 413, 'Wundulako', 2771, 0),
(5867, 414, 'Batu Putih', 2772, 0),
(5868, 414, 'Katoi', 2773, 0),
(5869, 414, 'Kodeoha', 2774, 0),
(5870, 414, 'Lasusua', 2775, 0),
(5871, 414, 'Lombai (Lambai)', 2776, 0),
(5872, 414, 'Ngapa', 2777, 0),
(5873, 414, 'Pakue', 2778, 0),
(5874, 414, 'Pakue Tengah', 2779, 0),
(5875, 414, 'Pakue Utara', 2780, 0),
(5876, 414, 'Porehu', 2781, 0),
(5877, 414, 'Ranteangin', 2782, 0),
(5878, 414, 'Tiwu', 2783, 0),
(5879, 414, 'Tolala', 2784, 0),
(5880, 414, 'Watunohu', 2785, 0),
(5881, 414, 'Wawo', 2786, 0),
(5882, 415, 'Abuki', 2787, 0),
(5883, 415, 'Amonggedo', 2788, 0),
(5884, 415, 'Anggaberi', 2789, 0),
(5885, 415, 'Asinua', 2790, 0),
(5886, 415, 'Besulutu', 2791, 0),
(5887, 415, 'Bondoala', 2792, 0),
(5888, 415, 'Kapoiala (Kapoyala)', 2793, 0),
(5889, 415, 'Konawe', 2794, 0),
(5890, 415, 'Lalonggasumeeto', 2795, 0),
(5891, 415, 'Lambuya', 2796, 0),
(5892, 415, 'Latoma', 2797, 0),
(5893, 415, 'Meluhu', 2798, 0),
(5894, 415, 'Onembute', 2799, 0),
(5895, 415, 'Pondidaha', 2800, 0),
(5896, 415, 'Puriala', 2801, 0),
(5897, 415, 'Routa', 2802, 0),
(5898, 415, 'Sampara', 2803, 0),
(5899, 415, 'Soropia', 2804, 0),
(5900, 415, 'Tongauna', 2805, 0),
(5901, 415, 'Uepai (Uwepai)', 2806, 0),
(5902, 415, 'Unaaha', 2807, 0),
(5903, 415, 'Wawonii Barat', 2808, 0),
(5904, 415, 'Wawonii Selatan', 2809, 0),
(5905, 415, 'Wawonii Tengah', 2810, 0),
(5906, 415, 'Wawonii Tenggara', 2811, 0),
(5907, 415, 'Wawonii Timur', 2812, 0),
(5908, 415, 'Wawonii Timur Laut', 2813, 0),
(5909, 415, 'Wawonii Utara', 2814, 0),
(5910, 415, 'Wawotobi', 2815, 0),
(5911, 415, 'Wonggeduku', 2816, 0),
(5912, 416, 'Andoolo', 2817, 0),
(5913, 416, 'Angata', 2818, 0),
(5914, 416, 'Baito', 2819, 0),
(5915, 416, 'Basala', 2820, 0),
(5916, 416, 'Benua', 2821, 0),
(5917, 416, 'Buke', 2822, 0),
(5918, 416, 'Kolono', 2823, 0),
(5919, 416, 'Konda', 2824, 0),
(5920, 416, 'Laeya', 2825, 0),
(5921, 416, 'Lainea', 2826, 0),
(5922, 416, 'Lalembuu / Lalumbuu', 2827, 0),
(5923, 416, 'Landono', 2828, 0),
(5924, 416, 'Laonti', 2829, 0),
(5925, 416, 'Moramo', 2830, 0),
(5926, 416, 'Moramo Utara', 2831, 0),
(5927, 416, 'Mowila', 2832, 0),
(5928, 416, 'Palangga', 2833, 0),
(5929, 416, 'Palangga Selatan', 2834, 0),
(5930, 416, 'Ranomeeto', 2835, 0),
(5931, 416, 'Ranomeeto Barat', 2836, 0),
(5932, 416, 'Tinanggea', 2837, 0),
(5933, 416, 'Wolasi', 2838, 0),
(5934, 417, 'Andowia', 2839, 0),
(5935, 417, 'Asera', 2840, 0),
(5936, 417, 'Langgikima', 2841, 0),
(5937, 417, 'Lasolo', 2842, 0),
(5938, 417, 'Lembo', 2843, 0),
(5939, 417, 'Molawe', 2844, 0),
(5940, 417, 'Motui', 2845, 0),
(5941, 417, 'Oheo', 2846, 0),
(5942, 417, 'Sawa', 2847, 0),
(5943, 417, 'Wiwirano', 2848, 0),
(5944, 418, 'Barangka', 4157, 0),
(5945, 418, 'Batalaiwaru (Batalaiworu)', 4158, 0),
(5946, 418, 'Batukara', 4159, 0),
(5947, 418, 'Bone (Bone Tondo)', 4160, 0),
(5948, 418, 'Duruka', 4161, 0),
(5949, 418, 'Kabangka', 4162, 0),
(5950, 418, 'Kabawo', 4163, 0),
(5951, 418, 'Katobu', 4164, 0),
(5952, 418, 'Kontu Kowuna', 4165, 0),
(5953, 418, 'Kontunaga', 4166, 0),
(5954, 418, 'Kusambi', 4167, 0),
(5955, 418, 'Lasalepa', 4168, 0),
(5956, 418, 'Lawa', 4169, 0),
(5957, 418, 'Lohia', 4170, 0),
(5958, 418, 'Maginti', 4171, 0),
(5959, 418, 'Maligano', 4172, 0),
(5960, 418, 'Marobo', 4173, 0),
(5961, 418, 'Napabalano', 4174, 0),
(5962, 418, 'Napano Kusambi', 4175, 0),
(5963, 418, 'Parigi', 4176, 0),
(5964, 418, 'Pasi Kolaga', 4177, 0),
(5965, 418, 'Pasir Putih', 4178, 0),
(5966, 418, 'Sawerigadi (Sawerigading/Sewergadi)', 4179, 0),
(5967, 418, 'Tiworo Kepulauan', 4180, 0),
(5968, 418, 'Tiworo Selatan', 4181, 0),
(5969, 418, 'Tiworo Tengah', 4182, 0),
(5970, 418, 'Tiworo Utara', 4183, 0),
(5971, 418, 'Tongkuno', 4184, 0),
(5972, 418, 'Tongkuno Selatan', 4185, 0),
(5973, 418, 'Towea', 4186, 0),
(5974, 418, 'Wa Daga', 4187, 0),
(5975, 418, 'Wakorumba Selatan', 4188, 0),
(5976, 418, 'Watopute', 4189, 0),
(5977, 419, 'Binongko', 6854, 0),
(5978, 419, 'Kaledupa', 6855, 0),
(5979, 419, 'Kaledupa Selatan', 6856, 0),
(5980, 419, 'Togo Binongko', 6857, 0),
(5981, 419, 'Tomia', 6858, 0),
(5982, 419, 'Tomia Timur', 6859, 0),
(5983, 419, 'Wangi-Wangi', 6860, 0),
(5984, 419, 'Wangi-Wangi Selatan', 6861, 0),
(5985, 420, 'Aertembaga (Bitung Timur)', 966, 0),
(5986, 420, 'Girian', 967, 0),
(5987, 420, 'Lembeh Selatan (Bitung Selatan)', 968, 0),
(5988, 420, 'Lembeh Utara', 969, 0),
(5989, 420, 'Madidir (Bitung Tengah)', 970, 0),
(5990, 420, 'Maesa', 971, 0),
(5991, 420, 'Matuari (Bitung Barat)', 972, 0),
(5992, 420, 'Ranowulu (Bitung Utara)', 973, 0),
(5993, 421, 'Bilalang', 1096, 0),
(5994, 421, 'Bolaang', 1097, 0),
(5995, 421, 'Bolaang Timur', 1098, 0),
(5996, 421, 'Dumoga', 1099, 0),
(5997, 421, 'Dumoga Barat', 1100, 0),
(5998, 421, 'Dumoga Tengah', 1101, 0),
(5999, 421, 'Dumoga Tenggara', 1102, 0),
(6000, 421, 'Dumoga Timur', 1103, 0),
(6001, 421, 'Dumoga Utara', 1104, 0),
(6002, 421, 'Lolak', 1105, 0),
(6003, 421, 'Lolayan', 1106, 0),
(6004, 421, 'Passi Barat', 1107, 0),
(6005, 421, 'Passi Timur', 1108, 0),
(6006, 421, 'Poigar', 1109, 0),
(6007, 421, 'Sangtombolang', 1110, 0),
(6008, 422, 'Bolaang Uki', 1111, 0),
(6009, 422, 'Pinolosian', 1112, 0),
(6010, 422, 'Pinolosian Tengah', 1113, 0),
(6011, 422, 'Pinolosian Timur', 1114, 0),
(6012, 422, 'Posigadan', 1115, 0),
(6013, 423, 'Kotabunan', 1116, 0),
(6014, 423, 'Modayag', 1117, 0),
(6015, 423, 'Modayag Barat', 1118, 0),
(6016, 423, 'Nuangan', 1119, 0),
(6017, 423, 'Tutuyan', 1120, 0),
(6018, 424, 'Bintauna', 1121, 0),
(6019, 424, 'Bolang Itang Barat', 1122, 0),
(6020, 424, 'Bolang Itang Timur', 1123, 0),
(6021, 424, 'Kaidipang', 1124, 0),
(6022, 424, 'Pinogaluman', 1125, 0),
(6023, 424, 'Sangkub', 1126, 0),
(6024, 425, 'Kendahe', 2607, 0),
(6025, 425, 'Kepulauan Marore', 2608, 0),
(6026, 425, 'Manganitu', 2609, 0),
(6027, 425, 'Manganitu Selatan', 2610, 0),
(6028, 425, 'Nusa Tabukan', 2611, 0),
(6029, 425, 'Tabukan Selatan', 2612, 0);
INSERT INTO `tb_kec` (`idkec`, `idkab`, `nama`, `rajaongkir`, `kodepos`) VALUES
(6030, 425, 'Tabukan Selatan Tengah', 2613, 0),
(6031, 425, 'Tabukan Selatan Tenggara', 2614, 0),
(6032, 425, 'Tabukan Tengah', 2615, 0),
(6033, 425, 'Tabukan Utara', 2616, 0),
(6034, 425, 'Tahuna', 2617, 0),
(6035, 425, 'Tahuna Barat', 2618, 0),
(6036, 425, 'Tahuna Timur', 2619, 0),
(6037, 425, 'Tamako', 2620, 0),
(6038, 425, 'Tatoareng', 2621, 0),
(6039, 426, 'Biaro', 2624, 0),
(6040, 426, 'Siau Barat', 2625, 0),
(6041, 426, 'Siau Barat Selatan', 2626, 0),
(6042, 426, 'Siau Barat Utara', 2627, 0),
(6043, 426, 'Siau Tengah', 2628, 0),
(6044, 426, 'Siau Timur', 2629, 0),
(6045, 426, 'Siau Timur Selatan', 2630, 0),
(6046, 426, 'Tagulandang', 2631, 0),
(6047, 426, 'Tagulandang Selatan', 2632, 0),
(6048, 426, 'Tagulandang Utara', 2633, 0),
(6049, 427, 'Beo', 2653, 0),
(6050, 427, 'Beo Selatan', 2654, 0),
(6051, 427, 'Beo Utara', 2655, 0),
(6052, 427, 'Damao (Damau)', 2656, 0),
(6053, 427, 'Essang', 2657, 0),
(6054, 427, 'Essang Selatan', 2658, 0),
(6055, 427, 'Gemeh', 2659, 0),
(6056, 427, 'Kabaruan', 2660, 0),
(6057, 427, 'Kalongan', 2661, 0),
(6058, 427, 'Lirung', 2662, 0),
(6059, 427, 'Melonguane', 2663, 0),
(6060, 427, 'Melonguane Timur', 2664, 0),
(6061, 427, 'Miangas', 2665, 0),
(6062, 427, 'Moronge', 2666, 0),
(6063, 427, 'Nanusa', 2667, 0),
(6064, 427, 'Pulutan', 2668, 0),
(6065, 427, 'Rainis', 2669, 0),
(6066, 427, 'Salibabu', 2670, 0),
(6067, 427, 'Tampan Amma', 2671, 0),
(6068, 428, 'Kotamobagu Barat', 2870, 0),
(6069, 428, 'Kotamobagu Selatan', 2871, 0),
(6070, 428, 'Kotamobagu Timur', 2872, 0),
(6071, 428, 'Kotamobagu Utara', 2873, 0),
(6072, 429, 'Bunaken', 3768, 0),
(6073, 429, 'Bunaken Kepulauan', 3769, 0),
(6074, 429, 'Malalayang', 3770, 0),
(6075, 429, 'Mapanget', 3771, 0),
(6076, 429, 'Paal Dua', 3772, 0),
(6077, 429, 'Sario', 3773, 0),
(6078, 429, 'Singkil', 3774, 0),
(6079, 429, 'Tikala', 3775, 0),
(6080, 429, 'Tuminiting', 3776, 0),
(6081, 429, 'Wanea', 3777, 0),
(6082, 429, 'Wenang', 3778, 0),
(6083, 430, 'Eris', 4006, 0),
(6084, 430, 'Kakas', 4007, 0),
(6085, 430, 'Kakas Barat', 4008, 0),
(6086, 430, 'Kawangkoan', 4009, 0),
(6087, 430, 'Kawangkoan Barat', 4010, 0),
(6088, 430, 'Kawangkoan Utara', 4011, 0),
(6089, 430, 'Kombi', 4012, 0),
(6090, 430, 'Langowan Barat', 4013, 0),
(6091, 430, 'Langowan Selatan', 4014, 0),
(6092, 430, 'Langowan Timur', 4015, 0),
(6093, 430, 'Langowan Utara', 4016, 0),
(6094, 430, 'Lembean Timur', 4017, 0),
(6095, 430, 'Mandolang', 4018, 0),
(6096, 430, 'Pineleng', 4019, 0),
(6097, 430, 'Remboken', 4020, 0),
(6098, 430, 'Sonder', 4021, 0),
(6099, 430, 'Tombariri', 4022, 0),
(6100, 430, 'Tombariri Timur', 4023, 0),
(6101, 430, 'Tombulu', 4024, 0),
(6102, 430, 'Tompaso', 4025, 0),
(6103, 430, 'Tompaso Barat', 4026, 0),
(6104, 430, 'Tondano Barat', 4027, 0),
(6105, 430, 'Tondano Selatan', 4028, 0),
(6106, 430, 'Tondano Timur', 4029, 0),
(6107, 430, 'Tondano Utara', 4030, 0),
(6108, 431, 'Amurang', 4031, 0),
(6109, 431, 'Amurang Barat', 4032, 0),
(6110, 431, 'Amurang Timur', 4033, 0),
(6111, 431, 'Kumelembuai', 4034, 0),
(6112, 431, 'Maesaan', 4035, 0),
(6113, 431, 'Modoinding', 4036, 0),
(6114, 431, 'Motoling', 4037, 0),
(6115, 431, 'Motoling Barat', 4038, 0),
(6116, 431, 'Motoling Timur', 4039, 0),
(6117, 431, 'Ranoyapo', 4040, 0),
(6118, 431, 'Sinonsayang', 4041, 0),
(6119, 431, 'Suluun Tareran', 4042, 0),
(6120, 431, 'Tareran', 4043, 0),
(6121, 431, 'Tatapaan', 4044, 0),
(6122, 431, 'Tenga', 4045, 0),
(6123, 431, 'Tompaso Baru', 4046, 0),
(6124, 431, 'Tumpaan', 4047, 0),
(6125, 432, 'Belang', 4048, 0),
(6126, 432, 'Pasan', 4049, 0),
(6127, 432, 'Pusomaen', 4050, 0),
(6128, 432, 'Ratahan', 4051, 0),
(6129, 432, 'Ratahan Timur', 4052, 0),
(6130, 432, 'Ratatotok', 4053, 0),
(6131, 432, 'Silian Raya', 4054, 0),
(6132, 432, 'Tombatu', 4055, 0),
(6133, 432, 'Tombatu Timur', 4056, 0),
(6134, 432, 'Tombatu Utara', 4057, 0),
(6135, 432, 'Touluaan', 4058, 0),
(6136, 432, 'Touluaan Selatan', 4059, 0),
(6137, 433, 'Airmadidi', 4060, 0),
(6138, 433, 'Dimembe', 4061, 0),
(6139, 433, 'Kalawat', 4062, 0),
(6140, 433, 'Kauditan', 4063, 0),
(6141, 433, 'Kema', 4064, 0),
(6142, 433, 'Likupang Barat', 4065, 0),
(6143, 433, 'Likupang Selatan', 4066, 0),
(6144, 433, 'Likupang Timur', 4067, 0),
(6145, 433, 'Talawaan', 4068, 0),
(6146, 433, 'Wori', 4069, 0),
(6147, 434, 'Tomohon Barat', 6733, 0),
(6148, 434, 'Tomohon Selatan', 6734, 0),
(6149, 434, 'Tomohon Tengah', 6735, 0),
(6150, 434, 'Tomohon Timur', 6736, 0),
(6151, 434, 'Tomohon Utara', 6737, 0),
(6152, 435, 'Ampek Nagari (IV Nagari )', 176, 0),
(6153, 435, 'Banuhampu', 177, 0),
(6154, 435, 'Baso', 178, 0),
(6155, 435, 'Candung', 179, 0),
(6156, 435, 'IV Angkat Candung (Ampek Angkek)', 180, 0),
(6157, 435, 'IV Koto (Ampek Koto)', 181, 0),
(6158, 435, 'Kamang Magek', 182, 0),
(6159, 435, 'Lubuk Basung', 183, 0),
(6160, 435, 'Malakak', 184, 0),
(6161, 435, 'Matur', 185, 0),
(6162, 435, 'Palembayan', 186, 0),
(6163, 435, 'Palupuh', 187, 0),
(6164, 435, 'Sungai Pua (Puar)', 188, 0),
(6165, 435, 'Tanjung Mutiara', 189, 0),
(6166, 435, 'Tanjung Raya', 190, 0),
(6167, 435, 'Tilatang Kamang', 191, 0),
(6168, 436, 'Aur Birugo Tigo Baleh', 1276, 0),
(6169, 436, 'Guguk Panjang (Guguak Panjang)', 1277, 0),
(6170, 436, 'Mandiangin Koto Selayan', 1278, 0),
(6171, 437, 'Asam Jujuhan', 1588, 0),
(6172, 437, 'Koto Baru', 1589, 0),
(6173, 437, 'Koto Besar', 1590, 0),
(6174, 437, 'Koto Salak', 1591, 0),
(6175, 437, 'Padang Laweh', 1592, 0),
(6176, 437, 'Pulau Punjung', 1593, 0),
(6177, 437, 'Sembilan Koto (IX Koto)', 1594, 0),
(6178, 437, 'Sitiung', 1595, 0),
(6179, 437, 'Sungai Rumbai', 1596, 0),
(6180, 437, 'Timpeh', 1597, 0),
(6181, 437, 'Tiumang', 1598, 0),
(6182, 438, 'Pagai Selatan', 2588, 0),
(6183, 438, 'Pagai Utara', 2589, 0),
(6184, 438, 'Siberut Barat', 2590, 0),
(6185, 438, 'Siberut Barat Daya', 2591, 0),
(6186, 438, 'Siberut Selatan', 2592, 0),
(6187, 438, 'Siberut Tengah', 2593, 0),
(6188, 438, 'Siberut Utara', 2594, 0),
(6189, 438, 'Sikakap', 2595, 0),
(6190, 438, 'Sipora Selatan', 2596, 0),
(6191, 438, 'Sipora Utara', 2597, 0),
(6192, 439, 'Akabiluru', 3351, 0),
(6193, 439, 'Bukik Barisan', 3352, 0),
(6194, 439, 'Guguak (Gugu)', 3353, 0),
(6195, 439, 'Gunuang Omeh (Gunung Mas)', 3354, 0),
(6196, 439, 'Harau', 3355, 0),
(6197, 439, 'Kapur IX/Sembilan', 3356, 0),
(6198, 439, 'Lareh Sago Halaban', 3357, 0),
(6199, 439, 'Luak (Luhak)', 3358, 0),
(6200, 439, 'Mungka', 3359, 0),
(6201, 439, 'Pangkalan Koto Baru', 3360, 0),
(6202, 439, 'Payakumbuh', 3361, 0),
(6203, 439, 'Situjuah Limo/Lima Nagari', 3362, 0),
(6204, 439, 'Suliki', 3363, 0),
(6205, 440, 'Bungus Teluk Kabung', 4534, 0),
(6206, 440, 'Koto Tangah', 4535, 0),
(6207, 440, 'Kuranji', 4536, 0),
(6208, 440, 'Lubuk Begalung', 4537, 0),
(6209, 440, 'Lubuk Kilangan', 4538, 0),
(6210, 440, 'Nanggalo', 4539, 0),
(6211, 440, 'Padang Barat', 4540, 0),
(6212, 440, 'Padang Selatan', 4541, 0),
(6213, 440, 'Padang Timur', 4542, 0),
(6214, 440, 'Padang Utara', 4543, 0),
(6215, 440, 'Pauh', 4544, 0),
(6216, 441, 'Padang Panjang Barat', 4566, 0),
(6217, 441, 'Padang Panjang Timur', 4567, 0),
(6218, 442, '2 X 11 Enam Lingkung', 4568, 0),
(6219, 442, '2 X 11 Kayu Tanam', 4569, 0),
(6220, 442, 'Batang Anai', 4570, 0),
(6221, 442, 'Batang Gasan', 4571, 0),
(6222, 442, 'Enam Lingkung', 4572, 0),
(6223, 442, 'IV Koto Aur Malintang', 4573, 0),
(6224, 442, 'Lubuk Alung', 4574, 0),
(6225, 442, 'Nan Sabaris', 4575, 0),
(6226, 442, 'Padang Sago', 4576, 0),
(6227, 442, 'Patamuan', 4577, 0),
(6228, 442, 'Sintuk/Sintuak Toboh Gadang', 4578, 0),
(6229, 442, 'Sungai Geringging/Garingging', 4579, 0),
(6230, 442, 'Sungai Limau', 4580, 0),
(6231, 442, 'Ulakan Tapakih/Tapakis', 4581, 0),
(6232, 442, 'V Koto Kampung Dalam', 4582, 0),
(6233, 442, 'V Koto Timur', 4583, 0),
(6234, 442, 'VII Koto Sungai Sarik', 4584, 0),
(6235, 443, 'Pariaman Selatan', 4734, 0),
(6236, 443, 'Pariaman Tengah', 4735, 0),
(6237, 443, 'Pariaman Timur', 4736, 0),
(6238, 443, 'Pariaman Utara', 4737, 0),
(6239, 444, 'Bonjol', 4760, 0),
(6240, 444, 'Duo Koto (II Koto)', 4761, 0),
(6241, 444, 'Lubuk Sikaping', 4762, 0),
(6242, 444, 'Mapat Tunggul', 4763, 0),
(6243, 444, 'Mapat Tunggul Selatan', 4764, 0),
(6244, 444, 'Padang Gelugur', 4765, 0),
(6245, 444, 'Panti', 4766, 0),
(6246, 444, 'Rao', 4767, 0),
(6247, 444, 'Rao Selatan', 4768, 0),
(6248, 444, 'Rao Utara', 4769, 0),
(6249, 444, 'Simpang Alahan Mati', 4770, 0),
(6250, 444, 'Tigo Nagari (III Nagari)', 4771, 0),
(6251, 445, 'Gunung Tuleh', 4772, 0),
(6252, 445, 'Kinali', 4773, 0),
(6253, 445, 'Koto Balingka', 4774, 0),
(6254, 445, 'Lembah Melintang', 4775, 0),
(6255, 445, 'Luhak Nan Duo', 4776, 0),
(6256, 445, 'Pasaman', 4777, 0),
(6257, 445, 'Ranah Batahan', 4778, 0),
(6258, 445, 'Sasak Ranah Pasisir/Pesisie', 4779, 0),
(6259, 445, 'Sei Beremas', 4780, 0),
(6260, 445, 'Sungai Aur', 4781, 0),
(6261, 445, 'Talamau', 4782, 0),
(6262, 446, 'Lamposi Tigo Nagari', 4842, 0),
(6263, 446, 'Payakumbuh Barat', 4843, 0),
(6264, 446, 'Payakumbuh Selatan', 4844, 0),
(6265, 446, 'Payakumbuh Timur', 4845, 0),
(6266, 446, 'Payakumbuh Utara', 4846, 0),
(6267, 447, 'Airpura', 4984, 0),
(6268, 447, 'Basa Ampek Balai Tapan', 4985, 0),
(6269, 447, 'Batang Kapas', 4986, 0),
(6270, 447, 'Bayang', 4987, 0),
(6271, 447, 'IV Jurai', 4988, 0),
(6272, 447, 'IV Nagari Bayang Utara', 4989, 0),
(6273, 447, 'Koto XI Tarusan', 4990, 0),
(6274, 447, 'Lengayang', 4991, 0),
(6275, 447, 'Linggo Sari Baganti', 4992, 0),
(6276, 447, 'Lunang', 4993, 0),
(6277, 447, 'Pancung Soal', 4994, 0),
(6278, 447, 'Ranah Ampek Hulu Tapan', 4995, 0),
(6279, 447, 'Ranah Pesisir', 4996, 0),
(6280, 447, 'Silaut', 4997, 0),
(6281, 447, 'Sutera', 4998, 0),
(6282, 448, 'Barangin', 5443, 0),
(6283, 448, 'Lembah Segar', 5444, 0),
(6284, 448, 'Silungkang', 5445, 0),
(6285, 448, 'Talawi', 5446, 0),
(6286, 449, 'IV Nagari', 5664, 0),
(6287, 449, 'Kamang Baru', 5665, 0),
(6288, 449, 'Koto VII', 5666, 0),
(6289, 449, 'Kupitan', 5667, 0),
(6290, 449, 'Lubuak Tarok', 5668, 0),
(6291, 449, 'Sijunjung', 5669, 0),
(6292, 449, 'Sumpur Kudus', 5670, 0),
(6293, 449, 'Tanjung Gadang', 5671, 0),
(6294, 450, 'Bukit Sundi', 5796, 0),
(6295, 450, 'Danau Kembar', 5797, 0),
(6296, 450, 'Gunung Talang', 5798, 0),
(6297, 450, 'Hiliran Gumanti', 5799, 0),
(6298, 450, 'IX Koto Sei Lasi', 5800, 0),
(6299, 450, 'Junjung Sirih', 5801, 0),
(6300, 450, 'Kubung', 5802, 0),
(6301, 450, 'Lembah Gumanti', 5803, 0),
(6302, 450, 'Lembang Jaya', 5804, 0),
(6303, 450, 'Pantai Cermin', 5805, 0),
(6304, 450, 'Payung Sekaki', 5806, 0),
(6305, 450, 'Tigo Lurah', 5807, 0),
(6306, 450, 'X Koto Diatas', 5808, 0),
(6307, 450, 'X Koto Singkarak', 5809, 0),
(6308, 451, 'Lubuk Sikarah', 5810, 0),
(6309, 451, 'Tanjung Harapan', 5811, 0),
(6310, 452, 'Koto Parik Gadang Diateh', 5812, 0),
(6311, 452, 'Pauh Duo', 5813, 0),
(6312, 452, 'Sangir', 5814, 0),
(6313, 452, 'Sangir Balai Janggo', 5815, 0),
(6314, 452, 'Sangir Batang Hari', 5816, 0),
(6315, 452, 'Sangir Jujuan', 5817, 0),
(6316, 452, 'Sungai Pagu', 5818, 0),
(6317, 453, 'Batipuh', 6243, 0),
(6318, 453, 'Batipuh Selatan', 6244, 0),
(6319, 453, 'Lima Kaum', 6245, 0),
(6320, 453, 'Lintau Buo', 6246, 0),
(6321, 453, 'Lintau Buo Utara', 6247, 0),
(6322, 453, 'Padang Ganting', 6248, 0),
(6323, 453, 'Pariangan', 6249, 0),
(6324, 453, 'Rambatan', 6250, 0),
(6325, 453, 'Salimpaung', 6251, 0),
(6326, 453, 'Sepuluh Koto (X Koto)', 6252, 0),
(6327, 453, 'Sungai Tarab', 6253, 0),
(6328, 453, 'Sungayang', 6254, 0),
(6329, 453, 'Tanjung Baru', 6255, 0),
(6330, 453, 'Tanjung Emas', 6256, 0),
(6331, 454, 'Air Kumbang', 554, 0),
(6332, 454, 'Air Salek', 555, 0),
(6333, 454, 'Banyuasin I', 556, 0),
(6334, 454, 'Banyuasin II', 557, 0),
(6335, 454, 'Banyuasin III', 558, 0),
(6336, 454, 'Betung', 559, 0),
(6337, 454, 'Makarti Jaya', 560, 0),
(6338, 454, 'Muara Padang', 561, 0),
(6339, 454, 'Muara Sugihan', 562, 0),
(6340, 454, 'Muara Telang', 563, 0),
(6341, 454, 'Pulau Rimau', 564, 0),
(6342, 454, 'Rambutan', 565, 0),
(6343, 454, 'Rantau Bayur', 566, 0),
(6344, 454, 'Sembawa', 567, 0),
(6345, 454, 'Suak Tapeh', 568, 0),
(6346, 454, 'Sumber Marga Telang', 569, 0),
(6347, 454, 'Talang Kelapa', 570, 0),
(6348, 454, 'Tanjung Lago', 571, 0),
(6349, 454, 'Tungkal Ilir', 572, 0),
(6350, 455, 'Lintang Kanan', 1640, 0),
(6351, 455, 'Muara Pinang', 1641, 0),
(6352, 455, 'Pasemah Air Keruh', 1642, 0),
(6353, 455, 'Pendopo', 1643, 0),
(6354, 455, 'Pendopo Barat', 1644, 0),
(6355, 455, 'Saling', 1645, 0),
(6356, 455, 'Sikap Dalam', 1646, 0),
(6357, 455, 'Talang Padang', 1647, 0),
(6358, 455, 'Tebing Tinggi', 1648, 0),
(6359, 455, 'Ulu Musi', 1649, 0),
(6360, 456, 'Gumay Talang', 3083, 0),
(6361, 456, 'Gumay Ulu', 3084, 0),
(6362, 456, 'Jarai', 3085, 0),
(6363, 456, 'Kikim Barat', 3086, 0),
(6364, 456, 'Kikim Selatan', 3087, 0),
(6365, 456, 'Kikim Tengah', 3088, 0),
(6366, 456, 'Kikim Timur', 3089, 0),
(6367, 456, 'Kota Agung', 3090, 0),
(6368, 456, 'Lahat', 3091, 0),
(6369, 456, 'Merapi Barat', 3092, 0),
(6370, 456, 'Merapi Selatan', 3093, 0),
(6371, 456, 'Merapi Timur', 3094, 0),
(6372, 456, 'Muarapayang', 3095, 0),
(6373, 456, 'Mulak Ulu', 3096, 0),
(6374, 456, 'Pagar Gunung', 3097, 0),
(6375, 456, 'Pajar Bulan', 3098, 0),
(6376, 456, 'Pseksu', 3099, 0),
(6377, 456, 'Pulau Pinang', 3100, 0),
(6378, 456, 'Sukamerindu', 3101, 0),
(6379, 456, 'Tanjung Sakti Pumi', 3102, 0),
(6380, 456, 'Tanjung Sakti Pumu', 3103, 0),
(6381, 456, 'Tanjung Tebat', 3104, 0),
(6382, 457, 'Lubuk Linggau Barat Dua (II)', 3419, 0),
(6383, 457, 'Lubuk Linggau Barat Satu (I)', 3420, 0),
(6384, 457, 'Lubuk Linggau Selatan Dua (II)', 3421, 0),
(6385, 457, 'Lubuk Linggau Selatan Satu (I)', 3422, 0),
(6386, 457, 'Lubuk Linggau Timur Dua (II)', 3423, 0),
(6387, 457, 'Lubuk Linggau Timur Satu (I)', 3424, 0),
(6388, 457, 'Lubuk Linggau Utara Dua (II)', 3425, 0),
(6389, 457, 'Lubuk Linggau Utara Satu (I)', 3426, 0),
(6390, 458, 'Abab', 4109, 0),
(6391, 458, 'Benakat', 4110, 0),
(6392, 458, 'Gelumbang', 4111, 0),
(6393, 458, 'Gunung Megang', 4112, 0),
(6394, 458, 'Kelekar', 4113, 0),
(6395, 458, 'Lawang Kidul', 4114, 0),
(6396, 458, 'Lembak', 4115, 0),
(6397, 458, 'Lubai', 4116, 0),
(6398, 458, 'Muara Belida', 4117, 0),
(6399, 458, 'Muara Enim', 4118, 0),
(6400, 458, 'Penukal (Penukal Abab)', 4119, 0),
(6401, 458, 'Penukal Utara', 4120, 0),
(6402, 458, 'Rambang', 4121, 0),
(6403, 458, 'Rambang Dangku', 4122, 0),
(6404, 458, 'Semendo Darat Laut', 4123, 0),
(6405, 458, 'Semendo Darat Tengah', 4124, 0),
(6406, 458, 'Semendo Darat Ulu', 4125, 0),
(6407, 458, 'Sungai Rotan', 4126, 0),
(6408, 458, 'Talang Ubi', 4127, 0),
(6409, 458, 'Tanah Abang', 4128, 0),
(6410, 458, 'Tanjung Agung', 4129, 0),
(6411, 458, 'Ujan Mas', 4130, 0),
(6412, 459, 'Babat Supat', 4200, 0),
(6413, 459, 'Babat Toman', 4201, 0),
(6414, 459, 'Batanghari Leko', 4202, 0),
(6415, 459, 'Bayung Lencir', 4203, 0),
(6416, 459, 'Keluang', 4204, 0),
(6417, 459, 'Lais', 4205, 0),
(6418, 459, 'Lalan (Sungai Lalan)', 4206, 0),
(6419, 459, 'Lawang Wetan', 4207, 0),
(6420, 459, 'Plakat Tinggi (Pelakat Tinggi)', 4208, 0),
(6421, 459, 'Sanga Desa', 4209, 0),
(6422, 459, 'Sekayu', 4210, 0),
(6423, 459, 'Sungai Keruh', 4211, 0),
(6424, 459, 'Sungai Lilin', 4212, 0),
(6425, 459, 'Tungkal Jaya', 4213, 0),
(6426, 460, 'Batukuning Lakitan Ulu (BTS)/Cecar', 4214, 0),
(6427, 460, 'Jaya Loka', 4215, 0),
(6428, 460, 'Karang Dapo', 4216, 0),
(6429, 460, 'Karang Jaya', 4217, 0),
(6430, 460, 'Megang Sakti', 4218, 0),
(6431, 460, 'Muara Beliti', 4219, 0),
(6432, 460, 'Muara Kelingi', 4220, 0),
(6433, 460, 'Muara Lakitan', 4221, 0),
(6434, 460, 'Nibung', 4222, 0),
(6435, 460, 'Purwodadi', 4223, 0),
(6436, 460, 'Rawas Ilir', 4224, 0),
(6437, 460, 'Rawas Ulu', 4225, 0),
(6438, 460, 'Rupit', 4226, 0),
(6439, 460, 'Selangit', 4227, 0),
(6440, 460, 'STL Ulu Terawas', 4228, 0),
(6441, 460, 'Sukakarya', 4229, 0),
(6442, 460, 'Sumber Harta', 4230, 0),
(6443, 460, 'Tiang Pumpung Kepungut', 4231, 0),
(6444, 460, 'Tuah Negeri', 4232, 0),
(6445, 460, 'Tugumulyo', 4233, 0),
(6446, 460, 'Ulu Rawas', 4234, 0),
(6447, 461, 'Indralaya', 4437, 0),
(6448, 461, 'Indralaya Selatan', 4438, 0),
(6449, 461, 'Indralaya Utara', 4439, 0),
(6450, 461, 'Kandis', 4440, 0),
(6451, 461, 'Lubuk Keliat', 4441, 0),
(6452, 461, 'Muara Kuang', 4442, 0),
(6453, 461, 'Payaraman', 4443, 0),
(6454, 461, 'Pemulutan', 4444, 0),
(6455, 461, 'Pemulutan Barat', 4445, 0),
(6456, 461, 'Pemulutan Selatan', 4446, 0),
(6457, 461, 'Rambang Kuang', 4447, 0),
(6458, 461, 'Rantau Alai', 4448, 0),
(6459, 461, 'Rantau Panjang', 4449, 0),
(6460, 461, 'Sungai Pinang', 4450, 0),
(6461, 461, 'Tanjung Batu', 4451, 0),
(6462, 461, 'Tanjung Raja', 4452, 0),
(6463, 462, 'Air Sugihan', 4453, 0),
(6464, 462, 'Cengal', 4454, 0),
(6465, 462, 'Jejawi', 4455, 0),
(6466, 462, 'Kayu Agung', 4456, 0),
(6467, 462, 'Lempuing', 4457, 0),
(6468, 462, 'Lempuing Jaya', 4458, 0),
(6469, 462, 'Mesuji', 4459, 0),
(6470, 462, 'Mesuji Makmur', 4460, 0),
(6471, 462, 'Mesuji Raya', 4461, 0),
(6472, 462, 'Pampangan', 4462, 0),
(6473, 462, 'Pangkalan Lampam', 4463, 0),
(6474, 462, 'Pedamaran', 4464, 0),
(6475, 462, 'Pedamaran Timur', 4465, 0),
(6476, 462, 'Sirah Pulau Padang', 4466, 0),
(6477, 462, 'Sungai Menang', 4467, 0),
(6478, 462, 'Tanjung Lubuk', 4468, 0),
(6479, 462, 'Teluk Gelam', 4469, 0),
(6480, 462, 'Tulung Selapan', 4470, 0),
(6481, 463, 'Baturaja Barat', 4471, 0),
(6482, 463, 'Baturaja Timur', 4472, 0),
(6483, 463, 'Lengkiti', 4473, 0),
(6484, 463, 'Lubuk Batang', 4474, 0),
(6485, 463, 'Lubuk Raja', 4475, 0),
(6486, 463, 'Muara Jaya', 4476, 0),
(6487, 463, 'Pengandonan', 4477, 0),
(6488, 463, 'Peninjauan', 4478, 0),
(6489, 463, 'Semidang Aji', 4479, 0),
(6490, 463, 'Sinar Peninjauan', 4480, 0),
(6491, 463, 'Sosoh Buay Rayap', 4481, 0),
(6492, 463, 'Ulu Ogan', 4482, 0),
(6493, 464, 'Banding Agung', 4483, 0),
(6494, 464, 'Buana Pemaca', 4484, 0),
(6495, 464, 'Buay Pemaca', 4485, 0),
(6496, 464, 'Buay Pematang Ribu Ranau Tengah', 4486, 0),
(6497, 464, 'Buay Rawan', 4487, 0),
(6498, 464, 'Buay Runjung', 4488, 0),
(6499, 464, 'Buay Sandang Aji', 4489, 0),
(6500, 464, 'Kisam Ilir', 4490, 0),
(6501, 464, 'Kisam Tinggi', 4491, 0),
(6502, 464, 'Mekakau Ilir', 4492, 0),
(6503, 464, 'Muaradua', 4493, 0),
(6504, 464, 'Muaradua Kisam', 4494, 0),
(6505, 464, 'Pulau Beringin', 4495, 0),
(6506, 464, 'Runjung Agung', 4496, 0),
(6507, 464, 'Simpang', 4497, 0),
(6508, 464, 'Sindang Danau', 4498, 0),
(6509, 464, 'Sungai Are', 4499, 0),
(6510, 464, 'Tiga Dihaji', 4500, 0),
(6511, 464, 'Warkuk Ranau Selatan', 4501, 0),
(6512, 465, 'Belitang', 4502, 0),
(6513, 465, 'Belitang II', 4503, 0),
(6514, 465, 'Belitang III', 4504, 0),
(6515, 465, 'Belitang Jaya', 4505, 0),
(6516, 465, 'Belitang Madang Raya', 4506, 0),
(6517, 465, 'Belitang Mulya', 4507, 0),
(6518, 465, 'Buay Madang', 4508, 0),
(6519, 465, 'Buay Madang Timur', 4509, 0),
(6520, 465, 'Buay Pemuka Bangsa Raja', 4510, 0),
(6521, 465, 'Buay Pemuka Beliung / Peliung', 4511, 0),
(6522, 465, 'Bunga Mayang', 4512, 0),
(6523, 465, 'Cempaka', 4513, 0),
(6524, 465, 'Jayapura', 4514, 0),
(6525, 465, 'Madang Suku I', 4515, 0),
(6526, 465, 'Madang Suku II', 4516, 0),
(6527, 465, 'Madang Suku III', 4517, 0),
(6528, 465, 'Martapura', 4518, 0),
(6529, 465, 'Semendawai Barat', 4519, 0),
(6530, 465, 'Semendawai Suku III', 4520, 0),
(6531, 465, 'Semendawai Timur', 4521, 0),
(6532, 466, 'Dempo Selatan', 4591, 0),
(6533, 466, 'Dempo Tengah', 4592, 0),
(6534, 466, 'Dempo Utara', 4593, 0),
(6535, 466, 'Pagar Alam Selatan', 4594, 0),
(6536, 466, 'Pagar Alam Utara', 4595, 0),
(6537, 467, 'Alang-Alang Lebar', 4609, 0),
(6538, 467, 'Bukit Kecil', 4610, 0),
(6539, 467, 'Gandus', 4611, 0),
(6540, 467, 'Ilir Barat I', 4612, 0),
(6541, 467, 'Ilir Barat II', 4613, 0),
(6542, 467, 'Ilir Timur I', 4614, 0),
(6543, 467, 'Ilir Timur II', 4615, 0),
(6544, 467, 'Kalidoni', 4616, 0),
(6545, 467, 'Kemuning', 4617, 0),
(6546, 467, 'Kertapati', 4618, 0),
(6547, 467, 'Plaju', 4619, 0),
(6548, 467, 'Sako', 4620, 0),
(6549, 467, 'Seberang Ulu I', 4621, 0),
(6550, 467, 'Seberang Ulu II', 4622, 0),
(6551, 467, 'Sematang Borang', 4623, 0),
(6552, 467, 'Sukarami', 4624, 0),
(6553, 468, 'Cambai', 5126, 0),
(6554, 468, 'Prabumulih Barat', 5127, 0),
(6555, 468, 'Prabumulih Selatan', 5128, 0),
(6556, 468, 'Prabumulih Timur', 5129, 0),
(6557, 468, 'Prabumulih Utara', 5130, 0),
(6558, 468, 'Rambang Kapak Tengah', 5131, 0),
(6559, 469, 'Aek Kuasan', 214, 0),
(6560, 469, 'Aek Ledong', 215, 0),
(6561, 469, 'Aek Songsongan', 216, 0),
(6562, 469, 'Air Batu', 217, 0),
(6563, 469, 'Air Joman', 218, 0),
(6564, 469, 'Bandar Pasir Mandoge', 219, 0),
(6565, 469, 'Bandar Pulau', 220, 0),
(6566, 469, 'Buntu Pane', 221, 0),
(6567, 469, 'Kisaran Barat Kota', 222, 0),
(6568, 469, 'Kisaran Timur Kota', 223, 0),
(6569, 469, 'Meranti', 224, 0),
(6570, 469, 'Pulau Rakyat', 225, 0),
(6571, 469, 'Pulo Bandring', 226, 0),
(6572, 469, 'Rahuning', 227, 0),
(6573, 469, 'Rawang Panca Arga', 228, 0),
(6574, 469, 'Sei Dadap', 229, 0),
(6575, 469, 'Sei Kepayang', 230, 0),
(6576, 469, 'Sei Kepayang Barat', 231, 0),
(6577, 469, 'Sei Kepayang Timur', 232, 0),
(6578, 469, 'Setia Janji', 233, 0),
(6579, 469, 'Silau Laut', 234, 0),
(6580, 469, 'Simpang Empat', 235, 0),
(6581, 469, 'Tanjung Balai', 236, 0),
(6582, 469, 'Teluk Dalam', 237, 0),
(6583, 469, 'Tinggi Raja', 238, 0),
(6584, 470, 'Air Putih', 711, 0),
(6585, 470, 'Limapuluh', 712, 0),
(6586, 470, 'Medang Deras', 713, 0),
(6587, 470, 'Sei Balai', 714, 0),
(6588, 470, 'Sei Suka', 715, 0),
(6589, 470, 'Talawi', 716, 0),
(6590, 470, 'Tanjung Tiram', 717, 0),
(6591, 471, 'Binjai Barat', 934, 0),
(6592, 471, 'Binjai Kota', 935, 0),
(6593, 471, 'Binjai Selatan', 936, 0),
(6594, 471, 'Binjai Timur', 937, 0),
(6595, 471, 'Binjai Utara', 938, 0),
(6596, 472, 'Berampu (Brampu)', 1517, 0),
(6597, 472, 'Gunung Sitember', 1518, 0),
(6598, 472, 'Lae Parira', 1519, 0),
(6599, 472, 'Parbuluan', 1520, 0),
(6600, 472, 'Pegagan Hilir', 1521, 0),
(6601, 472, 'Sidikalang', 1522, 0),
(6602, 472, 'Siempat Nempu', 1523, 0),
(6603, 472, 'Siempat Nempu Hilir', 1524, 0),
(6604, 472, 'Siempat Nempu Hulu', 1525, 0),
(6605, 472, 'Silahi Sabungan', 1526, 0),
(6606, 472, 'Silima Pungga-Pungga', 1527, 0),
(6607, 472, 'Sitinjo', 1528, 0),
(6608, 472, 'Sumbul', 1529, 0),
(6609, 472, 'Tanah Pinem', 1530, 0),
(6610, 472, 'Tiga Lingga', 1531, 0),
(6611, 473, 'Bangun Purba', 1537, 0),
(6612, 473, 'Batang Kuis', 1538, 0),
(6613, 473, 'Beringin', 1539, 0),
(6614, 473, 'Biru-Biru', 1540, 0),
(6615, 473, 'Deli Tua', 1541, 0),
(6616, 473, 'Galang', 1542, 0),
(6617, 473, 'Gunung Meriah', 1543, 0),
(6618, 473, 'Hamparan Perak', 1544, 0),
(6619, 473, 'Kutalimbaru', 1545, 0),
(6620, 473, 'Labuhan Deli', 1546, 0),
(6621, 473, 'Lubuk Pakam', 1547, 0),
(6622, 473, 'Namo Rambe', 1548, 0),
(6623, 473, 'Pagar Merbau', 1549, 0),
(6624, 473, 'Pancur Batu', 1550, 0),
(6625, 473, 'Pantai Labu', 1551, 0),
(6626, 473, 'Patumbak', 1552, 0),
(6627, 473, 'Percut Sei Tuan', 1553, 0),
(6628, 473, 'Sibolangit', 1554, 0),
(6629, 473, 'Sinembah Tanjung Muda Hilir', 1555, 0),
(6630, 473, 'Sinembah Tanjung Muda Hulu', 1556, 0),
(6631, 473, 'Sunggal', 1557, 0),
(6632, 473, 'Tanjung Morawa', 1558, 0),
(6633, 474, 'Gunungsitoli', 1895, 0),
(6634, 474, 'Gunungsitoli Alo\'oa', 1896, 0),
(6635, 474, 'Gunungsitoli Barat', 1897, 0),
(6636, 474, 'Gunungsitoli Idanoi', 1898, 0),
(6637, 474, 'Gunungsitoli Selatan', 1899, 0),
(6638, 474, 'Gunungsitoli Utara', 1900, 0),
(6639, 475, 'Bakti Raja', 2006, 0),
(6640, 475, 'Dolok Sanggul', 2007, 0),
(6641, 475, 'Lintong Nihuta', 2008, 0),
(6642, 475, 'Onan Ganjang', 2009, 0),
(6643, 475, 'Pakkat', 2010, 0),
(6644, 475, 'Paranginan', 2011, 0),
(6645, 475, 'Parlilitan', 2012, 0),
(6646, 475, 'Pollung', 2013, 0),
(6647, 475, 'Sijama Polang', 2014, 0),
(6648, 475, 'Tara Bintang', 2015, 0),
(6649, 476, 'Barus Jahe', 2420, 0),
(6650, 476, 'Brastagi (Berastagi)', 2421, 0),
(6651, 476, 'Dolat Rayat', 2422, 0),
(6652, 476, 'Juhar', 2423, 0),
(6653, 476, 'Kabanjahe', 2424, 0),
(6654, 476, 'Kuta Buluh', 2425, 0),
(6655, 476, 'Laubaleng', 2426, 0),
(6656, 476, 'Mardinding', 2427, 0),
(6657, 476, 'Merdeka', 2428, 0),
(6658, 476, 'Merek', 2429, 0),
(6659, 476, 'Munte', 2430, 0),
(6660, 476, 'Nama Teran', 2431, 0),
(6661, 476, 'Payung', 2432, 0),
(6662, 476, 'Simpang Empat', 2433, 0),
(6663, 476, 'Tiga Binanga', 2434, 0),
(6664, 476, 'Tiga Panah', 2435, 0),
(6665, 476, 'Tiganderket', 2436, 0),
(6666, 477, 'Bilah Barat', 3061, 0),
(6667, 477, 'Bilah Hilir', 3062, 0),
(6668, 477, 'Bilah Hulu', 3063, 0),
(6669, 477, 'Panai Hilir', 3064, 0),
(6670, 477, 'Panai Hulu', 3065, 0),
(6671, 477, 'Panai Tengah', 3066, 0),
(6672, 477, 'Pangkatan', 3067, 0),
(6673, 477, 'Rantau Selatan', 3068, 0),
(6674, 477, 'Rantau Utara', 3069, 0),
(6675, 478, 'Kampung Rakyat', 3070, 0),
(6676, 478, 'Kota Pinang', 3071, 0),
(6677, 478, 'Sei/Sungai Kanan', 3072, 0),
(6678, 478, 'Silangkitang', 3073, 0),
(6679, 478, 'Torgamba', 3074, 0),
(6680, 479, 'Aek Kuo', 3075, 0),
(6681, 479, 'Aek Natas', 3076, 0),
(6682, 479, 'Kuala Ledong (Kualuh Leidong)', 3077, 0),
(6683, 479, 'Kualuh Hilir', 3078, 0),
(6684, 479, 'Kualuh Hulu', 3079, 0),
(6685, 479, 'Kualuh Selatan', 3080, 0),
(6686, 479, 'Marbau', 3081, 0),
(6687, 479, 'Na IX-X', 3082, 0),
(6688, 480, 'Babalan', 3260, 0),
(6689, 480, 'Bahorok', 3261, 0),
(6690, 480, 'Batang Serangan', 3262, 0),
(6691, 480, 'Besitang', 3263, 0),
(6692, 480, 'Binjai', 3264, 0),
(6693, 480, 'Brandan Barat', 3265, 0),
(6694, 480, 'Gebang', 3266, 0),
(6695, 480, 'Hinai', 3267, 0),
(6696, 480, 'Kuala', 3268, 0),
(6697, 480, 'Kutambaru', 3269, 0),
(6698, 480, 'Padang Tualang', 3270, 0),
(6699, 480, 'Pangkalan Susu', 3271, 0),
(6700, 480, 'Pematang Jaya', 3272, 0),
(6701, 480, 'Salapian', 3273, 0),
(6702, 480, 'Sawit Seberang', 3274, 0),
(6703, 480, 'Secanggang', 3275, 0),
(6704, 480, 'Sei Binge (Bingai)', 3276, 0),
(6705, 480, 'Sei Lepan', 3277, 0),
(6706, 480, 'Selesai', 3278, 0),
(6707, 480, 'Sirapit (Serapit)', 3279, 0),
(6708, 480, 'Stabat', 3280, 0),
(6709, 480, 'Tanjungpura', 3281, 0),
(6710, 480, 'Wampu', 3282, 0),
(6711, 481, 'Batahan', 3779, 0),
(6712, 481, 'Batang Natal', 3780, 0),
(6713, 481, 'Bukit Malintang', 3781, 0),
(6714, 481, 'Huta Bargot', 3782, 0),
(6715, 481, 'Kotanopan', 3783, 0),
(6716, 481, 'Langga Bayu (Lingga Bayu)', 3784, 0),
(6717, 481, 'Lembah Sorik Merapi', 3785, 0),
(6718, 481, 'Muara Batang Gadis', 3786, 0),
(6719, 481, 'Muara Sipongi', 3787, 0),
(6720, 481, 'Naga Juang', 3788, 0),
(6721, 481, 'Natal', 3789, 0),
(6722, 481, 'Pakantan', 3790, 0),
(6723, 481, 'Panyabungan Barat', 3791, 0),
(6724, 481, 'Panyabungan Kota', 3792, 0),
(6725, 481, 'Panyabungan Selatan', 3793, 0),
(6726, 481, 'Panyabungan Timur', 3794, 0),
(6727, 481, 'Panyabungan Utara', 3795, 0),
(6728, 481, 'Puncak Sorik Marapi/Merapi', 3796, 0),
(6729, 481, 'Ranto Baek/Baik', 3797, 0),
(6730, 481, 'Siabu', 3798, 0),
(6731, 481, 'Sinunukan', 3799, 0),
(6732, 481, 'Tambangan', 3800, 0),
(6733, 481, 'Ulu Pungkut', 3801, 0),
(6734, 482, 'Medan Amplas', 3906, 0),
(6735, 482, 'Medan Area', 3907, 0),
(6736, 482, 'Medan Barat', 3908, 0),
(6737, 482, 'Medan Baru', 3909, 0),
(6738, 482, 'Medan Belawan Kota', 3910, 0),
(6739, 482, 'Medan Deli', 3911, 0),
(6740, 482, 'Medan Denai', 3912, 0),
(6741, 482, 'Medan Helvetia', 3913, 0),
(6742, 482, 'Medan Johor', 3914, 0),
(6743, 482, 'Medan Kota', 3915, 0),
(6744, 482, 'Medan Labuhan', 3916, 0),
(6745, 482, 'Medan Maimun', 3917, 0),
(6746, 482, 'Medan Marelan', 3918, 0),
(6747, 482, 'Medan Perjuangan', 3919, 0),
(6748, 482, 'Medan Petisah', 3920, 0),
(6749, 482, 'Medan Polonia', 3921, 0),
(6750, 482, 'Medan Selayang', 3922, 0),
(6751, 482, 'Medan Sunggal', 3923, 0),
(6752, 482, 'Medan Tembung', 3924, 0),
(6753, 482, 'Medan Timur', 3925, 0),
(6754, 482, 'Medan Tuntungan', 3926, 0),
(6755, 483, 'Bawolato', 4362, 0),
(6756, 483, 'Botomuzoi', 4363, 0),
(6757, 483, 'Gido', 4364, 0),
(6758, 483, 'Hili Serangkai (Hilisaranggu)', 4365, 0),
(6759, 483, 'Hiliduho', 4366, 0),
(6760, 483, 'Idano Gawo', 4367, 0),
(6761, 483, 'Ma\'u', 4368, 0),
(6762, 483, 'Sogae Adu (Sogaeadu)', 4369, 0),
(6763, 483, 'Somolo-Molo (Samolo)', 4370, 0),
(6764, 483, 'Ulugawo', 4371, 0),
(6765, 484, 'Lahomi (Gahori)', 4372, 0),
(6766, 484, 'Lolofitu Moi', 4373, 0),
(6767, 484, 'Mandrehe', 4374, 0),
(6768, 484, 'Mandrehe Barat', 4375, 0),
(6769, 484, 'Mandrehe Utara', 4376, 0),
(6770, 484, 'Moro\'o', 4377, 0),
(6771, 484, 'Sirombu', 4378, 0),
(6772, 484, 'Ulu Moro\'o (Ulu Narwo)', 4379, 0),
(6773, 485, 'Amandraya', 4380, 0),
(6774, 485, 'Aramo', 4381, 0),
(6775, 485, 'Boronadu', 4382, 0),
(6776, 485, 'Fanayama', 4383, 0),
(6777, 485, 'Gomo', 4384, 0),
(6778, 485, 'Hibala', 4385, 0),
(6779, 485, 'Hilimegai', 4386, 0),
(6780, 485, 'Hilisalawa\'ahe (Hilisalawaahe)', 4387, 0),
(6781, 485, 'Huruna', 4388, 0),
(6782, 485, 'Lahusa', 4389, 0),
(6783, 485, 'Lolomatua', 4390, 0),
(6784, 485, 'Lolowau', 4391, 0),
(6785, 485, 'Maniamolo', 4392, 0),
(6786, 485, 'Mazino', 4393, 0),
(6787, 485, 'Mazo', 4394, 0),
(6788, 485, 'O\'o\'u (Oou)', 4395, 0),
(6789, 485, 'Onohazumba', 4396, 0),
(6790, 485, 'Pulau-Pulau Batu', 4397, 0),
(6791, 485, 'Pulau-Pulau Batu Barat', 4398, 0),
(6792, 485, 'Pulau-Pulau Batu Timur', 4399, 0),
(6793, 485, 'Pulau-Pulau Batu Utara', 4400, 0),
(6794, 485, 'Sidua\'ori', 4401, 0),
(6795, 485, 'Simuk', 4402, 0),
(6796, 485, 'Somambawa', 4403, 0),
(6797, 485, 'Susua', 4404, 0),
(6798, 485, 'Tanah Masa', 4405, 0),
(6799, 485, 'Teluk Dalam', 4406, 0),
(6800, 485, 'Toma', 4407, 0),
(6801, 485, 'Ulunoyo', 4408, 0),
(6802, 485, 'Ulususua', 4409, 0),
(6803, 485, 'Umbunasi', 4410, 0),
(6804, 486, 'Afulu', 4411, 0),
(6805, 486, 'Alasa', 4412, 0),
(6806, 486, 'Alasa Talumuzoi', 4413, 0),
(6807, 486, 'Lahewa', 4414, 0),
(6808, 486, 'Lahewa Timur', 4415, 0),
(6809, 486, 'Lotu', 4416, 0),
(6810, 486, 'Namohalu Esiwa', 4417, 0),
(6811, 486, 'Sawo', 4418, 0),
(6812, 486, 'Sitolu Ori', 4419, 0),
(6813, 486, 'Tugala Oyo', 4420, 0),
(6814, 486, 'Tuhemberua', 4421, 0),
(6815, 487, 'Aek Nabara Barumun', 4545, 0),
(6816, 487, 'Barumun', 4546, 0),
(6817, 487, 'Barumun Selatan', 4547, 0),
(6818, 487, 'Barumun Tengah', 4548, 0),
(6819, 487, 'Batang Lubu Sutam', 4549, 0),
(6820, 487, 'Huristak', 4550, 0),
(6821, 487, 'Huta Raja Tinggi', 4551, 0),
(6822, 487, 'Lubuk Barumun', 4552, 0),
(6823, 487, 'Sihapas Barumun', 4553, 0),
(6824, 487, 'Sosa', 4554, 0),
(6825, 487, 'Sosopan', 4555, 0),
(6826, 487, 'Ulu Barumun', 4556, 0),
(6827, 488, 'Batang Onang', 4557, 0),
(6828, 488, 'Dolok', 4558, 0),
(6829, 488, 'Dolok Sigompulon', 4559, 0),
(6830, 488, 'Halongonan', 4560, 0),
(6831, 488, 'Hulu Sihapas', 4561, 0),
(6832, 488, 'Padang Bolak', 4562, 0),
(6833, 488, 'Padang Bolak Julu', 4563, 0),
(6834, 488, 'Portibi', 4564, 0),
(6835, 488, 'Simangambat', 4565, 0),
(6836, 489, 'Padang Sidempuan Angkola Julu', 4585, 0),
(6837, 489, 'Padang Sidempuan Batunadua', 4586, 0),
(6838, 489, 'Padang Sidempuan Hutaimbaru', 4587, 0),
(6839, 489, 'Padang Sidempuan Selatan', 4588, 0),
(6840, 489, 'Padang Sidempuan Tenggara', 4589, 0),
(6841, 489, 'Padang Sidempuan Utara (Padangsidimpuan)', 4590, 0),
(6842, 490, 'Kerajaan', 4596, 0),
(6843, 490, 'Pagindar', 4597, 0),
(6844, 490, 'Pergetteng Getteng Sengkut', 4598, 0),
(6845, 490, 'Salak', 4599, 0),
(6846, 490, 'Siempat Rube', 4600, 0),
(6847, 490, 'Sitellu Tali Urang Jehe', 4601, 0),
(6848, 490, 'Sitellu Tali Urang Julu', 4602, 0),
(6849, 490, 'Tinada', 4603, 0),
(6850, 491, 'Siantar Barat', 4952, 0),
(6851, 491, 'Siantar Marihat', 4953, 0),
(6852, 491, 'Siantar Marimbun', 4954, 0),
(6853, 491, 'Siantar Martoba', 4955, 0),
(6854, 491, 'Siantar Selatan', 4956, 0),
(6855, 491, 'Siantar Sitalasari', 4957, 0),
(6856, 491, 'Siantar Timur', 4958, 0),
(6857, 491, 'Siantar Utara', 4959, 0),
(6858, 492, 'Harian', 5385, 0),
(6859, 492, 'Nainggolan', 5386, 0),
(6860, 492, 'Onan Runggu', 5387, 0),
(6861, 492, 'Palipi', 5388, 0),
(6862, 492, 'Pangururan', 5389, 0),
(6863, 492, 'Ronggur Nihuta', 5390, 0),
(6864, 492, 'Sianjur Mula-Mula', 5391, 0),
(6865, 492, 'Simanindo', 5392, 0),
(6866, 492, 'Sitio-Tio', 5393, 0),
(6867, 493, 'Bandar Khalifah', 5575, 0),
(6868, 493, 'Bintang Bayu', 5576, 0),
(6869, 493, 'Dolok Masihul', 5577, 0),
(6870, 493, 'Dolok Merawan', 5578, 0),
(6871, 493, 'Kotarih', 5579, 0),
(6872, 493, 'Pantai Cermin', 5580, 0),
(6873, 493, 'Pegajahan', 5581, 0),
(6874, 493, 'Perbaungan', 5582, 0),
(6875, 493, 'Sei Bamban', 5583, 0),
(6876, 493, 'Sei Rampah', 5584, 0),
(6877, 493, 'Serba Jadi', 5585, 0),
(6878, 493, 'Silinda', 5586, 0),
(6879, 493, 'Sipispis', 5587, 0),
(6880, 493, 'Tanjung Beringin', 5588, 0),
(6881, 493, 'Tebing Syahbandar', 5589, 0),
(6882, 493, 'Tebing Tinggi', 5590, 0),
(6883, 493, 'Teluk Mengkudu', 5591, 0),
(6884, 494, 'Sibolga Kota', 5616, 0),
(6885, 494, 'Sibolga Sambas', 5617, 0),
(6886, 494, 'Sibolga Selatan', 5618, 0),
(6887, 494, 'Sibolga Utara', 5619, 0),
(6888, 495, 'Bandar', 5693, 0),
(6889, 495, 'Bandar Huluan', 5694, 0),
(6890, 495, 'Bandar Masilam', 5695, 0),
(6891, 495, 'Bosar Maligas', 5696, 0),
(6892, 495, 'Dolok Batu Nanggar', 5697, 0),
(6893, 495, 'Dolok Panribuan', 5698, 0),
(6894, 495, 'Dolok Pardamean', 5699, 0),
(6895, 495, 'Dolok Silau', 5700, 0),
(6896, 495, 'Girsang Sipangan Bolon', 5701, 0),
(6897, 495, 'Gunung Malela', 5702, 0),
(6898, 495, 'Gunung Maligas', 5703, 0),
(6899, 495, 'Haranggaol Horison', 5704, 0),
(6900, 495, 'Hatonduhan', 5705, 0),
(6901, 495, 'Huta Bayu Raja', 5706, 0),
(6902, 495, 'Jawa Maraja Bah Jambi', 5707, 0),
(6903, 495, 'Jorlang Hataran', 5708, 0),
(6904, 495, 'Panei', 5709, 0),
(6905, 495, 'Panombeian Panei', 5710, 0),
(6906, 495, 'Pematang Bandar', 5711, 0),
(6907, 495, 'Pematang Sidamanik', 5712, 0),
(6908, 495, 'Pematang Silima Huta', 5713, 0),
(6909, 495, 'Purba', 5714, 0),
(6910, 495, 'Raya', 5715, 0),
(6911, 495, 'Raya Kahean', 5716, 0),
(6912, 495, 'Siantar', 5717, 0),
(6913, 495, 'Sidamanik', 5718, 0),
(6914, 495, 'Silimakuta', 5719, 0),
(6915, 495, 'Silou Kahean', 5720, 0),
(6916, 495, 'Tanah Jawa', 5721, 0),
(6917, 495, 'Tapian Dolok', 5722, 0),
(6918, 495, 'Ujung Padang', 5723, 0),
(6919, 496, 'Datuk Bandar', 6337, 0),
(6920, 496, 'Datuk Bandar Timur', 6338, 0),
(6921, 496, 'Sei Tualang Raso', 6339, 0),
(6922, 496, 'Tanjung Balai Selatan', 6340, 0),
(6923, 496, 'Tanjung Balai Utara', 6341, 0),
(6924, 496, 'Teluk Nibung', 6342, 0),
(6925, 497, 'Aek Bilah', 6371, 0),
(6926, 497, 'Angkola Barat (Padang Sidempuan)', 6372, 0),
(6927, 497, 'Angkola Sangkunur', 6373, 0),
(6928, 497, 'Angkola Selatan (Siais)', 6374, 0),
(6929, 497, 'Angkola Timur (Padang Sidempuan)', 6375, 0),
(6930, 497, 'Arse', 6376, 0),
(6931, 497, 'Batang Angkola', 6377, 0),
(6932, 497, 'Batang Toru', 6378, 0),
(6933, 497, 'Marancar', 6379, 0),
(6934, 497, 'Muara Batang Toru', 6380, 0),
(6935, 497, 'Saipar Dolok Hole', 6381, 0),
(6936, 497, 'Sayur Matinggi', 6382, 0),
(6937, 497, 'Sipirok', 6383, 0),
(6938, 497, 'Tano Tombangan Angkola', 6384, 0),
(6939, 498, 'Andam Dewi', 6385, 0),
(6940, 498, 'Badiri', 6386, 0),
(6941, 498, 'Barus', 6387, 0),
(6942, 498, 'Barus Utara', 6388, 0),
(6943, 498, 'Kolang', 6389, 0),
(6944, 498, 'Lumut', 6390, 0),
(6945, 498, 'Manduamas', 6391, 0),
(6946, 498, 'Pandan', 6392, 0),
(6947, 498, 'Pasaribu Tobing', 6393, 0),
(6948, 498, 'Pinangsori', 6394, 0),
(6949, 498, 'Sarudik', 6395, 0),
(6950, 498, 'Sibabangun', 6396, 0),
(6951, 498, 'Sirandorung', 6397, 0),
(6952, 498, 'Sitahuis', 6398, 0),
(6953, 498, 'Sorkam', 6399, 0),
(6954, 498, 'Sorkam Barat', 6400, 0),
(6955, 498, 'Sosor Gadong', 6401, 0),
(6956, 498, 'Suka Bangun', 6402, 0),
(6957, 498, 'Tapian Nauli', 6403, 0),
(6958, 498, 'Tukka', 6404, 0),
(6959, 499, 'Adian Koting', 6405, 0),
(6960, 499, 'Garoga', 6406, 0),
(6961, 499, 'Muara', 6407, 0),
(6962, 499, 'Pagaran', 6408, 0),
(6963, 499, 'Pahae Jae', 6409, 0),
(6964, 499, 'Pahae Julu', 6410, 0),
(6965, 499, 'Pangaribuan', 6411, 0),
(6966, 499, 'Parmonangan', 6412, 0),
(6967, 499, 'Purbatua', 6413, 0),
(6968, 499, 'Siatas Barita', 6414, 0),
(6969, 499, 'Siborong-Borong', 6415, 0),
(6970, 499, 'Simangumban', 6416, 0),
(6971, 499, 'Sipahutar', 6417, 0),
(6972, 499, 'Sipoholon', 6418, 0),
(6973, 499, 'Tarutung', 6419, 0),
(6974, 500, 'Bajenis', 6485, 0),
(6975, 500, 'Padang Hilir', 6486, 0),
(6976, 500, 'Padang Hulu', 6487, 0),
(6977, 500, 'Rambutan', 6488, 0),
(6978, 500, 'Tebing Tinggi Kota', 6489, 0),
(6979, 501, 'Ajibata', 6652, 0),
(6980, 501, 'Balige', 6653, 0),
(6981, 501, 'Bonatua Lunasi', 6654, 0),
(6982, 501, 'Bor-Bor', 6655, 0),
(6983, 501, 'Habinsaran', 6656, 0),
(6984, 501, 'Laguboti', 6657, 0),
(6985, 501, 'Lumban Julu', 6658, 0),
(6986, 501, 'Nassau', 6659, 0),
(6987, 501, 'Parmaksian', 6660, 0),
(6988, 501, 'Pintu Pohan Meranti', 6661, 0),
(6989, 501, 'Porsea', 6662, 0),
(6990, 501, 'Siantar Narumonda', 6663, 0),
(6991, 501, 'Sigumpar', 6664, 0),
(6992, 501, 'Silaen', 6665, 0),
(6993, 501, 'Tampahan', 6666, 0),
(6994, 501, 'Uluan', 6667, 0);

-- --------------------------------------------------------

--
-- Struktur dari tabel `tb_konfirmasi`
--

CREATE TABLE `tb_konfirmasi` (
  `idkonfirmasi` int(11) NOT NULL,
  `tgl` datetime NOT NULL,
  `idbayar` int(11) NOT NULL,
  `bukti` text NOT NULL
) ENGINE=InnoDB DEFAULT CHARSET=latin1;

--
-- Dumping data untuk tabel `tb_konfirmasi`
--

INSERT INTO `tb_konfirmasi` (`idkonfirmasi`, `tgl`, `idbayar`, `bukti`) VALUES
(1, '2020-09-11 18:58:38', 36, '513620200911185837.png');

-- --------------------------------------------------------

--
-- Struktur dari tabel `tb_kurir`
--

CREATE TABLE `tb_kurir` (
  `idkurir` int(11) NOT NULL,
  `nama` varchar(200) NOT NULL,
  `rajaongkir` varchar(300) NOT NULL,
  `namalengkap` varchar(300) NOT NULL,
  `keterangan` text NOT NULL,
  `halaman` text NOT NULL
) ENGINE=InnoDB DEFAULT CHARSET=latin1;

--
-- Dumping data untuk tabel `tb_kurir`
--

INSERT INTO `tb_kurir` (`idkurir`, `nama`, `rajaongkir`, `namalengkap`, `keterangan`, `halaman`) VALUES
(1, 'Bayar Ditempat', 'cod', 'Bayar Ditempat', '', 'cod'),
(2, 'KURIR TOKO', 'toko', 'KURIR TOKO', '', 'toko'),
(3, 'JNE', 'jne', 'PT Tiki Jalur Nugraha Ekakurir', '-', 'jne'),
(4, 'TIKI', 'tiki', 'PT Titipan Kilat', '-', 'tiki'),
(5, 'POS INDONESIA', 'pos', 'PT POS Indonesia, Tbk', '-', 'pos'),
(6, 'J&T Express', 'jnt', 'J&T Express', 'J&T', 'jnt'),
(7, 'Wahana', 'wahana', 'Wahana Prestasi Logistik', 'Wahana', 'wahana'),
(8, 'SiCepat', 'sicepat', 'SiCepat', 'SiCepat', 'sicepat'),
(9, 'Ninja Express', 'ninja', 'Ninja Express', 'Ninja', 'ninja'),
(10, 'JET Express', 'jet', 'JET Express', 'JET Express', 'jet'),
(11, 'Lion Parcel', 'lion', 'Lion Parcel', 'Lion', 'lion'),
(12, 'Indah Cargo', 'indah', 'Indah Logistik Cargo', 'Indah Cargo', 'indah');

-- --------------------------------------------------------

--
-- Struktur dari tabel `tb_mutasi`
--

CREATE TABLE `tb_mutasi` (
  `idmutasi` int(11) NOT NULL,
  `idbank` int(11) NOT NULL,
  `idrekening` int(11) NOT NULL,
  `jumlah` int(11) NOT NULL,
  `tgl` datetime NOT NULL,
  `keterangan` text COLLATE utf8_bin NOT NULL
) ENGINE=InnoDB DEFAULT CHARSET=utf8 COLLATE=utf8_bin;

-- --------------------------------------------------------

--
-- Struktur dari tabel `tb_notifikasi`
--

CREATE TABLE `tb_notifikasi` (
  `idnotifikasi` bigint(20) NOT NULL,
  `usrid` bigint(20) NOT NULL,
  `jenis` int(11) NOT NULL COMMENT '1=email,2=wasap',
  `tujuan` text NOT NULL,
  `judul` text NOT NULL,
  `pesan` text NOT NULL,
  `subyek` text NOT NULL,
  `pengirim` text,
  `tgl` datetime NOT NULL,
  `status` int(11) NOT NULL COMMENT '0=belum proses, 1=terkirim, 2=gagal',
  `proses` datetime NOT NULL
) ENGINE=InnoDB DEFAULT CHARSET=latin1;

-- --------------------------------------------------------

--
-- Struktur dari tabel `tb_otpdaftar`
--

CREATE TABLE `tb_otpdaftar` (
  `idotpdaftar` bigint(20) NOT NULL,
  `tgl` datetime NOT NULL,
  `emailhp` varchar(500) NOT NULL,
  `kode` varchar(6) NOT NULL,
  `kadaluarsa` datetime NOT NULL,
  `status` int(11) NOT NULL COMMENT '0=belum,1=berhasil,2=gagal',
  `masuk` datetime NOT NULL
) ENGINE=InnoDB DEFAULT CHARSET=latin1;

--
-- Dumping data untuk tabel `tb_otpdaftar`
--

INSERT INTO `tb_otpdaftar` (`idotpdaftar`, `tgl`, `emailhp`, `kode`, `kadaluarsa`, `status`, `masuk`) VALUES
(1, '2020-10-10 00:11:02', '085691257411', '700195', '2020-10-10 00:21:02', 0, '0000-00-00 00:00:00'),
(2, '2020-10-10 00:15:40', '085691257411', '512257', '2020-10-10 00:25:40', 0, '0000-00-00 00:00:00'),
(3, '2020-10-10 00:23:59', '085691257411', '246166', '2020-10-10 00:33:59', 0, '0000-00-00 00:00:00'),
(4, '2020-10-10 00:29:15', '088216678662', '682631', '2020-10-10 00:39:15', 1, '2020-10-10 00:29:46'),
(5, '2020-10-14 16:21:37', 'fundayloginss@gmail.com', '764223', '2020-10-14 16:31:37', 0, '0000-00-00 00:00:00'),
(6, '2020-10-14 17:17:11', '097199918811', '417061', '2020-10-14 17:27:11', 0, '0000-00-00 00:00:00'),
(7, '2020-10-14 18:04:45', '085157574729', '886072', '2020-10-14 18:14:45', 0, '0000-00-00 00:00:00'),
(8, '2020-10-14 18:06:03', '087827951494', '536375', '2020-10-14 18:16:03', 1, '2020-10-14 18:07:29'),
(9, '2020-10-14 19:27:06', 'mohipan99@gmail.com', '022603', '2020-10-14 19:37:06', 0, '0000-00-00 00:00:00'),
(10, '2020-10-14 20:49:07', '082173721949', '330810', '2020-10-14 20:59:07', 1, '2020-10-14 20:49:33');

-- --------------------------------------------------------

--
-- Struktur dari tabel `tb_otplogin`
--

CREATE TABLE `tb_otplogin` (
  `idotplogin` bigint(20) NOT NULL,
  `tgl` datetime NOT NULL,
  `usrid` bigint(20) NOT NULL,
  `kode` varchar(6) NOT NULL,
  `kadaluarsa` datetime NOT NULL,
  `status` int(11) NOT NULL COMMENT '0=belum,1=berhasil,2=gagal',
  `masuk` datetime NOT NULL
) ENGINE=InnoDB DEFAULT CHARSET=latin1;

--
-- Dumping data untuk tabel `tb_otplogin`
--

INSERT INTO `tb_otplogin` (`idotplogin`, `tgl`, `usrid`, `kode`, `kadaluarsa`, `status`, `masuk`) VALUES
(1, '2020-10-14 22:04:12', 1, '156760', '2020-10-14 22:14:12', 1, '2020-10-14 22:06:34');

-- --------------------------------------------------------

--
-- Struktur dari tabel `tb_paket`
--

CREATE TABLE `tb_paket` (
  `idpaket` int(11) NOT NULL,
  `nama` varchar(300) NOT NULL,
  `rajaongkir` varchar(300) NOT NULL,
  `idkurir` int(11) NOT NULL,
  `keterangan` text NOT NULL
) ENGINE=InnoDB DEFAULT CHARSET=latin1;

--
-- Dumping data untuk tabel `tb_paket`
--

INSERT INTO `tb_paket` (`idpaket`, `nama`, `rajaongkir`, `idkurir`, `keterangan`) VALUES
(1, 'COD', 'cod', 1, 'Cash On Delivery'),
(2, 'Kurir Toko', 'toko', 2, 'Kurir Toko'),
(3, 'OKE (Ongkos Kirim Ekonomis)', 'OKE', 3, 'Ongkos Kirim Ekonomis'),
(4, 'REG (Reguler)', 'REG', 3, 'Reguler'),
(5, 'YES (Yakin Esok Sampai)', 'YES', 3, 'Yakin Esok Sampai'),
(6, 'SPS (Special Package Service)', 'SPS', 3, 'Special Package Service'),
(7, 'REG (Reguler Package)', 'REG', 4, 'Reguler Package'),
(8, 'ECO (Economy Package)', 'ECO', 4, 'Economy Package'),
(9, 'ONS (Over Night Service)', 'ONS', 4, 'Over Night Service'),
(10, 'Pos Kilat Khusus', 'Paket Kilat Khusus', 5, 'Paket Pos Kilat Khusus'),
(11, 'Express Next Day', 'Express Next Day Barang', 5, '-'),
(12, 'POS Biasa', 'Paketpos Biasa', 5, '-'),
(13, 'Regular Service', 'EZ', 6, ''),
(14, 'Normal Service', 'Normal', 7, ''),
(15, '(REG) Layanan Reguler', 'REG', 8, ''),
(16, '(BEST) Besok Sampai Tujuan', 'BEST', 8, ''),
(17, 'Standard Service', 'STANDARD', 9, ''),
(18, 'Regular', 'REG', 10, ''),
(19, 'Priority', 'PRI', 10, ''),
(20, 'Cargo', 'CRG', 10, ''),
(21, 'Regular Service', 'REGPACK', 11, ''),
(22, 'DARAT', 'DARAT', 12, ''),
(23, 'UDARA', 'UDARA', 12, '');

-- --------------------------------------------------------

--
-- Struktur dari tabel `tb_pembayaran`
--

CREATE TABLE `tb_pembayaran` (
  `idpembayaran` bigint(20) NOT NULL,
  `invoice` varchar(100) NOT NULL,
  `ipaymu` varchar(300) NOT NULL,
  `ipaymu_trx` varchar(300) NOT NULL,
  `ipaymu_link` text NOT NULL,
  `ipaymu_tipe` varchar(30) NOT NULL,
  `ipaymu_channel` text NOT NULL,
  `ipaymu_nama` text NOT NULL,
  `ipaymu_kode` text NOT NULL,
  `usrid` bigint(20) NOT NULL,
  `tgl` datetime NOT NULL,
  `tglupdate` datetime NOT NULL,
  `total` bigint(20) NOT NULL,
  `saldo` int(11) NOT NULL,
  `transfer` int(11) NOT NULL,
  `kodebayar` int(11) NOT NULL,
  `voucher` int(11) NOT NULL,
  `diskon` int(11) NOT NULL,
  `metode` int(11) NOT NULL,
  `status` int(11) NOT NULL COMMENT '0=belumverif,1=sudahverif,2=gagalverif,3=batal',
  `kadaluarsa` datetime NOT NULL,
  `midtrans_id` text NOT NULL,
  `midtrans_pdf` text NOT NULL
) ENGINE=InnoDB DEFAULT CHARSET=latin1;

--
-- Dumping data untuk tabel `tb_pembayaran`
--

INSERT INTO `tb_pembayaran` (`idpembayaran`, `invoice`, `ipaymu`, `ipaymu_trx`, `ipaymu_link`, `ipaymu_tipe`, `ipaymu_channel`, `ipaymu_nama`, `ipaymu_kode`, `usrid`, `tgl`, `tglupdate`, `total`, `saldo`, `transfer`, `kodebayar`, `voucher`, `diskon`, `metode`, `status`, `kadaluarsa`, `midtrans_id`, `midtrans_pdf`) VALUES
(246, '20201103246773', '', '', '', '', '', '', '', 1, '2020-11-03 21:12:33', '0000-00-00 00:00:00', 142773, 0, 142000, 773, 0, 0, 1, 1, '2020-11-05 21:12:33', '', '');

-- --------------------------------------------------------

--
-- Struktur dari tabel `tb_pesan`
--

CREATE TABLE `tb_pesan` (
  `idpesan` int(11) NOT NULL,
  `tujuan` int(11) NOT NULL,
  `dari` int(11) NOT NULL COMMENT '1=pembeli,2=toko',
  `isipesan` text NOT NULL,
  `tgl` datetime NOT NULL,
  `baca` int(11) NOT NULL DEFAULT '0'
) ENGINE=InnoDB DEFAULT CHARSET=latin1;

--
-- Dumping data untuk tabel `tb_pesan`
--

INSERT INTO `tb_pesan` (`idpesan`, `tujuan`, `dari`, `isipesan`, `tgl`, `baca`) VALUES
(1, 0, 1, 'Tc', '2020-09-05 20:54:15', 1),
(2, 2, 0, 'oi', '2020-11-04 09:54:00', 0);

-- --------------------------------------------------------

--
-- Struktur dari tabel `tb_preorder`
--

CREATE TABLE `tb_preorder` (
  `idpreorder` int(11) NOT NULL,
  `tgl` datetime NOT NULL,
  `usrid` int(11) NOT NULL,
  `idproduk` int(11) NOT NULL,
  `jumlah` int(11) NOT NULL,
  `variasi` int(11) NOT NULL,
  `harga` int(11) NOT NULL,
  `total` int(11) NOT NULL,
  `saldo` int(11) NOT NULL,
  `transfer` int(11) NOT NULL,
  `kodebayar` int(11) NOT NULL,
  `status` int(11) NOT NULL,
  `invoice` varchar(200) NOT NULL,
  `bukti` text NOT NULL,
  `idtransaksi` int(11) NOT NULL
) ENGINE=MyISAM DEFAULT CHARSET=latin1;

-- --------------------------------------------------------

--
-- Struktur dari tabel `tb_produk`
--

CREATE TABLE `tb_produk` (
  `idproduk` int(11) NOT NULL,
  `tglbuat` datetime NOT NULL,
  `tglupdate` datetime NOT NULL,
  `nama` varchar(160) NOT NULL,
  `kode` text NOT NULL,
  `url` text NOT NULL,
  `deskripsi` text NOT NULL,
  `idcat` int(11) NOT NULL,
  `berat` int(11) NOT NULL,
  `harga` int(11) NOT NULL,
  `minorder` int(11) NOT NULL,
  `stok` int(11) NOT NULL COMMENT '1=ready,2=preorder',
  `variasi` text NOT NULL,
  `subvariasi` text NOT NULL,
  `status` int(11) NOT NULL COMMENT '0=verif,1=online,2=blokir',
  `preorder` int(11) NOT NULL,
  `tglpo` date NOT NULL
) ENGINE=InnoDB DEFAULT CHARSET=latin1;

--
-- Dumping data untuk tabel `tb_produk`
--

INSERT INTO `tb_produk` (`idproduk`, `tglbuat`, `tglupdate`, `nama`, `kode`, `url`, `deskripsi`, `idcat`, `berat`, `harga`, `minorder`, `stok`, `variasi`, `subvariasi`, `status`, `preorder`, `tglpo`) VALUES
(1, '2020-09-03 01:35:41', '2020-09-24 20:18:00', 'Sepatu pria keren', '03012944', 'Sepatu-pria-keren-013541', '<p>sepatu murah meriah kualitas terbaik tanpa tipu harga memang luar biasa banget bukan?</p>\r\n<p>&nbsp;</p>\r\n<p>foto by: freepik.com</p>', 1, 1000, 240000, 1, 1, '-', '-', 1, 0, '0000-00-00'),
(2, '2020-09-04 01:34:16', '2020-10-14 00:43:35', 'Jam Tangan Eksklusif', '04011835', 'Jam-Tangan-Eksklusif-013416', '<p>tes paragraf produk jam tangan yang sangat keren sekali, dijamin ori tanpa tapi</p>\r\n<p>&nbsp;</p>\r\n<p>foto by: freepik.com</p>', 2, 1000, 200000, 1, 2983, 'Merk', 'Warna', 1, 0, '0000-00-00'),
(3, '2020-09-08 16:07:49', '2020-10-14 16:35:10', 'Paket Kegantengan Maksimal', '08160635', 'Paket-Kegantengan-Maksimal-160749', '<p>Paket Kegantengan Maksimal</p>\r\n<p>&nbsp;</p>\r\n<p>picture source: freepik.com</p>', 5, 2000, 800000, 1, 1960, '-', '-', 1, 0, '0000-00-00'),
(4, '2020-09-08 16:10:00', '2020-10-08 19:06:40', 'Jaket Jeans Kece Unisex', '08160751', 'Jaket-Jeans-Kece-Unisex-161000', '<p>&nbsp;</p>\r\n<p>picture source: freepik.com</p>', 4, 1000, 250000, 12, 106, '-', '-', 1, 0, '0000-00-00'),
(6, '2020-09-08 16:13:10', '2020-09-27 11:05:06', 'Chromatees Kaos Premium Plastisol Cotton Bamboo', '08161129', 'Chromatees-Kaos-Premium-Plastisol-Cotton-Bamboo-161310', '<p>&nbsp;</p>\r\n<p><strong>picture source: freepik.com</strong></p>', 5, 1000, 90000, 1, 194, 'berat', 'kg', 1, 0, '0000-00-00'),
(8, '2020-09-11 19:05:30', '2020-10-13 23:40:10', 'Tas Jos pokoke', '11190418', 'Baju-Pajamas-190530', '<p>Semua Oke nyaman dipakai</p>', 3, 250, 50000, 1, 90, 'Warna', 'Size', 1, 0, '0000-00-00'),
(23, '2020-09-18 23:58:57', '2020-10-13 23:39:31', 'Jam SKMEI', '18235050', 'Jam-SKMEI-235857', '<p><span style=\"color: rgba(0, 0, 0, 0.8); font-family: Roboto, \'Helvetica Neue\', Helvetica, Arial, ?????, \'WenQuanYi Zen Hei\', \'Hiragino Sans GB\', \'?? Pro\', \'LiHei Pro\', \'Heiti TC\', ?????, \'Microsoft JhengHei UI\', \'Microsoft JhengHei\', sans-serif; font-size: 14px; white-space: pre-wrap; background-color: #ffffff;\">Brand Name : SKMEI</span></p>\r\n<p><span style=\"color: rgba(0, 0, 0, 0.8); font-family: Roboto, \'Helvetica Neue\', Helvetica, Arial, ?????, \'WenQuanYi Zen Hei\', \'Hiragino Sans GB\', \'?? Pro\', \'LiHei Pro\', \'Heiti TC\', ?????, \'Microsoft JhengHei UI\', \'Microsoft JhengHei\', sans-serif; font-size: 14px; white-space: pre-wrap; background-color: #ffffff;\">Model Number : 1251</span></p>\r\n<p><span style=\"color: rgba(0, 0, 0, 0.8); font-family: Roboto, \'Helvetica Neue\', Helvetica, Arial, ?????, \'WenQuanYi Zen Hei\', \'Hiragino Sans GB\', \'?? Pro\', \'LiHei Pro\', \'Heiti TC\', ?????, \'Microsoft JhengHei UI\', \'Microsoft JhengHei\', sans-serif; font-size: 14px; white-space: pre-wrap; background-color: #ffffff;\">Movement : Digital</span></p>\r\n<p><span style=\"color: rgba(0, 0, 0, 0.8); font-family: Roboto, \'Helvetica Neue\', Helvetica, Arial, ?????, \'WenQuanYi Zen Hei\', \'Hiragino Sans GB\', \'?? Pro\', \'LiHei Pro\', \'Heiti TC\', ?????, \'Microsoft JhengHei UI\', \'Microsoft JhengHei\', sans-serif; font-size: 14px; white-space: pre-wrap; background-color: #ffffff;\">Gender : Men</span></p>\r\n<p><span style=\"color: rgba(0, 0, 0, 0.8); font-family: Roboto, \'Helvetica Neue\', Helvetica, Arial, ?????, \'WenQuanYi Zen Hei\', \'Hiragino Sans GB\', \'?? Pro\', \'LiHei Pro\', \'Heiti TC\', ?????, \'Microsoft JhengHei UI\', \'Microsoft JhengHei\', sans-serif; font-size: 14px; white-space: pre-wrap; background-color: #ffffff;\">Water Resistance : 5ATM</span></p>\r\n<p><span style=\"color: rgba(0, 0, 0, 0.8); font-family: Roboto, \'Helvetica Neue\', Helvetica, Arial, ?????, \'WenQuanYi Zen Hei\', \'Hiragino Sans GB\', \'?? Pro\', \'LiHei Pro\', \'Heiti TC\', ?????, \'Microsoft JhengHei UI\', \'Microsoft JhengHei\', sans-serif; font-size: 14px; white-space: pre-wrap; background-color: #ffffff;\">Dial Window : Resin </span></p>\r\n<p><span style=\"color: rgba(0, 0, 0, 0.8); font-family: Roboto, \'Helvetica Neue\', Helvetica, Arial, ?????, \'WenQuanYi Zen Hei\', \'Hiragino Sans GB\', \'?? Pro\', \'LiHei Pro\', \'Heiti TC\', ?????, \'Microsoft JhengHei UI\', \'Microsoft JhengHei\', sans-serif; font-size: 14px; white-space: pre-wrap; background-color: #ffffff;\">Case </span><span style=\"color: rgba(0, 0, 0, 0.8); font-family: Roboto, \'Helvetica Neue\', Helvetica, Arial, ?????, \'WenQuanYi Zen Hei\', \'Hiragino Sans GB\', \'?? Pro\', \'LiHei Pro\', \'Heiti TC\', ?????, \'Microsoft JhengHei UI\', \'Microsoft JhengHei\', sans-serif; font-size: 14px; white-space: pre-wrap; background-color: #ffffff;\">Material : ABS</span></p>\r\n<p><span style=\"color: rgba(0, 0, 0, 0.8); font-family: Roboto, \'Helvetica Neue\', Helvetica, Arial, ?????, \'WenQuanYi Zen Hei\', \'Hiragino Sans GB\', \'?? Pro\', \'LiHei Pro\', \'Heiti TC\', ?????, \'Microsoft JhengHei UI\', \'Microsoft JhengHei\', sans-serif; font-size: 14px; white-space: pre-wrap; background-color: #ffffff;\">Case Diameter : 49mm </span></p>\r\n<p><span style=\"color: rgba(0, 0, 0, 0.8); font-family: Roboto, \'Helvetica Neue\', Helvetica, Arial, ?????, \'WenQuanYi Zen Hei\', \'Hiragino Sans GB\', \'?? Pro\', \'LiHei Pro\', \'Heiti TC\', ?????, \'Microsoft JhengHei UI\', \'Microsoft JhengHei\', sans-serif; font-size: 14px; white-space: pre-wrap; background-color: #ffffff;\">Case Thickness : 15mm </span></p>\r\n<p><span style=\"color: rgba(0, 0, 0, 0.8); font-family: Roboto, \'Helvetica Neue\', Helvetica, Arial, ?????, \'WenQuanYi Zen Hei\', \'Hiragino Sans GB\', \'?? Pro\', \'LiHei Pro\', \'Heiti TC\', ?????, \'Microsoft JhengHei UI\', \'Microsoft JhengHei\', sans-serif; font-size: 14px; white-space: pre-wrap; background-color: #ffffff;\">Band Material : PU </span></p>\r\n<p><span style=\"color: rgba(0, 0, 0, 0.8); font-family: Roboto, \'Helvetica Neue\', Helvetica, Arial, ?????, \'WenQuanYi Zen Hei\', \'Hiragino Sans GB\', \'?? Pro\', \'LiHei Pro\', \'Heiti TC\', ?????, \'Microsoft JhengHei UI\', \'Microsoft JhengHei\', sans-serif; font-size: 14px; white-space: pre-wrap; background-color: #ffffff;\">Band Length : 25cm </span></p>\r\n<p><span style=\"color: rgba(0, 0, 0, 0.8); font-family: Roboto, \'Helvetica Neue\', Helvetica, Arial, ?????, \'WenQuanYi Zen Hei\', \'Hiragino Sans GB\', \'?? Pro\', \'LiHei Pro\', \'Heiti TC\', ?????, \'Microsoft JhengHei UI\', \'Microsoft JhengHei\', sans-serif; font-size: 14px; white-space: pre-wrap; background-color: #ffffff;\">Band Width : 22mm </span></p>\r\n<p><span style=\"color: rgba(0, 0, 0, 0.8); font-family: Roboto, \'Helvetica Neue\', Helvetica, Arial, ?????, \'WenQuanYi Zen Hei\', \'Hiragino Sans GB\', \'?? Pro\', \'LiHei Pro\', \'Heiti TC\', ?????, \'Microsoft JhengHei UI\', \'Microsoft JhengHei\', sans-serif; font-size: 14px; white-space: pre-wrap; background-color: #ffffff;\">Clasp Type : Buckle </span></p>\r\n<p><span style=\"color: rgba(0, 0, 0, 0.8); font-family: Roboto, \'Helvetica Neue\', Helvetica, Arial, ?????, \'WenQuanYi Zen Hei\', \'Hiragino Sans GB\', \'?? Pro\', \'LiHei Pro\', \'Heiti TC\', ?????, \'Microsoft JhengHei UI\', \'Microsoft JhengHei\', sans-serif; font-size: 14px; white-space: pre-wrap; background-color: #ffffff;\">Features : Dual-Time, Chrono, Alarm, Hour, Minute, Second, Date, Month, Year, Day of Week, EL-Light, 12/24 Clock Format, Stopwatch</span></p>', 2, 250, 62000, 1, 200, 'Hitam', 'Extra besar: 4.8 cm dan lebih', 1, 0, '0000-00-00'),
(24, '2020-09-19 14:06:59', '2020-10-14 22:04:23', 'test', '19140501', 'test-140659', '<p>&nbsp;</p>\r\n<table style=\"border-collapse: collapse; width: 368pt;\" border=\"0\" width=\"368\" cellspacing=\"0\" cellpadding=\"0\"><colgroup><col style=\"mso-width-source: userset; mso-width-alt: 15701; width: 368pt;\" width=\"368\" /> </colgroup>\r\n<tbody>\r\n<tr style=\"height: 176.0pt;\">\r\n<td class=\"xl63\" style=\"height: 176.0pt; width: 368pt;\" width=\"368\" height=\"176\">GRINDING WHEEL E115-7A24LPSF 640852&lt;/b&gt; adalah mata gerinda yang ergonomis dimana material gerinda lebih rendah debu, minim getaran dan pemotongan material lebih cepat.&lt;b&gt;Mata gerinda&lt;/b&gt; ini dipa kai untuk angle grinder dan biasa digunakan untuk menggerinda permukaa n, sisa pengelasan, proses chamfer dan fillet benda kerja dengan materia l besi atau stainless steel.&lt;b&gt;Mata gerinda&lt;/b&gt; ini mempunyai dimensi 11 .5 X 11.5 X 0.7 CM dengan ukuran diameter 115 mm.&lt;b&gt;Mata gerinda&lt;/b&gt; ini bekerja dengan putaran 13300 rpm sehingga cocok digunakan pada indust ri, bengkel, dan konstruksi&lt;/p&gt;.</td>\r\n</tr>\r\n</tbody>\r\n</table>\r\n<p></p>', 1, 1000, 20000, 1, 80, '-', '-', 1, 0, '0000-00-00'),
(25, '2020-09-21 18:35:17', '2020-10-10 18:12:18', 'seragam sekolah', '21183342', 'seragam-sekolah-183517', '<p>seragam sekolah sdit</p>', 8, 250, 200000, 1, 198, 'biru muda', 'S,M,L,XL', 1, 0, '0000-00-00'),
(26, '2020-09-21 21:21:07', '2020-10-04 18:39:31', 'SILADEK', '21211349', 'SILADEK-212107', '', 1, 250, 0, 1, 92, 'Warna', 'Size', 1, 0, '0000-00-00'),
(27, '2020-09-24 20:20:29', '2020-11-03 21:12:34', 'Sepatu Pria Import DS-4557', '24201813', 'Sepatu-Pria-Import-DS-4557-202029', '<p>Murah berkualitas</p>', 1, 250, 140000, 1, 49959, '-', '-', 1, 0, '0000-00-00'),
(29, '2020-09-28 10:01:30', '2020-09-28 10:01:30', 'PFERD BRUSH PBU1516/6 ST0.35 ', '153253', '153253-100130', 'MOUNTED PENCIL BRUSH PBU1516/6 ST0.35</b> adalah ala t yang digunakan untuk menyikat permukaan benda kerja atau bagian celah pada benda kerja.<b>Sikat kawat</b> ini biasa digunakan sebagai alat pem bersih karat, pembesihan dari kotoran, atau menyikat sisa pengelasan . <b>Sikat</b> kawat ini terbuat dari material besi yang flexibel sehingg a dapat mengikuti kontur dari permukaan benda kerja. Ukuran dimensi <b>s ikat kawat</b> ini adalah 65 X 15 X 15 MM dengan diameter kawat 0.35 mm sehingga sangat cocok digunakan di bengkel, industri, dan konstruksi</ p>. Brush Dia. (mm) : 15 <li> Wire Dia. (mm): 0.35 <li> Shank Dia. (mm):6 <li> Trim length : 22 <li> Overall Length : 65 <li> Material :Steel <li> Max. Speed [RPM] : 18,000 <li> Recom. Speed (rpm) : 9 ,000 -13,500\nstock_backorders\ntypeIndustrial Brush\nwidth20 MM\nwire_dia0.35 MM\ndimension_length65\ndimension_height15\ndimension_width15\ndimension_uomMM\ndimension_unit65 X 15 X 15 MM\nnetto_weight0.37 KG\nweight0.44', 8, 1000, 66493, 1, 0, '-', '-', 1, 0, '0000-00-00'),
(30, '2020-09-28 10:08:06', '2020-10-06 13:14:44', 'test12', '153741', '153741-100806', '<p>SCRATCH BRUSH ST0.35 HBU50 153741 adalah alat ya ng digunakan untuk menyikat permukaan benda kerja atau bagian celah pada benda kerja.<strong>Sikat kawat</strong> ini biasa digunakan sebagai alat pembers ih karat, pembesihan dari kotoran, atau menyikat sisa pengelasan . <strong> Sikat</strong> kawat ini terbuat dari material besi yang flexibel sehingga da pat mengikuti kontur dari permukaan benda kerja. Ukuran dimensi <strong>sikat kawat</strong> ini adalah 290 X 25 X 25 MM dengan diameter kawat 0.35 mm seh ingga sangat cocok digunakan di bengkel, industri, dan konstruksi. No.of rows : 5</p>\r\n<ul>\r\n<li>Trim length (MM): 25</li>\r\n<li>Overall length(MM) : 290</li>\r\n<li>Wire Material : Steel 0,35 typeIndustrial Brush dimension_length 290 dimension_height 25 dimension_width25 dimension_uomMM dimension_unit290 X 25 X 25 MM netto_weight0.13 KG weight0.16</li>\r\n</ul>', 3, 1000, 37419, 1, 0, '-', '-', 1, 0, '0000-00-00'),
(31, '2020-09-28 10:08:06', '2020-09-28 10:08:06', 'test34', '153253', '153253-100806', 'MOUNTED PENCIL BRUSH PBU1516/6 ST0.35</b> adalah ala t yang digunakan untuk menyikat permukaan benda kerja atau bagian celah pada benda kerja.<b>Sikat kawat</b> ini biasa digunakan sebagai alat pem bersih karat, pembesihan dari kotoran, atau menyikat sisa pengelasan . <b>Sikat</b> kawat ini terbuat dari material besi yang flexibel sehingg a dapat mengikuti kontur dari permukaan benda kerja. Ukuran dimensi <b>s ikat kawat</b> ini adalah 65 X 15 X 15 MM dengan diameter kawat 0.35 mm sehingga sangat cocok digunakan di bengkel, industri, dan konstruksi</ p>. Brush Dia. (mm) : 15 <li> Wire Dia. (mm): 0.35 <li> Shank Dia. (mm):6 <li> Trim length : 22 <li> Overall Length : 65 <li> Material :Steel <li> Max. Speed [RPM] : 18,000 <li> Recom. Speed (rpm) : 9 ,000 -13,500\nstock_backorders\ntypeIndustrial Brush\nwidth20 MM\nwire_dia0.35 MM\ndimension_length65\ndimension_height15\ndimension_width15\ndimension_uomMM\ndimension_unit65 X 15 X 15 MM\nnetto_weight0.37 KG\nweight0.44', 3, 1000, 66493, 1, 0, '-', '-', 1, 0, '0000-00-00'),
(32, '2020-09-29 11:06:26', '2020-09-29 11:06:26', 'PRE ORDER 1', '29110526', 'PRE-ORDER-1-110626', '', 1, 250, 0, 1, 0, '-', '-', 1, 1, '2020-09-30');

-- --------------------------------------------------------

--
-- Struktur dari tabel `tb_produkvariasi`
--

CREATE TABLE `tb_produkvariasi` (
  `idvariasi` int(11) NOT NULL,
  `kode` varchar(300) COLLATE utf8_bin NOT NULL,
  `idproduk` int(11) NOT NULL,
  `warna` int(11) NOT NULL,
  `size` int(11) NOT NULL,
  `stok` int(11) NOT NULL,
  `kuota` int(11) NOT NULL,
  `harga` int(11) NOT NULL,
  `hargareseller` int(11) NOT NULL,
  `hargaagen` int(11) NOT NULL,
  `hargaagensp` int(11) NOT NULL,
  `hargadistri` int(11) NOT NULL,
  `tgl` datetime NOT NULL
) ENGINE=InnoDB DEFAULT CHARSET=utf8 COLLATE=utf8_bin;

--
-- Dumping data untuk tabel `tb_produkvariasi`
--

INSERT INTO `tb_produkvariasi` (`idvariasi`, `kode`, `idproduk`, `warna`, `size`, `stok`, `kuota`, `harga`, `hargareseller`, `hargaagen`, `hargaagensp`, `hargadistri`, `tgl`) VALUES
(26, '', 2, 1, 4, 35, 37, 200000, 190000, 180000, 170000, 160000, '2020-10-14 18:56:28'),
(32, '', 8, 2, 2, 99, 100, 1000, 900, 800, 700, 500, '2020-10-14 21:23:00'),
(33, '', 8, 10, 3, 990, 1000, 2000, 700, 650, 680, 89, '2020-10-13 23:46:43'),
(34, '', 25, 16, 1, 94, 100, 200000, 200000, 200000, 200000, 200000, '2020-10-14 21:20:31'),
(35, '', 25, 16, 2, 98, 100, 200000, 200000, 200000, 200000, 200000, '2020-10-01 10:04:00'),
(38, '', 1, 6, 3, 0, 0, 0, 0, 0, 0, 0, '2020-09-24 20:18:00'),
(40, '', 26, 5, 1, 12, 12, 0, 0, 0, 0, 0, '2020-10-04 18:39:31'),
(41, '', 26, 6, 2, 13, 13, 0, 0, 0, 0, 0, '2020-10-04 18:39:31'),
(42, '', 26, 7, 3, 14, 14, 0, 0, 0, 0, 0, '2020-10-04 18:39:31');

-- --------------------------------------------------------

--
-- Struktur dari tabel `tb_profil`
--

CREATE TABLE `tb_profil` (
  `idprofil` int(11) NOT NULL,
  `usrid` int(11) NOT NULL,
  `nohp` varchar(20) NOT NULL,
  `lahir` date NOT NULL,
  `nama` text NOT NULL,
  `kelamin` int(11) NOT NULL,
  `foto` text NOT NULL
) ENGINE=InnoDB DEFAULT CHARSET=latin1;

--
-- Dumping data untuk tabel `tb_profil`
--

INSERT INTO `tb_profil` (`idprofil`, `usrid`, `nohp`, `lahir`, `nama`, `kelamin`, `foto`) VALUES
(1, 1, '087161281', '1999-07-17', 'Deni Hidayatullah', 1, 'user.png');

-- --------------------------------------------------------

--
-- Struktur dari tabel `tb_prov`
--

CREATE TABLE `tb_prov` (
  `idprov` int(11) NOT NULL,
  `nama` text COLLATE utf8_bin NOT NULL,
  `rajaongkir` int(11) NOT NULL
) ENGINE=InnoDB DEFAULT CHARSET=utf8 COLLATE=utf8_bin;

--
-- Dumping data untuk tabel `tb_prov`
--

INSERT INTO `tb_prov` (`idprov`, `nama`, `rajaongkir`) VALUES
(1, 'Bali', 1),
(2, 'Bangka Belitung', 2),
(3, 'Banten', 3),
(4, 'Bengkulu', 4),
(5, 'DI Yogyakarta', 5),
(6, 'DKI Jakarta', 6),
(7, 'Gorontalo', 7),
(8, 'Jambi', 8),
(9, 'Jawa Barat', 9),
(10, 'Jawa Tengah', 10),
(11, 'Jawa Timur', 11),
(12, 'Kalimantan Barat', 12),
(13, 'Kalimantan Selatan', 13),
(14, 'Kalimantan Tengah', 14),
(15, 'Kalimantan Timur', 15),
(16, 'Kalimantan Utara', 16),
(17, 'Kepulauan Riau', 17),
(18, 'Lampung', 18),
(19, 'Maluku', 19),
(20, 'Maluku Utara', 20),
(21, 'Nanggroe Aceh Darussalam (NAD)', 21),
(22, 'Nusa Tenggara Barat (NTB)', 22),
(23, 'Nusa Tenggara Timur (NTT)', 23),
(24, 'Papua', 24),
(25, 'Papua Barat', 25),
(26, 'Riau', 26),
(27, 'Sulawesi Barat', 27),
(28, 'Sulawesi Selatan', 28),
(29, 'Sulawesi Tengah', 29),
(30, 'Sulawesi Tenggara', 30),
(31, 'Sulawesi Utara', 31),
(32, 'Sumatera Barat', 32),
(33, 'Sumatera Selatan', 33),
(34, 'Sumatera Utara', 34);

-- --------------------------------------------------------

--
-- Struktur dari tabel `tb_rekeningbank`
--

CREATE TABLE `tb_rekeningbank` (
  `idrekeningbank` int(11) NOT NULL,
  `nama` text NOT NULL,
  `logo` text NOT NULL,
  `kodebank` varchar(100) NOT NULL
) ENGINE=InnoDB DEFAULT CHARSET=latin1;

--
-- Dumping data untuk tabel `tb_rekeningbank`
--

INSERT INTO `tb_rekeningbank` (`idrekeningbank`, `nama`, `logo`, `kodebank`) VALUES
(1, 'Bank BCA', 'Bank_BCA.png', '14'),
(2, 'Bank Mandiri', 'Bank_Mandiri.png', '8'),
(3, 'Bank BNI', 'Bank_BNI.png', '9'),
(4, 'Bank BNI Syariah', 'Bank_BNI_Syariah.png', '427'),
(5, 'Bank BRI', 'Bank_BRI.png', '2'),
(6, 'Bank Syariah Mandiri', 'Bank_Syariah_Mandiri.png', '451'),
(7, 'Bank CIMB Niaga', 'Bank_CIMB_Niaga.png', '22'),
(8, 'Bank CIMB Niaga Syariah', 'Bank_CIMB_Niaga_Syariah.png', '22'),
(9, 'Bank Muamalat', 'Bank_Muamalat.png', '147'),
(10, 'Bank Tabungan Pensiunan Nasional (BTPN)', 'Bank_Tabungan_Pensiunan_Nasional_(BTPN).png', '213'),
(11, 'JENIUS', 'JENIUS.png', '213'),
(12, 'Bank BRI Syariah', 'Bank_BRI_Syariah.png', '422'),
(13, 'Bank Tabungan Negara (BTN)', 'Bank_Tabungan_Negara_(BTN).png', '200'),
(14, 'Permata Bank', 'Permata_Bank.png', '13'),
(15, 'Bank Danamon', 'Bank_Danamon.png', '11'),
(16, 'Bank BII Maybank', 'Bank_BII_Maybank.png', '16'),
(17, 'Bank Mega', 'Bank_Mega.png', '426'),
(18, 'Bank Sinarmas', 'Bank_Sinarmas.png', '153'),
(19, 'Bank Commonwealth', 'Bank_Commonwealth.png', '950'),
(20, 'Bank OCBC NISP', 'Bank_OCBC_NISP.png', '28'),
(21, 'Bank Bukopin', 'Bank_Bukopin.png', '441'),
(22, 'Bank BCA Syariah', 'Bank_BCA_Syariah.png', '536'),
(23, 'Bank Lippo', 'Bank_Lippo.png', '26'),
(24, 'Citibank', 'Citibank.png', '31'),
(25, 'Indosat Dompetku', 'Indosat_Dompetku.png', '789'),
(26, 'Telkomsel Tcash', 'Telkomsel_Tcash.png', '911'),
(27, 'Bank Jabar dan Banten (BJB)', 'Bank_Jabar_dan_Banten_(BJB).png', '110'),
(28, 'Bank DKI', 'Bank_DKI.png', '111'),
(29, 'BPD DIY', 'BPD_DIY.png', '112'),
(30, 'Bank Jateng', 'Bank_Jateng.png', '113'),
(31, 'Bank Jatim', 'Bank_Jatim.png', '114'),
(32, 'BPD Jambi', 'BPD_Jambi.png', '115'),
(33, 'BPD Aceh, BPD Aceh Syariah', 'BPD_Aceh,_BPD_Aceh_Syariah.png', '116'),
(34, 'Bank Sumut', 'Bank_Sumut.png', '117'),
(35, 'Bank Nagari', 'Bank_Nagari.png', '118'),
(36, 'Bank Riau', 'Bank_Riau.png', '119'),
(37, 'Bank Sumsel Babel', 'Bank_Sumsel_Babel.png', '120'),
(38, 'Bank Lampung', 'Bank_Lampung.png', '121'),
(39, 'Bank Kalsel', 'Bank_Kalsel.png', '122'),
(40, 'Bank Kalimantan Barat', 'Bank_Kalimantan_Barat.png', '123'),
(41, 'Bank Kalimantan Timur dan Utara', 'Bank_Kalimantan_Timur_dan_Utara.png', '124'),
(42, 'Bank Kalteng', 'Bank_Kalteng.png', '125'),
(43, 'Bank Sulsel dan Barat', 'Bank_Sulsel_dan_Barat.png', '126'),
(44, 'Bank Sulut Gorontalo', 'Bank_Sulut_Gorontalo.png', '127'),
(45, 'Bank NTB, NTB Syariah', 'Bank_NTB,_NTB_Syariah.png', '128'),
(46, 'BPD Bali', 'BPD_Bali.png', '129'),
(47, 'Bank NTT', 'Bank_NTT.png', '130'),
(48, 'Bank Maluku Malut', 'Bank_Maluku_Malut.png', '131'),
(49, 'Bank Papua', 'Bank_Papua.png', '132'),
(50, 'Bank Bengkulu', 'Bank_Bengkulu.png', '133'),
(51, 'Bank Sulawesi Tengah', 'Bank_Sulawesi_Tengah.png', '134'),
(52, 'Bank Sultra', 'Bank_Sultra.png', '135'),
(53, 'Bank Ekspor Indonesia', 'Bank_Ekspor_Indonesia.png', '3'),
(54, 'Bank Panin', 'Bank_Panin.png', '19'),
(55, 'Bank Arta Niaga Kencana', 'Bank_Arta_Niaga_Kencana.png', '20'),
(56, 'Bank?UOB Indonesia', 'Bank?UOB_Indonesia.png', '23'),
(57, 'American Express Bank LTD', 'American_Express_Bank_LTD.png', '30'),
(58, 'Citibank N.A', 'Citibank_N.A.png', '31'),
(59, 'JP. Morgan Chase Bank, N.A', 'JP._Morgan_Chase_Bank,_N.A.png', '32'),
(60, 'Bank of America, N.A', 'Bank_of_America,_N.A.png', '33'),
(61, 'ING Indonesia Bank', 'ING_Indonesia_Bank.png', '34'),
(62, 'Link Aja', 'Link_Aja.png', '911'),
(63, 'Bank Artha Graha Internasional', 'Bank_Artha_Graha_Internasional.png', '37'),
(64, 'Bank Credit Agricole Indosuez', 'Bank_Credit_Agricole_Indosuez.png', '39'),
(65, 'The Bangkok Bank Comp. LTD', 'The_Bangkok_Bank_Comp._LTD.png', '40'),
(66, 'The Hongkong & Shanghai B.C. (Bank HSBC)', 'The_Hongkong_&_Shanghai_B.C._(Bank_HSBC).png', '41'),
(67, 'The Bank of Tokyo Mitsubishi UFJ LTD', 'The_Bank_of_Tokyo_Mitsubishi_UFJ_LTD.png', '42'),
(68, 'Bank Sumitomo Mitsui Indonesia', 'Bank_Sumitomo_Mitsui_Indonesia.png', '45'),
(69, 'Bank DBS Indonesia', 'Bank_DBS_Indonesia.png', '46'),
(70, 'Bank Resona Perdania', 'Bank_Resona_Perdania.png', '47'),
(71, 'Bank Mizuho Indonesia', 'Bank_Mizuho_Indonesia.png', '48'),
(72, 'Standard Chartered Bank', 'Standard_Chartered_Bank.png', '50'),
(73, 'Bank ABN Amro', 'Bank_ABN_Amro.png', '52'),
(74, 'Bank Keppel Tatlee Buana', 'Bank_Keppel_Tatlee_Buana.png', '53'),
(75, 'Bank Capital Indonesia', 'Bank_Capital_Indonesia.png', '54'),
(76, 'Bank BNP Paribas Indonesia', 'Bank_BNP_Paribas_Indonesia.png', '57'),
(77, 'Bank UOB Indonesia', 'Bank_UOB_Indonesia.png', '23'),
(78, 'Korea Exchange Bank Danamon', 'Korea_Exchange_Bank_Danamon.png', '59'),
(79, 'Bank BJB Syariah', 'Bank_BJB_Syariah.png', '425'),
(80, 'Bank ANZ Indonesia', 'Bank_ANZ_Indonesia.png', '61'),
(81, 'Deutsche Bank AG.', 'Deutsche_Bank_AG..png', '67'),
(82, 'Bank Woori Indonesia', 'Bank_Woori_Indonesia.png', '68'),
(83, 'Bank OF China?', 'Bank_OF_China?.png', '69'),
(84, 'Bank Bumi Arta', 'Bank_Bumi_Arta.png', '76'),
(85, 'Bank Ekonomi', 'Bank_Ekonomi.png', '87'),
(86, 'Bank Antardaerah', 'Bank_Antardaerah.png', '88'),
(87, 'Bank Haga', 'Bank_Haga.png', '89'),
(88, 'Bank IFI', 'Bank_IFI.png', '93'),
(89, 'Bank?JTRUST', 'Bank?JTRUST.png', '95'),
(90, 'Bank Mayapada', 'Bank_Mayapada.png', '97'),
(91, 'Bank Nusantara Parahyangan', 'Bank_Nusantara_Parahyangan.png', '145'),
(92, 'Bank of India Indonesia', 'Bank_of_India_Indonesia.png', '146'),
(93, 'Bank Mestika Dharma', 'Bank_Mestika_Dharma.png', '151'),
(94, 'Bank Metro Express (Bank Shinhan Indonesia)', 'Bank_Metro_Express_(Bank_Shinhan_Indonesia).png', '152'),
(95, 'Bank Maspion Indonesia', 'Bank_Maspion_Indonesia.png', '157'),
(96, 'Bank Hagakita', 'Bank_Hagakita.png', '159'),
(97, 'Bank Ganesha', 'Bank_Ganesha.png', '161'),
(98, 'Bank Windu Kentjana', 'Bank_Windu_Kentjana.png', '162'),
(99, 'Halim Indonesia Bank (Bank ICBC Indonesia)', 'Halim_Indonesia_Bank_(Bank_ICBC_Indonesia).png', '164'),
(100, 'Bank Harmoni International', 'Bank_Harmoni_International.png', '166'),
(101, 'Bank QNB Kesawan (Bank QNB Indonesia)', 'Bank_QNB_Kesawan_(Bank_QNB_Indonesia).png', '167'),
(102, 'Bank Himpunan Saudara 1906', 'Bank_Himpunan_Saudara_1906.png', '212'),
(103, 'Bank Swaguna', 'Bank_Swaguna.png', '405'),
(104, 'Bank Jasa Jakarta', 'Bank_Jasa_Jakarta.png', '427'),
(105, 'Bank Bisnis Internasional', 'Bank_Bisnis_Internasional.png', '459'),
(106, 'Bank Sri Partha', 'Bank_Sri_Partha.png', '466'),
(107, 'Bank Jasa Jakarta', 'Bank_Jasa_Jakarta.png', '472'),
(108, 'Bank Bintang Manunggal', 'Bank_Bintang_Manunggal.png', '484'),
(109, 'Bank MNC / Bank Bumiputera', 'Bank_MNC_/_Bank_Bumiputera.png', '485'),
(110, 'Bank Yudha Bhakti', 'Bank_Yudha_Bhakti.png', '490'),
(111, 'Bank?BRI Agro', 'Bank?BRI_Agro.png', '494'),
(112, 'Bank Indomonex (Bank SBI Indonesia)', 'Bank_Indomonex_(Bank_SBI_Indonesia).png', '498'),
(113, 'Bank Royal Indonesia', 'Bank_Royal_Indonesia.png', '501'),
(114, 'Bank Alfindo (Bank National Nobu)', 'Bank_Alfindo_(Bank_National_Nobu).png', '503'),
(115, 'Bank Syariah Mega', 'Bank_Syariah_Mega.png', '506'),
(116, 'Bank Ina Perdana', 'Bank_Ina_Perdana.png', '513'),
(117, 'Bank Harfa', 'Bank_Harfa.png', '517'),
(118, 'Prima Master Bank', 'Prima_Master_Bank.png', '520'),
(119, 'Bank Persyarikatan Indonesia', 'Bank_Persyarikatan_Indonesia.png', '521'),
(120, 'Bank Akita', 'Bank_Akita.png', '525'),
(121, 'Liman International Bank', 'Liman_International_Bank.png', '526'),
(122, 'Anglomas Internasional Bank', 'Anglomas_Internasional_Bank.png', '531'),
(123, 'Bank Dipo International (Bank Sahabat Sampoerna)', 'Bank_Dipo_International_(Bank_Sahabat_Sampoerna).png', '523'),
(124, 'Bank Kesejahteraan Ekonomi', 'Bank_Kesejahteraan_Ekonomi.png', '535'),
(125, 'Bank Artos IND', 'Bank_Artos_IND.png', '542'),
(126, 'Bank Purba Danarta', 'Bank_Purba_Danarta.png', '547'),
(127, 'Bank Multi Arta Sentosa', 'Bank_Multi_Arta_Sentosa.png', '548'),
(128, 'Bank Mayora Indonesia', 'Bank_Mayora_Indonesia.png', '553'),
(129, 'Bank Index Selindo', 'Bank_Index_Selindo.png', '555'),
(130, 'Centratama Nasional Bank', 'Centratama_Nasional_Bank.png', '559'),
(131, 'Bank Victoria International', 'Bank_Victoria_International.png', '566'),
(132, 'Bank Fama Internasional', 'Bank_Fama_Internasional.png', '562'),
(133, 'Bank?Mandiri Taspen Pos', 'Bank?Mandiri_Taspen_Pos.png', '564'),
(134, 'Bank Harda', 'Bank_Harda.png', '567'),
(135, 'BPR KS', 'BPR_KS.png', '688'),
(136, 'Bank?Agris', 'Bank?Agris.png', '945'),
(137, 'Bank Merincorp', 'Bank_Merincorp.png', '946'),
(138, 'Bank Maybank Indocorp', 'Bank_Maybank_Indocorp.png', '947'),
(139, 'Bank OCBC ? Indonesia', 'Bank_OCBC_?_Indonesia.png', '948'),
(140, 'Bank CTBC (China Trust) Indonesia', 'Bank_CTBC_(China_Trust)_Indonesia.png', '949');

-- --------------------------------------------------------

--
-- Struktur dari tabel `tb_review`
--

CREATE TABLE `tb_review` (
  `idriview` int(11) NOT NULL,
  `usrid` int(11) NOT NULL,
  `idtransaksi` int(11) NOT NULL,
  `idproduk` int(11) NOT NULL,
  `nilai` int(11) NOT NULL,
  `tgl` datetime NOT NULL,
  `keterangan` text NOT NULL
) ENGINE=InnoDB DEFAULT CHARSET=latin1;

--
-- Dumping data untuk tabel `tb_review`
--

INSERT INTO `tb_review` (`idriview`, `usrid`, `idtransaksi`, `idproduk`, `nilai`, `tgl`, `keterangan`) VALUES
(1, 56, 42, 7, 5, '2020-09-12 11:03:28', 'test'),
(2, 42, 27, 7, 5, '2020-09-15 12:33:41', 'mantap gan'),
(3, 114, 114, 11, 5, '2020-09-17 19:03:00', 'Mantul'),
(4, 129, 134, 6, 5, '2020-09-18 20:33:29', ''),
(5, 176, 160, 26, 5, '2020-09-22 22:45:05', ''),
(6, 2, 175, 27, 5, '2020-09-25 19:23:12', 'Tc'),
(7, 201, 193, 27, 5, '2020-09-29 14:51:23', ''),
(8, 205, 196, 27, 3, '2020-09-29 22:05:23', 'Ajib gile'),
(9, 1, 5, 6, 5, '2020-10-13 23:12:48', 'mantab ini masbro semoga lancar selalu usahanya'),
(10, 1, 189, 3, 5, '2020-10-13 23:13:42', 'juara lah luar biasa mas, terima kasih hehehe'),
(11, 1, 8, 2, 5, '2020-10-13 23:17:13', 'mantul mas, saya pasti akan beli lagi ini semoga awet');

-- --------------------------------------------------------

--
-- Struktur dari tabel `tb_sessdrive`
--

CREATE TABLE `tb_sessdrive` (
  `idssdrive` varchar(128) NOT NULL,
  `ip_address` varchar(45) NOT NULL,
  `timestamp` int(10) NOT NULL DEFAULT '0',
  `data` blob NOT NULL
) ENGINE=InnoDB DEFAULT CHARSET=latin1;

-- --------------------------------------------------------

--
-- Struktur dari tabel `tb_setting`
--

CREATE TABLE `tb_setting` (
  `id_setting` int(11) NOT NULL,
  `tgl` datetime NOT NULL,
  `field` text COLLATE utf8_bin NOT NULL,
  `value` text COLLATE utf8_bin NOT NULL
) ENGINE=InnoDB DEFAULT CHARSET=utf8 COLLATE=utf8_bin;

--
-- Dumping data untuk tabel `tb_setting`
--

INSERT INTO `tb_setting` (`id_setting`, `tgl`, `field`, `value`) VALUES
(1, '2019-09-29 00:00:00', 'kota', '119'),
(2, '2020-10-14 20:43:16', 'kurir', '1|4|5|7|8|9|10|11|12|2|3|6'),
(3, '2019-09-29 00:00:00', 'nama', 'Produk Desa'),
(4, '2019-10-16 00:00:00', 'slogan', 'Simple Original Elegant'),
(5, '2019-10-18 00:00:00', 'notelp', '(0271) 123123'),
(6, '2019-10-21 00:00:00', 'wasap', '085691257411'),
(7, '2019-10-21 00:00:00', 'lineid', '@bikinonline'),
(8, '2019-10-21 00:00:00', 'email', 'afdkstore@gmail.com'),
(9, '2019-10-21 00:00:00', 'alamat', 'Jalan Raya bukan jalan desa no 1 diduniaaa'),
(10, '2019-10-21 00:00:00', 'instagram', 'https://instagram.com/bikinonline'),
(11, '2019-10-21 00:00:00', 'facebook', 'https://fb.me/bikinonline'),
(12, '2020-10-13 22:42:38', 'logo', 'Lambang_Bondowoso.png'),
(13, '2020-10-13 22:42:40', 'favicon', 'Lambang_Bondowoso.png'),
(14, '2020-07-18 16:02:20', 'email_notif', 'no-reply@bikin.online'),
(15, '2020-07-03 00:05:12', 'email_jenis', '2'),
(16, '2020-07-19 00:05:12', 'email_server', 'mail.bikin.online'),
(17, '2020-07-19 00:12:35', 'email_port', '587'),
(18, '2020-07-19 00:15:19', 'email_password', ''),
(19, '2020-07-19 00:30:35', 'ipaymu', '8Kegkk7UuQBdolYDke1wP8sS02rZi.'),
(20, '2020-07-19 00:30:35', 'rajaongkir', '1cb6ca038ddb281f174dbc4264474df0'),
(21, '2020-07-19 00:47:47', 'biaya_cod', '2000'),
(22, '2020-07-28 21:37:51', 'fb_pixel', '3252545838160359'),
(23, '2020-08-13 13:39:23', 'woowa', ''),
(24, '2020-08-16 22:20:54', 'color1', '#34495e'),
(25, '2020-08-16 22:20:54', 'color2', '#2ecc71'),
(26, '2020-08-16 22:27:09', 'color1rgba', '52, 73, 94'),
(27, '2020-08-16 22:27:09', 'color2rgba', '46, 204, 113'),
(28, '2020-08-17 00:21:58', 'biaya_kurir', '2000'),
(29, '2020-08-17 01:41:48', 'midtrans_server', 'SB-Mid-server-en3N9vKOkEUhFmnC0-hBj5pU'),
(30, '2020-08-17 01:41:48', 'midtrans_client', 'SB-Mid-client-99V_V0f0_PR2Q7Bn'),
(31, '2020-08-17 02:12:48', 'midtrans_snap', 'https://app.sandbox.midtrans.com/snap/snap.js'),
(32, '2020-08-19 23:16:19', 'notif_booster', '1'),
(33, '2020-08-19 23:16:19', 'payment_transfer', '1'),
(34, '2020-08-19 23:24:11', 'payment_ipaymu', '1'),
(35, '2020-08-19 23:24:11', 'payment_midtrans', '1'),
(36, '2020-08-24 23:24:28', 'jamkerja', 'Senin - Jumat<br/>09.00  17.00 WIB (Hari Kerja)'),
(37, '2020-08-28 14:21:07', 'ipaymu_url', 'https://my.ipaymu.com/payment'),
(38, '2020-10-04 23:10:54', 'payment_biaya', '3'),
(39, '2020-10-04 23:10:54', 'payment_biayamax', '10000'),
(40, '2020-10-04 23:12:11', 'payment_biayamin', '3000'),
(41, '2020-10-07 21:33:25', 'login_otp', '0'),
(42, '2020-10-13 22:44:21', 'api_wasap', 'wablas'),
(43, '2020-10-13 22:44:21', 'wablas', ''),
(44, '2020-10-13 22:46:06', 'wablas_server', 'https://ampel.wablas.com');

-- --------------------------------------------------------

--
-- Struktur dari tabel `tb_statuspesanan`
--

CREATE TABLE `tb_statuspesanan` (
  `idstatuspesanan` bigint(20) NOT NULL,
  `pengiriman` bigint(20) NOT NULL,
  `tgl` datetime NOT NULL,
  `idstatus` int(11) NOT NULL,
  `updater` int(11) NOT NULL COMMENT '0=admin,1=user,2=penjual',
  `keterangan` text NOT NULL
) ENGINE=InnoDB DEFAULT CHARSET=latin1;

-- --------------------------------------------------------

--
-- Struktur dari tabel `tb_token`
--

CREATE TABLE `tb_token` (
  `idtoken` int(11) NOT NULL,
  `tgl` datetime NOT NULL,
  `usrid` int(11) NOT NULL,
  `token` text NOT NULL,
  `last_access` datetime NOT NULL,
  `status` int(11) NOT NULL
) ENGINE=MyISAM DEFAULT CHARSET=latin1;

-- --------------------------------------------------------

--
-- Struktur dari tabel `tb_transaksi`
--

CREATE TABLE `tb_transaksi` (
  `idtransaksi` int(11) NOT NULL,
  `orderid` varchar(300) NOT NULL,
  `tgl` datetime NOT NULL,
  `kadaluarsa` datetime NOT NULL,
  `usrid` int(11) NOT NULL,
  `dropship` varchar(200) NOT NULL,
  `dropshipnomer` varchar(100) NOT NULL,
  `dropshipalamat` text NOT NULL,
  `alamat` int(11) NOT NULL,
  `dp` int(11) NOT NULL,
  `berat` int(11) NOT NULL,
  `ongkir` int(11) NOT NULL,
  `kurir` varchar(100) NOT NULL,
  `paket` varchar(100) NOT NULL,
  `dari` int(11) NOT NULL,
  `tujuan` int(11) NOT NULL,
  `resi` varchar(200) NOT NULL,
  `kirim` datetime NOT NULL,
  `status` int(11) NOT NULL COMMENT '0=blmbayar,1=dikemas,2=dikirim,3=diterima,4=tolak',
  `idbayar` int(11) NOT NULL,
  `selesai` datetime NOT NULL,
  `ajukanbatal` int(11) NOT NULL,
  `keterangan` text NOT NULL
) ENGINE=InnoDB DEFAULT CHARSET=latin1;

--
-- Dumping data untuk tabel `tb_transaksi`
--

INSERT INTO `tb_transaksi` (`idtransaksi`, `orderid`, `tgl`, `kadaluarsa`, `usrid`, `dropship`, `dropshipnomer`, `dropshipalamat`, `alamat`, `dp`, `berat`, `ongkir`, `kurir`, `paket`, `dari`, `tujuan`, `resi`, `kirim`, `status`, `idbayar`, `selesai`, `ajukanbatal`, `keterangan`) VALUES
(1, 'TRX20201103211234', '2020-11-03 21:12:34', '2020-11-05 21:12:34', 1, '', '', '', 4, 0, 250, 2000, 'cod', 'cod', 119, 1832, '12', '2020-11-03 21:13:14', 3, 246, '2020-11-03 21:13:14', 0, '');

-- --------------------------------------------------------

--
-- Struktur dari tabel `tb_transaksiproduk`
--

CREATE TABLE `tb_transaksiproduk` (
  `idtransaksiproduk` bigint(11) NOT NULL,
  `usrid` bigint(11) NOT NULL,
  `variasi` int(11) NOT NULL,
  `idproduk` bigint(20) NOT NULL,
  `tgl` datetime NOT NULL,
  `jumlah` int(11) NOT NULL,
  `harga` bigint(20) NOT NULL,
  `diskon` int(11) NOT NULL,
  `keterangan` text NOT NULL,
  `idtransaksi` int(11) NOT NULL,
  `idpo` int(11) NOT NULL
) ENGINE=InnoDB DEFAULT CHARSET=latin1;

--
-- Dumping data untuk tabel `tb_transaksiproduk`
--

INSERT INTO `tb_transaksiproduk` (`idtransaksiproduk`, `usrid`, `variasi`, `idproduk`, `tgl`, `jumlah`, `harga`, `diskon`, `keterangan`, `idtransaksi`, `idpo`) VALUES
(1, 1, 0, 27, '2020-11-03 21:12:07', 1, 140000, 0, '', 1, 0);

-- --------------------------------------------------------

--
-- Struktur dari tabel `tb_userdata`
--

CREATE TABLE `tb_userdata` (
  `usrid` int(11) NOT NULL,
  `status` int(11) NOT NULL,
  `username` varchar(100) NOT NULL,
  `nohp` varchar(200) NOT NULL,
  `password` text NOT NULL,
  `nama` varchar(200) NOT NULL,
  `tgl` datetime NOT NULL,
  `level` int(11) NOT NULL COMMENT '1=normal,2=reseller,3=agen'
) ENGINE=InnoDB DEFAULT CHARSET=latin1;

--
-- Dumping data untuk tabel `tb_userdata`
--

INSERT INTO `tb_userdata` (`usrid`, `status`, `username`, `nohp`, `password`, `nama`, `tgl`, `level`) VALUES
(1, 1, 'denih1360@gmail.com', '087161281', 'df574d6fd65574ef5a4bed1a3dfc6346a038d2f967b8991a6231896228b36724419bb3d26d601648613f0045f75474bf1bf84a33381d8d4915224ebe549939327pzd3zL41qK19XTfHMKcDOomHucfbEGN6+ZR9JY7XSE=', 'Deni Hidayatullah', '2020-11-04 09:55:30', 1);

-- --------------------------------------------------------

--
-- Struktur dari tabel `tb_variasisize`
--

CREATE TABLE `tb_variasisize` (
  `idvariasisize` int(11) NOT NULL,
  `tgl` datetime NOT NULL,
  `usrid` int(11) NOT NULL,
  `nama` text COLLATE utf8_bin NOT NULL
) ENGINE=InnoDB DEFAULT CHARSET=utf8 COLLATE=utf8_bin;

--
-- Dumping data untuk tabel `tb_variasisize`
--

INSERT INTO `tb_variasisize` (`idvariasisize`, `tgl`, `usrid`, `nama`) VALUES
(1, '2020-09-04 01:47:24', 1, 'S'),
(2, '2020-09-04 01:47:30', 1, 'M'),
(3, '2020-09-04 01:47:35', 1, 'L'),
(4, '2020-09-04 01:47:41', 1, 'XL'),
(5, '2020-09-04 01:47:47', 1, 'XXL'),
(6, '2020-09-04 01:47:53', 1, 'XXXL'),
(10, '2020-09-23 21:10:12', 6, 'ons');

-- --------------------------------------------------------

--
-- Struktur dari tabel `tb_variasiwarna`
--

CREATE TABLE `tb_variasiwarna` (
  `idvariasiwarna` int(11) NOT NULL,
  `tgl` datetime NOT NULL,
  `usrid` int(11) NOT NULL,
  `nama` text COLLATE utf8_bin NOT NULL
) ENGINE=InnoDB DEFAULT CHARSET=utf8 COLLATE=utf8_bin;

--
-- Dumping data untuk tabel `tb_variasiwarna`
--

INSERT INTO `tb_variasiwarna` (`idvariasiwarna`, `tgl`, `usrid`, `nama`) VALUES
(1, '2020-09-04 01:46:13', 1, 'Rolex'),
(2, '2020-09-04 01:46:29', 1, 'Seiko'),
(3, '2020-09-04 01:46:36', 1, 'Adidas'),
(5, '2020-09-08 16:13:40', 1, 'Kuning'),
(6, '2020-09-08 16:13:46', 1, 'Hijau'),
(7, '2020-09-08 16:13:50', 1, 'Biru'),
(8, '2020-09-08 16:13:58', 1, 'Abu-abu'),
(9, '2020-09-08 16:14:06', 1, 'Orange'),
(10, '2020-09-08 16:14:21', 1, 'Maroon'),
(11, '2020-09-08 16:14:32', 1, 'Biru Muda'),
(15, '2020-09-21 18:38:10', 6, 'TKIT'),
(16, '2020-09-21 18:38:17', 6, 'SDIT'),
(17, '2020-09-21 18:38:23', 6, 'SMPIT'),
(18, '2020-09-21 18:38:28', 6, 'SMAIT'),
(19, '2020-09-23 21:10:03', 6, 'berat');

-- --------------------------------------------------------

--
-- Struktur dari tabel `tb_wasap`
--

CREATE TABLE `tb_wasap` (
  `idwasap` int(11) NOT NULL,
  `nama` text NOT NULL,
  `wasap` varchar(30) NOT NULL,
  `tgl` time NOT NULL
) ENGINE=MyISAM DEFAULT CHARSET=latin1;

--
-- Dumping data untuk tabel `tb_wasap`
--

INSERT INTO `tb_wasap` (`idwasap`, `nama`, `wasap`, `tgl`) VALUES
(2, 'Masbil', '081222687419', '00:00:00'),
(3, 'Atea', '089657458383', '00:00:00');

--
-- Indexes for dumped tables
--

--
-- Indeks untuk tabel `tb_admin`
--
ALTER TABLE `tb_admin`
  ADD PRIMARY KEY (`id`);

--
-- Indeks untuk tabel `tb_alamat`
--
ALTER TABLE `tb_alamat`
  ADD PRIMARY KEY (`idalamat`);

--
-- Indeks untuk tabel `tb_historyongkir`
--
ALTER TABLE `tb_historyongkir`
  ADD PRIMARY KEY (`idhistoryongkir`);

--
-- Indeks untuk tabel `tb_historystok`
--
ALTER TABLE `tb_historystok`
  ADD PRIMARY KEY (`idhistorystok`);

--
-- Indeks untuk tabel `tb_historyviews`
--
ALTER TABLE `tb_historyviews`
  ADD PRIMARY KEY (`idhistoryviews`);

--
-- Indeks untuk tabel `tb_kab`
--
ALTER TABLE `tb_kab`
  ADD PRIMARY KEY (`idkab`);

--
-- Indeks untuk tabel `tb_kategori`
--
ALTER TABLE `tb_kategori`
  ADD PRIMARY KEY (`idkategori`);

--
-- Indeks untuk tabel `tb_kec`
--
ALTER TABLE `tb_kec`
  ADD PRIMARY KEY (`idkec`);

--
-- Indeks untuk tabel `tb_konfirmasi`
--
ALTER TABLE `tb_konfirmasi`
  ADD PRIMARY KEY (`idkonfirmasi`);

--
-- Indeks untuk tabel `tb_kurir`
--
ALTER TABLE `tb_kurir`
  ADD PRIMARY KEY (`idkurir`);

--
-- Indeks untuk tabel `tb_mutasi`
--
ALTER TABLE `tb_mutasi`
  ADD PRIMARY KEY (`idmutasi`);

--
-- Indeks untuk tabel `tb_notifikasi`
--
ALTER TABLE `tb_notifikasi`
  ADD PRIMARY KEY (`idnotifikasi`);

--
-- Indeks untuk tabel `tb_otpdaftar`
--
ALTER TABLE `tb_otpdaftar`
  ADD PRIMARY KEY (`idotpdaftar`);

--
-- Indeks untuk tabel `tb_otplogin`
--
ALTER TABLE `tb_otplogin`
  ADD PRIMARY KEY (`idotplogin`);

--
-- Indeks untuk tabel `tb_paket`
--
ALTER TABLE `tb_paket`
  ADD PRIMARY KEY (`idpaket`);

--
-- Indeks untuk tabel `tb_pembayaran`
--
ALTER TABLE `tb_pembayaran`
  ADD PRIMARY KEY (`idpembayaran`);

--
-- Indeks untuk tabel `tb_pesan`
--
ALTER TABLE `tb_pesan`
  ADD PRIMARY KEY (`idpesan`);

--
-- Indeks untuk tabel `tb_preorder`
--
ALTER TABLE `tb_preorder`
  ADD PRIMARY KEY (`idpreorder`);

--
-- Indeks untuk tabel `tb_produk`
--
ALTER TABLE `tb_produk`
  ADD PRIMARY KEY (`idproduk`);

--
-- Indeks untuk tabel `tb_produkvariasi`
--
ALTER TABLE `tb_produkvariasi`
  ADD PRIMARY KEY (`idvariasi`);

--
-- Indeks untuk tabel `tb_profil`
--
ALTER TABLE `tb_profil`
  ADD PRIMARY KEY (`idprofil`);

--
-- Indeks untuk tabel `tb_prov`
--
ALTER TABLE `tb_prov`
  ADD PRIMARY KEY (`idprov`);

--
-- Indeks untuk tabel `tb_rekeningbank`
--
ALTER TABLE `tb_rekeningbank`
  ADD PRIMARY KEY (`idrekeningbank`);

--
-- Indeks untuk tabel `tb_review`
--
ALTER TABLE `tb_review`
  ADD PRIMARY KEY (`idriview`);

--
-- Indeks untuk tabel `tb_sessdrive`
--
ALTER TABLE `tb_sessdrive`
  ADD PRIMARY KEY (`timestamp`);

--
-- Indeks untuk tabel `tb_setting`
--
ALTER TABLE `tb_setting`
  ADD PRIMARY KEY (`id_setting`);

--
-- Indeks untuk tabel `tb_statuspesanan`
--
ALTER TABLE `tb_statuspesanan`
  ADD PRIMARY KEY (`idstatuspesanan`);

--
-- Indeks untuk tabel `tb_token`
--
ALTER TABLE `tb_token`
  ADD PRIMARY KEY (`idtoken`);

--
-- Indeks untuk tabel `tb_transaksi`
--
ALTER TABLE `tb_transaksi`
  ADD PRIMARY KEY (`idtransaksi`),
  ADD UNIQUE KEY `orderid` (`orderid`);

--
-- Indeks untuk tabel `tb_transaksiproduk`
--
ALTER TABLE `tb_transaksiproduk`
  ADD PRIMARY KEY (`idtransaksiproduk`);

--
-- Indeks untuk tabel `tb_userdata`
--
ALTER TABLE `tb_userdata`
  ADD PRIMARY KEY (`usrid`);

--
-- Indeks untuk tabel `tb_variasisize`
--
ALTER TABLE `tb_variasisize`
  ADD PRIMARY KEY (`idvariasisize`);

--
-- Indeks untuk tabel `tb_variasiwarna`
--
ALTER TABLE `tb_variasiwarna`
  ADD PRIMARY KEY (`idvariasiwarna`);

--
-- Indeks untuk tabel `tb_wasap`
--
ALTER TABLE `tb_wasap`
  ADD PRIMARY KEY (`idwasap`);

--
-- AUTO_INCREMENT untuk tabel yang dibuang
--

--
-- AUTO_INCREMENT untuk tabel `tb_admin`
--
ALTER TABLE `tb_admin`
  MODIFY `id` int(11) NOT NULL AUTO_INCREMENT, AUTO_INCREMENT=3;

--
-- AUTO_INCREMENT untuk tabel `tb_alamat`
--
ALTER TABLE `tb_alamat`
  MODIFY `idalamat` int(11) NOT NULL AUTO_INCREMENT;

--
-- AUTO_INCREMENT untuk tabel `tb_historyongkir`
--
ALTER TABLE `tb_historyongkir`
  MODIFY `idhistoryongkir` int(11) NOT NULL AUTO_INCREMENT;

--
-- AUTO_INCREMENT untuk tabel `tb_historystok`
--
ALTER TABLE `tb_historystok`
  MODIFY `idhistorystok` int(11) NOT NULL AUTO_INCREMENT, AUTO_INCREMENT=352;

--
-- AUTO_INCREMENT untuk tabel `tb_historyviews`
--
ALTER TABLE `tb_historyviews`
  MODIFY `idhistoryviews` int(11) NOT NULL AUTO_INCREMENT;

--
-- AUTO_INCREMENT untuk tabel `tb_kab`
--
ALTER TABLE `tb_kab`
  MODIFY `idkab` int(11) NOT NULL AUTO_INCREMENT, AUTO_INCREMENT=502;

--
-- AUTO_INCREMENT untuk tabel `tb_kategori`
--
ALTER TABLE `tb_kategori`
  MODIFY `idkategori` int(11) NOT NULL AUTO_INCREMENT, AUTO_INCREMENT=9;

--
-- AUTO_INCREMENT untuk tabel `tb_kec`
--
ALTER TABLE `tb_kec`
  MODIFY `idkec` int(11) NOT NULL AUTO_INCREMENT, AUTO_INCREMENT=6995;

--
-- AUTO_INCREMENT untuk tabel `tb_konfirmasi`
--
ALTER TABLE `tb_konfirmasi`
  MODIFY `idkonfirmasi` int(11) NOT NULL AUTO_INCREMENT, AUTO_INCREMENT=2;

--
-- AUTO_INCREMENT untuk tabel `tb_kurir`
--
ALTER TABLE `tb_kurir`
  MODIFY `idkurir` int(11) NOT NULL AUTO_INCREMENT, AUTO_INCREMENT=13;

--
-- AUTO_INCREMENT untuk tabel `tb_mutasi`
--
ALTER TABLE `tb_mutasi`
  MODIFY `idmutasi` int(11) NOT NULL AUTO_INCREMENT;

--
-- AUTO_INCREMENT untuk tabel `tb_notifikasi`
--
ALTER TABLE `tb_notifikasi`
  MODIFY `idnotifikasi` bigint(20) NOT NULL AUTO_INCREMENT;

--
-- AUTO_INCREMENT untuk tabel `tb_otpdaftar`
--
ALTER TABLE `tb_otpdaftar`
  MODIFY `idotpdaftar` bigint(20) NOT NULL AUTO_INCREMENT, AUTO_INCREMENT=11;

--
-- AUTO_INCREMENT untuk tabel `tb_otplogin`
--
ALTER TABLE `tb_otplogin`
  MODIFY `idotplogin` bigint(20) NOT NULL AUTO_INCREMENT, AUTO_INCREMENT=2;

--
-- AUTO_INCREMENT untuk tabel `tb_paket`
--
ALTER TABLE `tb_paket`
  MODIFY `idpaket` int(11) NOT NULL AUTO_INCREMENT, AUTO_INCREMENT=24;

--
-- AUTO_INCREMENT untuk tabel `tb_pembayaran`
--
ALTER TABLE `tb_pembayaran`
  MODIFY `idpembayaran` bigint(20) NOT NULL AUTO_INCREMENT, AUTO_INCREMENT=247;

--
-- AUTO_INCREMENT untuk tabel `tb_pesan`
--
ALTER TABLE `tb_pesan`
  MODIFY `idpesan` int(11) NOT NULL AUTO_INCREMENT, AUTO_INCREMENT=3;

--
-- AUTO_INCREMENT untuk tabel `tb_preorder`
--
ALTER TABLE `tb_preorder`
  MODIFY `idpreorder` int(11) NOT NULL AUTO_INCREMENT;

--
-- AUTO_INCREMENT untuk tabel `tb_produk`
--
ALTER TABLE `tb_produk`
  MODIFY `idproduk` int(11) NOT NULL AUTO_INCREMENT, AUTO_INCREMENT=33;

--
-- AUTO_INCREMENT untuk tabel `tb_produkvariasi`
--
ALTER TABLE `tb_produkvariasi`
  MODIFY `idvariasi` int(11) NOT NULL AUTO_INCREMENT, AUTO_INCREMENT=43;

--
-- AUTO_INCREMENT untuk tabel `tb_profil`
--
ALTER TABLE `tb_profil`
  MODIFY `idprofil` int(11) NOT NULL AUTO_INCREMENT, AUTO_INCREMENT=2;

--
-- AUTO_INCREMENT untuk tabel `tb_prov`
--
ALTER TABLE `tb_prov`
  MODIFY `idprov` int(11) NOT NULL AUTO_INCREMENT, AUTO_INCREMENT=35;

--
-- AUTO_INCREMENT untuk tabel `tb_rekeningbank`
--
ALTER TABLE `tb_rekeningbank`
  MODIFY `idrekeningbank` int(11) NOT NULL AUTO_INCREMENT, AUTO_INCREMENT=141;

--
-- AUTO_INCREMENT untuk tabel `tb_review`
--
ALTER TABLE `tb_review`
  MODIFY `idriview` int(11) NOT NULL AUTO_INCREMENT, AUTO_INCREMENT=12;

--
-- AUTO_INCREMENT untuk tabel `tb_setting`
--
ALTER TABLE `tb_setting`
  MODIFY `id_setting` int(11) NOT NULL AUTO_INCREMENT, AUTO_INCREMENT=45;

--
-- AUTO_INCREMENT untuk tabel `tb_statuspesanan`
--
ALTER TABLE `tb_statuspesanan`
  MODIFY `idstatuspesanan` bigint(20) NOT NULL AUTO_INCREMENT;

--
-- AUTO_INCREMENT untuk tabel `tb_token`
--
ALTER TABLE `tb_token`
  MODIFY `idtoken` int(11) NOT NULL AUTO_INCREMENT, AUTO_INCREMENT=766;

--
-- AUTO_INCREMENT untuk tabel `tb_transaksi`
--
ALTER TABLE `tb_transaksi`
  MODIFY `idtransaksi` int(11) NOT NULL AUTO_INCREMENT, AUTO_INCREMENT=2;

--
-- AUTO_INCREMENT untuk tabel `tb_transaksiproduk`
--
ALTER TABLE `tb_transaksiproduk`
  MODIFY `idtransaksiproduk` bigint(11) NOT NULL AUTO_INCREMENT, AUTO_INCREMENT=2;

--
-- AUTO_INCREMENT untuk tabel `tb_userdata`
--
ALTER TABLE `tb_userdata`
  MODIFY `usrid` int(11) NOT NULL AUTO_INCREMENT, AUTO_INCREMENT=2;

--
-- AUTO_INCREMENT untuk tabel `tb_variasisize`
--
ALTER TABLE `tb_variasisize`
  MODIFY `idvariasisize` int(11) NOT NULL AUTO_INCREMENT, AUTO_INCREMENT=11;

--
-- AUTO_INCREMENT untuk tabel `tb_variasiwarna`
--
ALTER TABLE `tb_variasiwarna`
  MODIFY `idvariasiwarna` int(11) NOT NULL AUTO_INCREMENT, AUTO_INCREMENT=20;

--
-- AUTO_INCREMENT untuk tabel `tb_wasap`
--
ALTER TABLE `tb_wasap`
  MODIFY `idwasap` int(11) NOT NULL AUTO_INCREMENT, AUTO_INCREMENT=4;
COMMIT;

/*!40101 SET CHARACTER_SET_CLIENT=@OLD_CHARACTER_SET_CLIENT */;
/*!40101 SET CHARACTER_SET_RESULTS=@OLD_CHARACTER_SET_RESULTS */;
/*!40101 SET COLLATION_CONNECTION=@OLD_COLLATION_CONNECTION */;
